"url","user","data","ulasan","tanggapan","histori"
"https://play-lh.googleusercontent.com/a-/ALV-UjXbLAGe60PPsYzgjrHWaEvo3UnnG8rS_9gWJFQLnGpuM4BothM=s32-rw","M.FAATHIR JANNUAR","25 Desember 2025","Kasih tim yg bener lah, masa 10 game ga pernah dapat tim yg bagus, trus kalau ada yg mainnya kayak bot habisin aja kredit score nya biar ga bisa main rank, patch baru yg pilih lane juga kayak ga efektif, masa harus main party terus sih. Terus bagian draft pick nya juga dari season kemarin belum dibagusin, tetep aja lelet kayak frame nya tinggi banget. Tolong untuk pihak moonton diperbaiki lagi gamenya🙏🙏🙏","4.004 orang merasa ulasan ini berguna",""
"https://play-lh.googleusercontent.com/a/ACg8ocL2DVHiofrEAlb6bTsnv1_RioSxeY9EeBPvaOaZt3o9d22bVg=s32-rw-mo","dirgartg 55","25 Desember 2025","game nya bagus banyak skin gratis udah oke si tapi ada kekurangan:1:masa jaringan hp bagus tapi di game ngelag parah sampai merah lagi ujung ujung nya tinggal level,gold 2:bug nya banyak banget terkadang pas main keluar tiba tiba,suaranya tiba tiba kaya suara on mic dll 3:apalah darksystem hapus aja masa mau mythic tiba tiba turun samapai epic/legend5 kan gak enak tapi makasih uda ngasih banyak skin gratis semoga di baca dan di perbaiki ☺️","208 orang merasa ulasan ini berguna",""
"https://play-lh.googleusercontent.com/a-/ALV-UjUDx_D5vbTDKGp6_UVfJ-1RImh7cT_xYyUGb0jjUHWFfzguCeFI=s32-rw","Monkey d Luffy","25 Desember 2025","tim tidak seimbang, di cek profil semua di bawah jumlah pertandingan yang sama dengan lawan, atau bahkan lawannya malah yang makai akun kecil. bikin lah deteksi koneksi akun di perangkat, biar liat jumlah pertandingan terbanyaknya berapa, kalo dia make akun kecil samain lah tuh sama jumlah pertandingan terbanyak di akun yg ada di perangkatnya.","550 orang merasa ulasan ini berguna",""
"https://play-lh.googleusercontent.com/a/ACg8ocIl1a_UI2p5uEMPXJpmEOn0qMK8vkZdo-CiQFoeD4-i-atYRQ=s32-rw-mo","Muhammad Al Fatih","25 Desember 2025","game paling edan, walaupun banyak even, tp pelit soal jaringan, baru isi kuota 15Gb 1 jam yg lalu bisa bisanya nge lag parah, padahl tidak sedang di hutan atau di tempat yg susah jaringan buat masuk, masih nge lag, percuma game ini banyak event colab bagus tp jaringan masih nge lag. sementara saya kasih bintang 3 dulu.","179 orang merasa ulasan ini berguna",""
"https://play-lh.googleusercontent.com/a/ACg8ocIS4MjFqVIx18FyuWA7BpRIC_1zlqUJcV_loQdk2dqoKWglsQ=s32-rw-mo","Cory NurCahyani","22 Desember 2025","aku suka banget main ml, tapi tolong dong, jaringan nya tiba-tiba suka buruk, padahal wifi lancar data juga lancar, tapi kenapa pas sudah di pertandingan suka lag, dan ga kunjung membaik, lag sampai akhir pertandingan, itu bikin kesel, yang aturan bisa buat menang jadi kalah gara-gara suka lag tiba-tiba, tolong di perbaiki lagi jaringan nya, and kasih team yang seimbang, aku suka nabrak abng abng an, padahal masih legend","721 orang merasa ulasan ini berguna","Tampilkan histori ulasan"
"https://play-lh.googleusercontent.com/a-/ALV-UjUwaPHPQ349hjes4RRwGXcGycXg-HlcUFXs6MFnyt-W9NCRIpY=s32-rw","Serena Calista","26 Desember 2025","game nya sangat bagus, TPI kadang kadang sering lag padahal sinyal bagus dan hp juga mendukung banget. tapi kalau Tetang grafik, skin, Hero dll bagus banget. oh yah, monnton.tolong dong🙏di saya kok sekarang ada iklannya? biasanya gak ada.saya jadi terganggu saat pertandingan tiba tiba iklan.mohon diperbaikin lagi!","83 orang merasa ulasan ini berguna","Tampilkan histori ulasan"
"https://play-lh.googleusercontent.com/a/ACg8ocJ2MWpuGo-IsdKG9ovEyoEMv0uMPK28rkv69x3nNgHsQjMUOQ=s32-rw-mo","Ayen Medan","26 Desember 2025","monton gimana sih ngasih saya selalu mengalami stuck di loading ketika ingin memasuki pertandingan, padahal jaringan bagus ruang penyimpanan pun masih banyak, tetapi ketika ingin main saya selalu mengalami kejadian tersebut. Setelah pembagian tim pun selalu tidak adil. saya selalu mendapatkan tim yang rank nya lebih rendah dari saya, tim musuh rank nya pada tinggi semua. saya mohon kepada developer untuk segera memperbaiki masalah ini agar game nya bisa lebih enak buat dimainkan","344 orang merasa ulasan ini berguna","Tampilkan histori ulasan"
"https://play-lh.googleusercontent.com/a-/ALV-UjWzzig8OPJLswL3E_29gji7KTfjA76rJ144_enhMTQoNkdH7Q8=s32-rw","Qori Cebleng","25 Desember 2025","tolong di perbaiki lagi jaringan nya selalu saat masuk mode pertempuran selalu ngelag,, di dlm lobby aja bisa ngelag,, padahal download sudah selesai dan jaringan wi-fi sama jaringan data ping selalu bagus,, selebih nya sudah bagus sih","152 orang merasa ulasan ini berguna",""
"https://play-lh.googleusercontent.com/a/ACg8ocL661COJpYWXC_f1FlUU5peEiKLpc40glmoJdANAYg0MCZQvw=s32-rw-mo","Faris Rujak","24 Desember 2025","game ini perlu perbaikan banyak bug, jaringan dan sistem kedua tim.saya sering mengalami leg jaringan padahal jaringan lancar dan sistem untuk mengacak kedua tim selalu aneh saya sering mendapatkan tim yang tidak bisa bermain/baru belajar di update an sekarang sedangkan tim lawan jauh bisa main ketimbang tim yang sering saya dapatkan ketika bermain solo.nih game atur dulu sistem nya baru urusin tuh colab kecewa sih update an nya malah makin ga seru","289 orang merasa ulasan ini berguna",""
"https://play-lh.googleusercontent.com/a/ACg8ocK511CLHRimYiE93pub946NW6RRyfLaSozzwm1z72rXmN69tw=s32-rw-mo","Amie 1909","21 Desember 2025","apa apaan ini setelah update sinyal semakin jelek banget.. lagi asik main tinggal end tiba-tiba nge lag ilang sinyal, relog berkali kali, masuk game langsung di lobby, aneh nya hasil dari pertandingan yang barusan itu hilang, tidak terdata, dan parahnya, ini akun hanya di lobby ga bisa rank ga bisa classic ga bisa brawl.. apa maksud nya moonton woii","751 orang merasa ulasan ini berguna","Tampilkan histori ulasan"
"https://play-lh.googleusercontent.com/a/ACg8ocJlztHNfyXfRHpWiSvtetJ080rJexC2zhw3wIm33DqY8ZWDnQ=s32-rw-mo","Ayub Oke","18 Desember 2025","Game MOBA tapi rasanya kayak main tebak-tebakan lag. Koneksi internet stabil, aplikasi lain lancar, tapi Mobile Legends malah sering lag, delay parah, dan patah-patah di momen penting. Lagi team fight tiba-tiba freeze, pas jalan sudah mati. Matchmaking juga makin aneh, ketemu lawan nggak seimbang. Update gede tapi optimasi makin buruk, bukan makin halus. Tolong fokus perbaiki server dan performa, jangan cuma event dan skin terus.","6.472 orang merasa ulasan ini berguna",""
"https://play-lh.googleusercontent.com/a-/ALV-UjVkdnSFCZMFkib2wbECIi2yegcnST2gHbrp6PiRZaervDRXFZYX=s32-rw","Amriyuri Darma Suda","21 Desember 2025","lag, makin pembaruan makin aneh, jaringan lancar tapi malah ngelag². mana pas main malah ter-force close, masuk lagi bukanya dalam pertandingan malah ke lobi, ga bisa dimainin karna katanya sedang dalam room tapi buka event, profile dan pengaturan aman aman aja.","758 orang merasa ulasan ini berguna","Tampilkan histori ulasan"
"https://play-lh.googleusercontent.com/a/ACg8ocKG7YA5Pp3cdKdTqtVRHWokEd8noUQtLukYDJy953hDvnUsNg=s32-rw-mo","Hadaya Rafif","25 Desember 2025","Game jelek nggak usah di download nggak rekomendasi game nya, waktu main rank komposisi tim tidak seimbang, selalu bermain dengan tim yang tidak sesuai dengan rank dan server nya sangat JELEK waktu main sinyal bagus tetapi sinyal lag Tolong di perbaiki kalau tidak ini dapat memperburuk pemain baru saya akan pensiun jika saran dan kritik itu tidak di benarkan","431 orang merasa ulasan ini berguna",""
"https://play-lh.googleusercontent.com/a-/ALV-UjX8IPOjntkODrIVySlb-lrqn0kJUTRlH-CgTjyKI8CvaH8gBiw=s32-rw","A L P","18 Desember 2025","jujur jadi kecewa akhir akhir Ini, Jaringan Jadi Jelek ketika main rank, tidak wajar untuk masalah di jaringan, menguntungkan pihak lawan, padahal asalnya pingnya normal tiba² ngeleg aprah, perbaiki lagi di masalah jaringan, saya coba pake jaringan wifi dan seluler sama saja.","2.114 orang merasa ulasan ini berguna",""
"https://play-lh.googleusercontent.com/a/ACg8ocIDIT5vMYXudUkegsOKLbFeFVYJsPFmwolCyxVXe4fEw5ENXg=s32-rw-mo","Rachel Novenia Aritonang","18 Desember 2025","Tolong MOONTON diperbaiki apa bug atau gimana disaat fase drafpick hero stelah team maupun lawan selesai memilih Hero masing"" terjadi lag yg sangat menganggu sehingga kita tidak bisa Menganti item ataupun spel dllsbgainya . padahal sebelum""nya aman"" ajah .🤦","1.028 orang merasa ulasan ini berguna",""
"https://play-lh.googleusercontent.com/a-/ALV-UjWB9pH8uY9J7CETcYxRawG7hWUSAcKGidB45PwRYlH76OGn7IM=s32-rw","Rangga anak siar dan rosa","22 Desember 2025","game makin lama makin berat, jaringan bagus tapi delay, spawn detik 5 bisa jalan detik 15,pas di loading scren stuck 30 ga di bener in, lag pas mau masuk juga ga di benerin, malah fokus ke skin bukan fokus benerin bug, temen temen gw pada pensi gara gara itu, dan gw juga pensi mending main hok","531 orang merasa ulasan ini berguna",""
"https://play-lh.googleusercontent.com/a/ACg8ocJebufrYVRdn2Xp7nR-4OOBi197VwVcZ395o50rNVBLVcRrfw=s32-rw-mo","Fadhil Nazhif","26 Desember 2025","ga tau mau bilang apa ntah makin baik atau makin busuk nih game, 1.pembagian tim g seimbang/kemenangan match diatur sama sistem bukan dari skill pemain , 2.nge-lag banget ( jalan ga ada musuh Aman tapi pas war jalan sendiri trs tiba² sinyal ilang ) padahal jaringan bagus ram hp pun ram masih luas banget tapi kenapa sampah banget gitu dan ke 3.kenapa suka banget ngasih bot di setiap match biar apa? biar ga gampang naik rank player²nya? hayoo lah buat game yg seru jangan kaya gitu sistem nya.","172 orang merasa ulasan ini berguna",""
"https://play-lh.googleusercontent.com/a-/ALV-UjXlUphXwkf3jnDpNm4kIS-Og2MPeuPfqgbukzArqojogY6gPW4=s32-rw","Adit Brevy","18 Desember 2025","GAMEE RUSAK!!! setiap kali patch baru (season) kenapa selaku bikin jaringannya jelek, padahal jaringan saya kencang tapi kenapa bisa sampai bikin lag begitu, kita mau push aja rank aja susah, masalahnya bukan di saya saja tapi ke orang lain juga ngaruh","975 orang merasa ulasan ini berguna",""
"https://play-lh.googleusercontent.com/a/ACg8ocJ6EOtdkD68GrXO6KwPaxwLmWIRM8asbU0pI6BuWusrMaSeYg=s32-rw-mo","Simon Saragi","23 Desember 2025","Agak laen bah, awak barusan maen, masa goldlane musuh bisa pake dua spell di mode rank, dan itu saya sudah ngekill musuh nya 1 di early game, tiba tiba error, pas balik in game musuh nya tidak ada mati, agak laen kali bah mobile legend sekarang, padahal saya baru kembali bermain mobile legend tiba tiba dapat kejadian begitu","443 orang merasa ulasan ini berguna",""
"https://play-lh.googleusercontent.com/a/ACg8ocLCzn4yjPCph5AcwuEYmdmREeB_xMwhW8ncfRruph9MYFhZXA=s32-rw-mo","Yasmin Putria Mansyur","26 Desember 2025","apalah banyak bug gajelas padahal hp gua storage juga masih byk, spek nya jg bgs hp adek gua yg udah burik aja ga bug kek gitu, bug nya tuh kaya game nya ga work, ga respond, masuk lobby gabisa, diundang jg gbs, intinya gbs ngapa ngapain, gua udah coba uninstall trs download lg lebih dari 3 kali jg tetep gitu gitu aja, gaada kemajuan ni game kirain bakal lag dan bug pas awal season doang, taunya sampe skrg jg masih bug ngeselin, benerin nih game lo, pas lagi match juga suka ngefreeze sndri.","108 orang merasa ulasan ini berguna",""
"https://play-lh.googleusercontent.com/a/ACg8ocL2DVHiofrEAlb6bTsnv1_RioSxeY9EeBPvaOaZt3o9d22bVg=s32-rw-mo","dirgartg 55","25 Desember 2025","game nya bagus banyak skin gratis udah oke si tapi ada kekurangan:1:masa jaringan hp bagus tapi di game ngelag parah sampai merah lagi ujung ujung nya tinggal level,gold 2:bug nya banyak banget terkadang pas main keluar tiba tiba,suaranya tiba tiba kaya suara on mic dll 3:apalah darksystem hapus aja masa mau mythic tiba tiba turun samapai epic/legend5 kan gak enak tapi makasih uda ngasih banyak skin gratis semoga di baca dan di perbaiki ☺️","208 orang merasa ulasan ini berguna",""
"https://play-lh.googleusercontent.com/a/ACg8ocLCzn4yjPCph5AcwuEYmdmREeB_xMwhW8ncfRruph9MYFhZXA=s32-rw-mo","Yasmin Putria Mansyur","26 Desember 2025","apalah banyak bug gajelas padahal hp gua storage juga masih byk, spek nya jg bgs hp adek gua yg udah burik aja ga bug kek gitu, bug nya tuh kaya game nya ga work, ga respond, masuk lobby gabisa, diundang jg gbs, intinya gbs ngapa ngapain, gua udah coba uninstall trs download lg lebih dari 3 kali jg tetep gitu gitu aja, gaada kemajuan ni game kirain bakal lag dan bug pas awal season doang, taunya sampe skrg jg masih bug ngeselin, benerin nih game lo, pas lagi match juga suka ngefreeze sndri.","108 orang merasa ulasan ini berguna",""
"https://play-lh.googleusercontent.com/a-/ALV-UjW68UAKgCAAwl3Oj5P-Fiy66yydeKWwsIL5eas9gIerMParZiLr=s32-rw","Agus Eko Endriawan","24 Desember 2025","Kesal karena lag terus setiap buka aplikasi ini apalagi pas main.. padahal untuk buka aplikasi game berat lainnya sinyal lancar"" saja. Setelah itu pertandingan dianggap AFK, padahal aplikasi tersebut penyebabnya, bukan karena ingin meninggalkan pertandingan","244 orang merasa ulasan ini berguna","Tampilkan histori ulasan"
"https://play-lh.googleusercontent.com/a-/ALV-UjV1tby21VMwSx3aCj7IiZKKtjzjBZXCSedMdwElua43zDXgZq6P=s32-rw","muhammad adib fadil","23 Desember 2025","tolong moonton, saya udah sering reset jaringan, tapi ini masalah muncul terus dari dulu, selalu aja ngelag, apalagi pas2an ketika mau war, itu ngelagnya walaupun sebentar tapi gaenak lah moonton, wifi lancar2 aja padahal, kasih solusi lah, apalagi setiap update atau season, itu pasti ngelag banget. tolong moonton yang terhormat yang teradil, fix lah masalah ini","379 orang merasa ulasan ini berguna",""
"https://play-lh.googleusercontent.com/a-/ALV-UjXWsvJYoj1dLUhpZCBx3ersx0QKr1Zvl6ZCT5nKei2QkQcemF28=s32-rw","sandi kurniawan","18 Desember 2025","server eror, jaringan ngelag, orang-orang pada hilang bintang gara-gara updetan dan patch baru yang kompensasinya cuman, debu ungu sama box-box sampah. tolonglah kasih lah yang lebih berharga dan berguna. Satu lagi, matchmakingnya perbaikilah moontod, kasi tim yang sama-sama paham main.","740 orang merasa ulasan ini berguna","Tampilkan histori ulasan"
"https://play-lh.googleusercontent.com/a/ACg8ocLzCi49Ls3k3UmzM_BFZy83hRre5EpJ9dF__DktVSRXfQjiBQ=s32-rw-mo","Warman Turnip","23 Desember 2025","game ini memang seru tapi masih terlalu banyak kekurangan , salah satu nya match making yang tidak adil bagi player solo , contoh nya bila kita lose streak malah di kasi tim ampas Mulu sistem nya rusak bener , ping kadang tidak stabil pdahal jaringan bagus","387 orang merasa ulasan ini berguna","Tampilkan histori ulasan"
"https://play-lh.googleusercontent.com/a-/ALV-UjVZ4xgx0xpnWQ1d7XcOr-Oawky-Gh3Np6LTBvKhyYoyupfVhl4=s32-rw","Fabian","23 Desember 2025","Ketika memulai pertandingan saya selalu stuck di 30% dan ketika sudah masuk sudah detik 40 atau menit 1. Ini sangat mengganggu dan menurutku ini bukan masalah pada device ataupun jaringan murni bug. Tolong segera diperbaiki!!","182 orang merasa ulasan ini berguna",""
"https://play-lh.googleusercontent.com/a-/ALV-UjU4EyEVp-1GAvRhylcHxSX0yyEEQsnT2MEzfnX1ONlxEGrMxTA=s32-rw","Luthfi Oktaviano","23 Desember 2025","moonton tolong dong fiks bug kontrol di dalam game,masa aku sebelum main kontrolnya masih kecil kecil atau ukuran yang normal saya pakai,tapi kenapa saat di dalam game tombol menjadi berubah entah menjadi besar,pemosisian yang berubah,bahkan ada tombol yang sampai tidak bisa dipencet karena sudah melewati layar hp,tolong moonton di fiks bug ini","154 orang merasa ulasan ini berguna",""
"https://play-lh.googleusercontent.com/a/ACg8ocKAqspmuBXRGRBsdj80G2gLxY_C3SnhgRxLT1WX2ZLa26fUEg=s32-rw-mo","ARIEF RAHMAN","24 Desember 2025","Buang buang waktu maen rank jam 9 malem bintang 2, sampe jam 2 malem bintang tetep 2 disatuin sma tim yang tier nya dibawah kan aneh, kalo gini trus mending pindah ke HOK.. pembagian tim yg aneh, betul emang klo kita menang terus bakal membosankan permainannya, tapi ya kalah terus pun malah banyak yg uninstal contoh tmen kerja bnyak yg tadinya maen bahkan sampe buat kompetisi skrng malah pada uninstal karna kecewa pembagian tim maen di rank, ini bener2 buang2 waktu mending uninstal.","197 orang merasa ulasan ini berguna","Tampilkan histori ulasan"
"https://play-lh.googleusercontent.com/a-/ALV-UjUOlqqjkWB_7MbB2Tg4t1lwQVA-I_vXF8YXYZM9F_T9N54ApZk=s32-rw","Ririn Suharini","25 Desember 2025","gamenya udah gak seseru kayak dulu udah banyak hal yang ngubah gameplay kayak lag tiba tiba keluar sendiri dari aplikasi sering ngefreeze lawan yang gak setara bahkan setelah update bukannya makin lancar atau bagus sekarang malah banyak masalahnya jangan skin doang yang dibagusin tapi engine juga user hp kentang dari zaman mobile legend masih map pulau melayang sekarang jadi malah buat main karena banyak masalah nya tolonglah perbaiki game nya agar tidak ada masalah lagi","78 orang merasa ulasan ini berguna","Tampilkan histori ulasan"
"https://play-lh.googleusercontent.com/a/ACg8ocLovzxUynILwj02g2AeizjVogVe-kDI-4SNcCrM4DeBiJp99Q=s32-rw-mo","Ahmad Fauzan","22 Desember 2025","Tolong untuk kepada pihak moonton yang terhormat ke amanan akun lebih di tingkatkan lagi, kalo bisa fitur yang bisa nge hack back akun lewat bukti top up pertama di hilangin aja karena merugikan bagi yang ingin membeli akun mobile legend tolong untuk jadi bahan pertimbangan, karena banyak oknum oknum yang memanfaatkan fitur hack back lewat top up pertama,dan. itu sangat merugikan bagi seseorang yang ingin membeli akun tersebut 🙏🙏🙏","142 orang merasa ulasan ini berguna",""
"https://play-lh.googleusercontent.com/a/ACg8ocKsKD9O7CHBTXHR1TsJ3aFYM53sAPUU8FyonbB_o8FPFcC0Cg=s32-rw-mo","Elly Ratna sari","18 Desember 2025","ping sering mengalami bug di seson sekarang ini, ini kenapa ya? padahal sebelumnya lancar banget untuk dimainkan sehingga di seson sekarang mengalami bug jaringan yang sangat parah ketika bermain ping menyentuh 40ms itu langsung ngelag dan hero berjalan sendiri tidak di atur dengan yang main mohon se mohon mohon nya untuk di perbaiki masa sekelas game gede begini saja tidak bisa memperbaiki masalah sekecil itu skin diperbanyak bisa masa server gabisa👌👌","533 orang merasa ulasan ini berguna",""
"https://play-lh.googleusercontent.com/a/ACg8ocId1-WJNbKjMKhGkzt-cjKnCKBtUV4yGo52E0EulNUBX6rONA=s32-rw-mo","Arli Yana","20 Desember 2025","game nya cukup menyenangkan tetapi, tolong lah di perbarui, Kadang-kadang waktu main sinyalnya tiba-tiba jelek, dan lawannya juga gak seimbang dengan tim, game ini lama lama kek makin aneh, jangan di unduh temen"" ini game busuk, event event di game nya memang cukup menarik, tetapi tidak dengan pertandingan nya, udah muak banget sama game ini, game burik, perbarui dikit lah jaringan nya, masa dikit dikit merah terus jaringannya, padahal jaringan di HP nya udah bagus, game ga jelas bikin stres","206 orang merasa ulasan ini berguna","Tampilkan histori ulasan"
"https://play-lh.googleusercontent.com/a-/ALV-UjVExeg5zmkBsSgeRMcoBJsbCbdEjqgGWGOwiHkFkms4OZmLYhAr=s32-rw","Raka Afiansyah","26 Desember 2025","game kalau ngasih tim sama musuh tidak adil hampir setiap hari saya kalah karena tidak ada tim dan musuh yang sepadan ,minimal kasih tim dan teman yang sepadan, saya dari pagi ampek malem dapat tim ODGJ semua apalagi pas in game server nya sering error jadi saya kesulitan bermain game ini dan masih ada di game ini ya itu sehabis menang tapi malah ngestack padahal hp saya gapapa tapi servenya yang rusak, tolong benerin bot yang memilih tim, karena selalu memberi tim yang gak niat main,rank mshbwh","45 orang merasa ulasan ini berguna",""
"https://play-lh.googleusercontent.com/a-/ALV-UjU4f9kF7ZJcERqZvAxwjvpL8TN3GLZt-3UJtIY-B6EpffHBbgRj=s32-rw","Ultra Seven1968","16 November 2025","Game Rusak, match making payah, gangguan sinyal meski sinyal asli sedang bagus, masalah freeze yang gak kunjung hilang (bukan masalah perangkat), gw selalu force close saat masuk match dan pas masuk di beri kabel afk padahal main jauh lebih lama dari durasi ""afk"" itu. Payah ni game, rusak","4.809 orang merasa ulasan ini berguna","Tampilkan histori ulasan"
"https://play-lh.googleusercontent.com/a-/ALV-UjXpUXEt-hlHI64ZTbSDxjgSYtgleKh-8JNYj9nRVTAzxnp4rNHO=s32-rw","Rashky Christiman","19 Desember 2025","moonton tolong diperbaiki lagi servernya, karena saat war hero tidak bisa digerakkan/delay, padahal hp saya ram 8, jaringan juga bagus, dengan kondisi yg seperti itu mau ga mau saya afk dan itu merugikan saya karena dapat report dan turun bintang, TOLONG DENGAN AMAT SANGAT YA MOONTON~dengan nada lembut😄","383 orang merasa ulasan ini berguna","Tampilkan histori ulasan"
"https://play-lh.googleusercontent.com/a/ACg8ocLW1xCKvempSIBlUD1OCVF5lcRu2DGXOBVKmfXhCSuWiN8prg=s32-rw-mo","lyonette","20 Desember 2025","banyak bug, dari bug loading sampe loading matchmaking, belum lagi saat loading matchmaking stuck di 30% terus berakhir AFK. serta ketika draft pick stuck di detik 13, ingame patah-patah padahal sinyal dan device oke. saya harap segera di fix karena demi kenyamanan pemain ya. saya suka aja sama ml soalnya","215 orang merasa ulasan ini berguna",""
"https://play-lh.googleusercontent.com/a-/ALV-UjXuAf1Jkz9IZSj2LxadqN_4oB_G1RmdgfEjoFJ7OJsskdZRGLoE=s32-rw","Bang Aldo225","23 Desember 2025","Saya baru main kembali hari ini dari sekian lama saya berhenti main, tapi saya malah dpt pengalaman buruk sekali di season baru ini, 2 hal yg menyebalkan. Pertama, saat selesai draft pick tiba² (FPS) saya turun drastis yg membuat jadi patah² sampai saya kesulitan untuk mengganti emblem, spell, bahkan ganti skin pun sulit.Yg kedua, pertandingan yg tidak adil, di season yg baru ini saya sering kali menemukan musuh yg main bareng, dan saya yg main solo sangat kesulitan. JADI,TOLONG SEGERA PERBAIKI.","214 orang merasa ulasan ini berguna","Tampilkan histori ulasan"
"https://play-lh.googleusercontent.com/a-/ALV-UjUceDIfCIhABnQU-3vl4vw6alA3SQKs3_0yMUhh1YlJCJ56cFMC=s32-rw","Sukma Maulana Saiban","22 Desember 2025","apa cuma hp gua yg pas selesai draft pick di penyesuaian terakhir itu ngeframe klo bisa diperbaiki dong, gara gara itu gw telat masuk pertandingan nya sampe sampe bisa afk dan menyebabkan kredit skor gua menurun sampe ga bisa main rank lagi,tolong di perbaiki lagi klo memang itu bug atau apa biar gua enak mainnya!","161 orang merasa ulasan ini berguna","Tampilkan histori ulasan"
"https://play-lh.googleusercontent.com/a/ACg8ocLKkJPKBW2ZShDY4rTu98W1T6PkidYrOz_otjorlJGJ1jxLbg=s32-rw-mo","krisprksa","24 Desember 2025","3,9 buat game ml yg lumayan terkenal, match ga pernah adil sekalinya losestreak berterusan padahal skill maen dah bagus, banyak bug.. contohny di pasif bened kaga bisa full dan tiba tiba ngefreeze ga berfungsi pas dah mau keluar pasif, jaringan server masih acak kadul","108 orang merasa ulasan ini berguna",""
"https://play-lh.googleusercontent.com/a/ACg8ocJqXCkPjIr-XmNlKsqztgj-eytLDWAQz_T3BNPPsFRUDDwA-g=s32-rw-mo","Danang Mukti Wibowo","19 Desember 2025","Pas mau masuk battlefield pasti paling lama sendiri, padahal jaringan masih bagus, grafik paling rendah, hp juga masih bisa dibuat main ZZZ, sama HSR. Tapi pasti di game nya masuk paling lama sendiri, alasannya sih jaringan tidak stabil. Padahal mah oke oke aja. Kalo ini bug tolong di fix, apalagi setiap update makin parah.","310 orang merasa ulasan ini berguna","Tampilkan histori ulasan"
"https://play-lh.googleusercontent.com/a/ACg8ocJmPOkM9-nUbUb7N5c1H48Lzeqfb0q-3CXIMoyAfUnUealYNQ=s32-rw-mo","Farel Kosh","22 Desember 2025","moonton tolong di perbaiki jaringan nya, update terus bukan nambah bagus malah nambah jelek, jangan game doang yang di update, jaringan dalam game juga di update, jangan bikin player gak nyaman mainin ini game, nanti pada pindah game lagi, percuma banyak event kalo banyak juga masalah jaringan, masa baru update season jaringan kayak begini? ping 90-100 lebih tolong kita gak nyaman main nya! di lihat lah!","88 orang merasa ulasan ini berguna",""
"https://play-lh.googleusercontent.com/a/ACg8ocLiaK7jwTYq5T4-F_Tc1EQMmmDf7GrjXq33cKmEtkMyyfCQYQ=s32-rw-mo","Ragel kentil","15 Desember 2025","GAME RUSAK!!!. Sekarang punya banyak bug seperti sinyal 67 ms ke atas tapi tidak bisa gerak, lalu dapet tim yang gak bisa main gak tau item, pas solo rank malah dapet tim dark sistem sedangkan lawan kaya kompak dan rank nya udah tinggi. TOLONG SEGERA DIPERBAIKI. KARENA INI GAME MOBA TERBAIK.dan tolong diatur lagi machmacing nya agar nyaman.","5.329 orang merasa ulasan ini berguna","Tampilkan histori ulasan"
"https://play-lh.googleusercontent.com/a/ACg8ocKvSwYKPuKPwwYhR9E3lg758yfdhaCx2M2fNpj3-9Yayu1zjw=s32-rw-mo","sabita putri","20 November 2025","kami player solo, sangat kecewa dengan sistem matchmaking classic maupun ranked karena kurang adil, seperti : 1. ketemu lawan duo/trio,4, squad 2. perbedaan tier lawan lebih tertinggi 3. serta (dark system) maaf, dapat teman random yang noob (amatir), entah itu player bocah atau remaja yang baru mulai main, khususnya perempuan. 4. selesai hanya itu saja dari saya, sekian & terima kasih moonton.","3.021 orang merasa ulasan ini berguna","Tampilkan histori ulasan"
"https://play-lh.googleusercontent.com/a/ACg8ocKSn1M3gBac9iKahQrNS2zjBeyKyho1Zlb6UvTatcOIE9WJpA=s32-rw-mo","Achmada","7 November 2025","Sudah dong, jangan merubah-rubah terus fungsi peralatan (equipment)! Jadi merubah-rubah setelan pertempuran (battle setup) di banyak karakter (heroes) terus lo, harusnya rubah itu peta yang membosankan! Mungkin petanya gelap atau perluas lagi petanya, tambahkan banyak menara dan monster, dll. yang lebih kreatif lagi, karena sudah hampir 10 tahun lo permainan ini berjalan, dan bahkan uang yang kalian dapatkan sangat banyak sekali, benarkah permainannya masih jadul terus (‽)","4.608 orang merasa ulasan ini berguna","Tampilkan histori ulasan"
"https://play-lh.googleusercontent.com/a/ACg8ocKyKddGefaxklJbOJN21jFZh9RV9CR--dOjk4-P36Afb1_zsg=s32-rw-mo","AKBAR BARU","8 Desember 2025","Game Buruk!,Sistem Matchmaking yang tidak adil, bagi player solo bermain rank sama saja dengan membuang-buang waktu bahkan tidak ada manfaatnya, setiap kali bermain rank selalu dapat musuh yang lebih jago sedangkan tim di kita sendiri malah kaya bot dan juga sering banget losetreak sampai 7× berturut-turut, rasanya frustasi banget main ini game, ditambah sama bug yang dimana setiap matchmaking dimulai selalu delay dan tidak bisa dipencet.","1.803 orang merasa ulasan ini berguna","Tampilkan histori ulasan"
"https://play-lh.googleusercontent.com/a-/ALV-UjVn76dkUdwrgMGdmfr8qeWY4fVlEtPZ4jDjDmoznESSL0WXTY1U=s32-rw","Galang Rifki Ramadhan","26 Desember 2025","mengaku game moba mobile terbaik padahal paling bobrok: 1. membuat hero untuk collab dengan anime tapi tidak niat, skill dibuat semirip mungkin dengan karakter animenya tapi tidak memikirkan ability dan power dari hero tersebut yang terlalu op seakan di sengaja agar nanti skinnya laku.Lol typical game yg hanya memikirkan uangnya dari pada kenyamanan player 2. pembagian role di game yang tidak matang malah berdampak kenyamanan player yang selalu dapat tim ampas yang tidak hebat dalam sebuah role","56 orang merasa ulasan ini berguna",""
"https://play-lh.googleusercontent.com/a/ACg8ocK-EmZF4HZzZU1ABZwlUPZQ1Q6M4pCwRSFJFaJricXNbp56cw=s32-rw-mo","Rafiun Silaen","22 Desember 2025","game nya sangat tidak asik, sistem game nya nggak adil. tidak memikirkan perasaan pemain. misalnya: memberikan loos streak yg sangat banyak. sehingga banyak pemain yg setres. kami bermain game untuk menghilangkan setres bukan untuk menambah setres,jadi tolong di perbaiki sistem nya","308 orang merasa ulasan ini berguna",""
"https://play-lh.googleusercontent.com/a-/ALV-UjVCc5xIluN3pm7wi6VhFqDTa8EbmvUUBviXld2rPw2_QOT9qGqF=s32-rw","Muhammad Rizqy Ackrmn","22 Desember 2025","Untuk game nya sangat seru dan bagus, grafiknya oke dan Hero heronya bagus. Tetapi, untuk saat ini cuman bisa kasih bintang 4. Tolong untuk sistem matchmaking pertemukan dengan tim yang waras dan untuk jaringan juga diperbaiki karena sering sekali lag saat jalannya pertandingan padahal tidak ada masalah sama sekali pada jaringannya.","143 orang merasa ulasan ini berguna",""
"https://play-lh.googleusercontent.com/a/ACg8ocKVSEc6DQPFvgneDJcq-y93kOjvholpq4jn7m6iF961yiVV6g=s32-rw-mo","Revan Suherla","23 Desember 2025","game nya udah bagus tapi kalo push rank timnya pada bot semua kok bisa?, aku nanya ,tolong perbaiki bukan hanya di baca dan di biarin kaya gini,bukan hanya saya yang kayak gini.kalo dibiarin nanti ranknya tetap itu itu aja gak naik gak turun.kalo dibiarin terus bisa membuang waktu sia sia.jadi tolong perbaiki ,jangan dibiarin.","96 orang merasa ulasan ini berguna",""
"https://play-lh.googleusercontent.com/a-/ALV-UjWb3vAZWVYBXkkn52Kab3FglhHS6LczVoUlp_oZvq4k49LAe52b=s32-rw","Psycho Geneticha","11 Desember 2025","Semenjak pembaruan UI baru MLBB terasa sangat berat dan latency. Setiap tombol menjadi slow respon atau delay. Bermain game menjadi tidak optimal dan bahkan ketika lag hero jalan terus lurus sehingga mati diwilayah musuh. tidak seperti sebelumnya jika lag hero berhenti di tempat. Kemudian saat draft pick, ingin mengubah talent, emblem dan build sangat lag tidak peduli internetnya lancar atau tidak tetap saja lag pada saat itu. Padahal internetnya lancar dan HP speknya mumpuni ""POCO M4 Pro"".","501 orang merasa ulasan ini berguna","Tampilkan histori ulasan"
"https://play-lh.googleusercontent.com/a/ACg8ocKefJIb4HB39OFj8rU0GnLU_Be1gE_6SfuWbSbic65U0BSNDQ=s32-rw-mo","Haikal Ardian","19 Desember 2025","main terus tapi kalah banyak gara gara ketemu pemain pro jadi kena dark sistem dan apalagi kadang kadang afk lah toxic lah, tolong lah kalo mau solo push seharusnya yg setara kek saya masih pemula ya kasih lah yang sama bukan nya ketemu tim beban sama tim musuh jago, berharap lebih baik lagi bukannya tambah masalah, kalo sampai ga ada keadilan demo aja sekalian moonton","273 orang merasa ulasan ini berguna","Tampilkan histori ulasan"
"https://play-lh.googleusercontent.com/a-/ALV-UjWHkLGIK-fOr8XZMYknbg__zHqkZJbGYCWq8gaxF9_2pPQAqyU=s32-rw","SORRAF LA NAHRAF","24 Desember 2025","Game yang sangat tidak adil,karena matchmaking mempertemukan saya dengan player yang baru bermain dengan high tier nya mungkin paling tinggi legend.sementara tim lawan high tier nya bisa honor,glory bahkan immortal.menurut saya ini sangat tidak adil,setidaknya sistem mempertemukan tim dengan high tier yang sama jadi permainan seimbang.dan juga masalah jaringan,ketika jalan biasa bagus,tapi ketika war ngelag nya super super parah sampai delay semua skill nya.jadi 2 hal ini yang harus diperbaiki","59 orang merasa ulasan ini berguna","Tampilkan histori ulasan"
"https://play-lh.googleusercontent.com/a-/ALV-UjUvaFa45evAtieOCqyf0smwSLSzvF1J1yv3jPzk8b2gSiYhGX8=s32-rw","Muhammad Naufal","23 Desember 2025","lagi dan lagi masalah di jaringan dan matching, jujur aku kecewa sih dan bukan untuk merendahkan tapi memang gak sesuai untuk orang orang yang didapat dari matching nya, dan harus digaris bawahi bahwa ini adalah game moba 5v5 yang artinya 5 player melawan 5 player dan kebanyakan ketika aku bermain itu tidak sesuai dengan 5v5 tadi, kalo bisa diperbaiki secepatnya karena memang merugikan, kebetulan aku udah ""LOSE"" sebanyak 14x, jadi mohon segera diperbaiki, sekali lagi mohon izin dan terima kasih","184 orang merasa ulasan ini berguna",""
"https://play-lh.googleusercontent.com/a/ACg8ocJcfIs0fYd6LsuTfxBjKjEkjhGI4U6_VhvvYx55mWOJYRadUA=s32-rw-mo","Saepullah","27 November 2025","Belakangan ini ping sering loncat, sering lag, sinyal tiba² ilang, bar sinyal cuma dapet 2 dari 4, kadang cuma 1, padahal setelah match kelar coba googling, buka facebook, instagram, lancar² aja, sinyal juga full bar 4G+ gak ada masalah apa² tapi pas maen ping loncat² gajelas.. Aneh","2.985 orang merasa ulasan ini berguna",""
"https://play-lh.googleusercontent.com/a/ACg8ocJN4Bi82gN1w7Jf90S8TOzk6vZYgSBD-I0ncdF7wufutggdpQ=s32-rw-mo","Adam Cirebon","22 Desember 2025","Tolong perbaiki masalah bug jaringannya karena meresahkan semua orang yang main ml, saya juga mengalami bug tersebut penyebabnya adalah afk terus menerus padahal saya masih ada kuota 6 GB + hp Vivo y12 kurang apa itu, tapi pas saya main ""koneksi jaringan terputus"" apalah game gak jelas","49 orang merasa ulasan ini berguna",""
"https://play-lh.googleusercontent.com/a-/ALV-UjVcFvGMzPCNyNksO_eFOa51AoeV9iYhgcko-E3wPJe5bEmkDfEW=s32-rw","rosie sananta","23 Desember 2025","haduh game kacau, makin ke sini makin anj, 1. tiap maen ketemu team ampas sedangkan lawan jauh lebih jago dari kita 2. kenapa jaringan bagus di anggep lag, kacau 3. gitu gitu aja ga ada perubahan sama sekali 4. kalo buat drafpick tolong kasih yang setara jangan ada yang lebih jago dari kita atau lebih di bawah kita, SETARA.","100 orang merasa ulasan ini berguna",""
"https://play-lh.googleusercontent.com/a-/ALV-UjWzsNsabv135BIvXM7QIQV0GUSum2Ikl_gnWWsaf-AEf5bJwI0X=s32-rw","Rizky anugrah","14 Desember 2025","biasa saja, system terlalu sering tidak adil, bayangkan, lose streak sampai 12 kali, bagi player solo, game ini sangat sulit, musuh sebenarnya ada di tim kita sendiri, terasa 1 vs 9, mau kita jago, kalau tim kita saja macam bot, gak bisa bisa apa"" belum lagi solo dapat lawan mabar, saya akan merekomendasikan teman"" saya untuk berenti memainkan game ini...!","1.021 orang merasa ulasan ini berguna",""
"https://play-lh.googleusercontent.com/a-/ALV-UjW4x5-ZWVV-4iTusVGRsyFk9RMAV0WnTCwwi9yTZzNjqNsxgxDV=s32-rw","Squidward 1098","19 Desember 2025","kalian hanya selalu memperbaiki, atau memberikan skin untuk dibeli agar mendapatkan uang, tidak dengan kenyamanan bermain para player, setiap bermain selalu mendapatkan team feeder, atau tidak sesuai dengan role masing masing, meskipun sudah memberikan feedback melalui hasil pertandingan, hasilnya sama saja, bahkan player terkait tidak diberikan hukuman. mungkin ini sebabnya game ini sepi peminat. sama ratakan kemampuan bermain yang sesuai pada setiap match. sia sia rasanya bermain.","180 orang merasa ulasan ini berguna","Tampilkan histori ulasan"
"https://play-lh.googleusercontent.com/a/ACg8ocIQoahbG1CgSJwQ-49q62K5PiLKqEOC0ZDEabX9NOi3w-XMkw=s32-rw-mo","Aditya Rizky","22 Desember 2025","buruk banget,pas sinyal di cek sebelum mulai main bagus aja tuh,tapi pas lagi antri buat main,malah stuck katanya hilang sinyal,dan walhasil malah di bilang Afk,dan itu gak cuma sekali tapi berkali kali,stucknya cuma di antrean sebelum ke matcmaking,lama² kredit skorku jadi rusak dan gak bisa main rank karena dikira Afk mulu,tolonglah Montoon perbaiki masalah sinyal yang tiba² hilang saat akan matcmaking,soalnya mengganggu banget","202 orang merasa ulasan ini berguna",""
"https://play-lh.googleusercontent.com/a/ACg8ocJqeHiGHNrnl8iCc5ZdSJCrN3RR9doLLvR-x7dqe2QW2VEraQ=s32-rw-mo","Zahra Uzumaki","23 Desember 2025","sungguh mengecewakan, dari segi sistem nya gk adil banget masa tim musuh pada jago² sedangkan tim sendiri kagak ada. terus di kasih lose strik mulu udah 3 kali main rank masih aja kalah kagak di kasih menang. apalagi masalah sinyal nya behh kurang ajar. di tengah² main langsung jelek sinyal nya, otomatis dong mati hero ku. Gua doa in kalo gini game terus kagak ada kemajuan"" semoga moonton bangkrut game nya"" mentingin event dari pada sistem game nya","170 orang merasa ulasan ini berguna",""
"https://play-lh.googleusercontent.com/a-/ALV-UjU4RdAd764vojo1fEVzXklV918QMYXAZLmGGfFDxMWvDBttFv10=s32-rw","Andi Tangkah Batarah","21 Desember 2025","Sering dapat tim dark system, asli parah makin kesini makin konyol. Tolong lah moonton hargai lah kami sebagai player mu perbaiki semua , mulai dari rebutan lane, hal"" Kecil seperti itu, belum lagi kalau server down, keseringan","226 orang merasa ulasan ini berguna","Tampilkan histori ulasan"
"https://play-lh.googleusercontent.com/a-/ALV-UjW4k49nQZVb9Hxti8D3Hcs7qm-W16HKbfDW9QRQ94uO0tjcNrc=s32-rw","Rhaka YT","24 Desember 2025","game bagus cuma kualitas jaringan dari dulu sampe sekarang ga pernah di benerin. ping hijau tapi ngeleg itu aneh... jangan di banyakin event terus tingkatkan kualitas sinyal. tahun depan bukannya rameh ini game bakal hilang . kalo sinyal terus begini ..","79 orang merasa ulasan ini berguna",""
"https://play-lh.googleusercontent.com/a/ACg8ocL-tw_niQ7QB7L5iuVkSjCpoxhLC8dCHg04bn6kvlNK2wxvIA=s32-rw-mo","Suly Ganesa","22 Desember 2025","sekarang malah + parah setiap x maen ngleg terus. patah2 ngepriz apalagi war + parah masuk dah ketinggalan level aneh dari semangat jadi males player ga bakalan bisa win selama tidak diperbaiki. di coba dulu event game nya ngeleg ga . ahh lebih baik di take down aja nih game ( nyebelin )","181 orang merasa ulasan ini berguna","Tampilkan histori ulasan"
"https://play-lh.googleusercontent.com/a-/ALV-UjWDBz680XWeNj6VEi82uCf4PNs1B-9Q7tAUwsnLhUpbGLLxmDWd=s32-rw","Arpi Rizqie","25 Desember 2025","jujur entah kenapa ahir ahir ini mobile legends sering lag gak jelas padahal sinyal ku hijau, kadang juga sinyal nya merah padahal aku pake wifi loh apalagi pas reset season 39, wah musuh maupun tim ku pada ngelag semua gak bisa di gerakin dah ahirnya tim ku ada yg afk dan juga musuh sama aku gatau ini masalah server atau bug dan sebagainya jadi tolong perbaiki masalah ini🙏🙏🙏","55 orang merasa ulasan ini berguna",""
"https://play-lh.googleusercontent.com/a/ACg8ocLpROutVbdmslKDrfyuyV9sBbqxbsRwIkYyDRvdke4umXlG3HQ=s32-rw-mo","Syamsul Arief","20 Desember 2025","setiap mau main ga bisa masuk pertandingan, padahal pertandingan nya udah ditemukan tapi ga bisa masuk. terus akun mlbb saya kena ban beberapa menit dari matching sama kredit skor nya turun , alasan nya karena tidak siap, lah gimana mau siap,masuk aja ga, padahal jaringan bagus. jadi tolong lah moonton kalo gini terus malah ngerugiin player nya","174 orang merasa ulasan ini berguna","Tampilkan histori ulasan"
"https://play-lh.googleusercontent.com/a-/ALV-UjUhJ6ohpMudrfunul_rVTApPAHbnI1itEab1tuFRCM-atdSlb4d=s32-rw","Ananda Dwi","22 Desember 2025","Haloo min MLBB, sebelumnya mau kasih ulasan kalo gamenya udah cukup bagus seiring dari waktu ke waktu, mulai dari grafik, gameplay, event, dll dan mauu kasih masukan kalo untuk matchmaking ketika main solo mungkin lebih di seimbangin lagi karna terkadang main di high tier masih suka ketemu sama low tier yang notabene nya bener² baru main mlbb jadi menurutku ini jadi kurang balance. Selebihnya udah bagus dan semoga di next update bisa lebih improve lagi untuk MLBB, terima kasih!","1.116 orang merasa ulasan ini berguna",""
"https://play-lh.googleusercontent.com/a/ACg8ocJOK7jDK-jtXX9YWdaYLT3jYGDBMh36CHM4_84cB4oq7aZi8A=s32-rw-mo","Frendy Putra","20 Desember 2025","gerak sendiri, ngatur ngatur, bikin susah main, dan ngga ada event kenapa kalo pemula ngga bisa liat event. tambahin fitur ngga pake tutorial lah lebih bagus Dude Theft Wars lebih bagus roblox. game jelek di hapus aja dari playstore. bagusan Honor of kind mode rank MB nya banyak lagi. banyak kekurangan. terus kenapa ngga boleh afk ada pertanyaan segala lagi kan bisa aja lagi sibuk jadi mainnya kepotong gara gara itu dong ada topup topup lagi jangan lah gitu pasti 2027 udah sepi game ini.","159 orang merasa ulasan ini berguna",""
"https://play-lh.googleusercontent.com/a/ACg8ocJbK1sIgkC3jcflqZRTBvImnJsLS4_mRJGsjMWLQxxq5IZLYw=s32-rw-mo","Gustiayu","17 November 2025","Jujur untuk event yang tersedia sudah sangat bagus, tapi untuk sistem match making bener-bener kacau, semua tim saya solo tapi kami dapat musuh yang satu squad, belum lagi sinyal dalam game yang sering merah, padahal aslinya lancar saja. Itu saja, saya harap kedepannya untuk diperbaiki lagi..","1.312 orang merasa ulasan ini berguna","Tampilkan histori ulasan"
"https://play-lh.googleusercontent.com/a/ACg8ocJWnlST0e-b9oAyuM57kQAf1TQYSXcHQDUwjaoL_2S60PlDkw=s32-rw-mo","Aladi","23 Desember 2025","sistem matchmaking di game ini selalu tidak adil, mendapatkan tim yang kemampuan bermain nya jauh dibanding lawan, sehingga menyulitkan permainan dan ekosistem game didalamnya, tolong MONTON untuk kedepannya perbaiki sistem matchmaking agar saat bermain tidak menjadi ODGJ SEKIAN TERIMAKASIH","43 orang merasa ulasan ini berguna",""
"https://play-lh.googleusercontent.com/a/ACg8ocI6reM_K3WkFbyXiXCR267wq50-ojoH0g4Bpnq0854mI6ElNw=s32-rw-mo","Absssallof Absssallof","18 Desember 2025","saya mengasihi bintang 1 karena terjadi lek parah saat bermain game saat saya liat ke jaringan masih hijau padal ini saya Makai wifi Lo yang biasanya sinyal nya lancar tidak ada masalah giliran update sinyal nya malah merah tolong ya monton sebisa nya benerin sinyal nya seperti biasanya","197 orang merasa ulasan ini berguna",""
"https://play-lh.googleusercontent.com/a/ACg8ocIKSaBCAA4bfcn_YRSZOtcHyvx-mfTdECBZ3UpxPjnl5CGlZQ=s32-rw-mo","Abdillah E.P.","19 November 2025","di tes ping sinyal bagus, di lobby juga bagus hijau, tapi sekali setiap udah masuk pertandingan MRO tidak bisa gerak dan sinyal menjadi merah mendadak, padahal buka aplikasi lain lancar lancar saja, ini playernya atau servernya yang tidak konsisten! kalau mau beri hukum afk tolong perbaiki dulu servernya, jangan asal mengurangi kredit score player, kalau sinyal memang jelek di tes ping seharusnya merah dari awal biar tidak dimainkan, bukan sudah masuk di pertandingan. game bukanya buat hepy😆😠","1.161 orang merasa ulasan ini berguna",""
"https://play-lh.googleusercontent.com/a-/ALV-UjURuWrKxSsRu_fJCqz7guH6tNCwuNTCGIrqDzSbsqflqlMN6ug=s32-rw","kemplow wes","23 Desember 2025","game bug frame lag patah patah ,sinyal masih hijau bagus hero gak mau gerak aneh. versi pembaruan server gak di jeda. malah di barengin semua. akhirnya pas main terasa banget bug'nya.. terkadang hero lari entah kemana, terkadang damage hero bug gak masuk. aneh banget versi yang sekarang.","31 orang merasa ulasan ini berguna",""
"https://play-lh.googleusercontent.com/a/ACg8ocLHwCi9M1_Tqs8ooC6yUQ2eXfq2ea04PfJg7MLAdW474yHuoA=s32-rw-mo","nabila yustina","26 Desember 2025","game ini sebenarnya seru bangett, cumannn masalah nya di bug. tiap login ditngah pertandingan, pas lagi seru²nya main selalu ngelag parah, dan juga suka dapat tim yg gamau kerja sama, semoga kedepannya diperbaiki masalah server nya, biar gak ngelag terus","",""
"https://play-lh.googleusercontent.com/a/ACg8ocJ40gIoKCBHz-fv7QqRP5MNlcBexQUZWBxro_CY9pbpBswPpg=s32-rw-mo","Ata Okeh","24 Desember 2025","masalah nya masih sama kalau gak PING jelek ya di kasih tim bot/troll dan musuhnya montoon itu sendiri. udah banyak saya riset punya akun banyak dan yg paling enak itu di renk di bawah GM lancar jaya tanpa embel embel PING jelek mau di kasih tim bott juga kalau PING nya bagus ya ayo gak takut, masalah nya di kasih tim bot di kasih PING jelek pula kan lawak.","28 orang merasa ulasan ini berguna",""
"https://play-lh.googleusercontent.com/a-/ALV-UjUA1u76F1HkCDlAJifsYvqGeN4woseAycwSQS4TRuJ3R1Ifo2nn=s32-rw","Risky abdullah.","24 Desember 2025","gamenya gjls . bisa bisa nya solo awal season ketemu team epic 5 . sedangkan main di tier legend . musuh pada legend 1 . game serasa main judi . kenapa begitu ?? ya karna menang kalah di team yang ga jls . harusnya ada kebijakan tier tier itu sesuai sama tier masing masing . saran jangan cuma mikirin event doang . pikirin sistem players sekarang kalau solo jangan di gabung ke yang dua ataupun trio .","14 orang merasa ulasan ini berguna","Tampilkan histori ulasan"
"https://play-lh.googleusercontent.com/a-/ALV-UjW-WjWrvPgvuQXtlsVidvBGgYDiK2k-yVF_7W8PU4q_g7YbpwnJ=s32-rw","Bayu Ernanda","25 Desember 2025","Makin diupdate bug sinyal semakin kedepan!, padahal sinyal wifi gw bagus make data gitu juga sering masalah dijaringan, trus kena turunin kredit skor lagi, makin males.. MASIH BELOM DIPERBAIKIN, masih begini masalahnya?? ulasan dah gw edit loh, delay bet ama lag aneh jaringan gw oke2 aj, BTW RATING DAH 3.7 NIH, suruh gua ganti jaringan?? wifi gua aman2 aja nih madalah kambuh lagiiii dan lagiii muak muak","269 orang merasa ulasan ini berguna","Tampilkan histori ulasan"
"https://play-lh.googleusercontent.com/a/ACg8ocIe78DIDek7bI-ZRmhEboe7snu_pUZc9hL0zt4115HnZyn84Q=s32-rw-mo","Anriansyah Idris","24 Desember 2025","Banyak bot game rusak keseringan dikasi orang tdk tau main dan jaringan sering lag tiba2 kalau ketemu musuh padahal jaringan bagus sekali para banget ni monton masah susah sekali masuk dalam game parah banget, masuk di game lain lancar tolong perbaiki lagi aplikasi nya nya!","28 orang merasa ulasan ini berguna","Tampilkan histori ulasan"
"https://play-lh.googleusercontent.com/a/ACg8ocJzOFs0Q9Pha3ANyBtd1_m74xoKG_Olb5WVqGbZ4rOxIb522Q=s32-rw-mo","Fahlan Wahyu","21 November 2025","Kebanyakan event/collab, tapi server ga pernah di benerin, dilobby aman, dicek sinyal bagus, giliran di pertandingan sinyal Jumping ga jelas, patah patah, padahal semua udah support, device support, sinyal support. Memang aneh ini game","1.569 orang merasa ulasan ini berguna",""
"https://play-lh.googleusercontent.com/a/ACg8ocK7_KjbhUswfRzPJ1SmuWPwJ-9QpT7YFUghLK4xwx5krU4W8A=s32-rw-mo","Mok Kom","26 Desember 2025","game yang sangat bagus, karena season lalu saya bisa mencapai legend dalam waktu dua hari tapi sekarang sudah empat hari saya stuck epik empat kadang dapet mm jungler, mage exp, dsb tapi menurutku itu adalah penyemangat untuk menang 😊☺️","631 orang merasa ulasan ini berguna",""
"https://play-lh.googleusercontent.com/a-/ALV-UjWcWOOK6guVQqsHQv7eSDOuu1offhIvUrCnRwni7E29zs30vdwr=s32-rw","UwowT","27 November 2025","BACA!! setelah bermain lagi, sistem match making sudah bagus dengan pemilihan team berdasarkan server, saran saya role yang penting seperti jungler, mm, dan exp diberikan kepada server terlama dahulu, karena mereka biasanya berpengalaman lebih dalam bermain pada role yang penting seperti itu, dan enak dimainkan sendirian, untuk bermain bersama team, menurut saya masalah terbesar adalah banyaknya para penjoki yang dari 5 orang membawa 1 cheater agar match lebih mudah dan mempersulit kami ber5 !!!","546 orang merasa ulasan ini berguna",""
"https://play-lh.googleusercontent.com/a/ACg8ocKH5hz1wI9ozwC-si23zWSU_J4X3zbljr3qySOIUG-v8SetVA=s32-rw-mo","Fitrah Agung","25 Desember 2025","bagi solo player yg sabar ya, soal macthmaking untuk yg solo player masih terasa tidak adil sering dapat tim yg lemah lawan kuat, derita para solo player tidak pernah berahir, wkwkwkwk, menang sekali kalah berkali-kali, kan rasanya gimana gitu😂, niatnya mau ngilangin stress malah nambah stress","63 orang merasa ulasan ini berguna","Tampilkan histori ulasan"
"https://play-lh.googleusercontent.com/a/ACg8ocKDy8byyMkEwoCrCCpCuTk0PeN4tGf0RG7VmtUZlVtW8p5y3A=s32-rw-mo","Muhammad Rifqi Maulana","19 Desember 2025","sangat tidak recommended bermain game ini, kenapa, karena kalo kalian stuck di epic, g ush maen udh, nyusahin player solo tau gak, saran buat moonton, kalo kasih tim yang bagusan buat player solo, kalo player duo atau trio mah bebas. bisa bikin update game gak si? setiap update pasti ada aja bugnya, entah itu Hero ataupun jaringan, season 39 nih bug jaringan, aneh².","148 orang merasa ulasan ini berguna","Tampilkan histori ulasan"
"https://play-lh.googleusercontent.com/a-/ALV-UjWO4RRUkDIP5ihk85Y2YcjUdITZggzt6rxlCrXtKv6D4Re6ALIm=s32-rw","Thena Ampelianda","23 Desember 2025","ping tidak stabil patah-patah lag terus pas lagi team fight padahal jaringan di rumah bagus. Main game yg lain juga gak ngelag sama sekali, tapi moba ini sangat di sayangkan. padahal gamenya tergolong seru, tapi kadang bikin emosi karena ping nya naik turun.","22 orang merasa ulasan ini berguna","Tampilkan histori ulasan"
"https://play-lh.googleusercontent.com/a-/ALV-UjWTy9FkTcN66LzXn9bpwlb8CpFYQODYnG_V8o6wDpCU7s3gKpQ=s32-rw","luqman muhtaram","5 Desember 2025","Kronologi permasalahanya ketika di draft pick itu saat sesi player memilih hero itu tiba tiba fps nya ngedrop menjadi 1 fps, dan saat penyesuaian akhir juga fpsnya drop parah 1 fps, dan yang terakhir saat loading memuat pertandingan juga frame 1 fps, kadang loading nya ngestuck di 30% dan itu sangat menganggu sekali untuk saya karena sangat berpengaruh dalam pertandingan tersebut, kalah gold level karena hal konyol itu sangat tidak lucu, saya harap moonton bisa mengatasi permasalahan ini.","522 orang merasa ulasan ini berguna",""
"https://play-lh.googleusercontent.com/a-/ALV-UjXhvjTjLI4xTN9bnmwJAZjgRmzEyJFC6nQkDJQb9jNhhmbXPUxO=s32-rw","Exodus 22","26 Desember 2025","tolonglah, perbaiki performa gameplay nya di handphone Tecno CAMON 40 pro.. karena framerate ultra tidak terbuka dan sistem jaringanya tidak stabil. padahal sinyal sudah bagus, tapi in gameplay ping nya tinggi","19 orang merasa ulasan ini berguna","Tampilkan histori ulasan"
"https://play-lh.googleusercontent.com/a-/ALV-UjX1CFJxtygXpVqsRSL5FY3e4nUGaldIotRbRQ-5yWgbRyTXwSgi=s32-rw","Myftah Alye","18 Desember 2025","Game buruk, system matchmaking game paling buruk yg pernah ada, penyeimbangan tim tidak setara. Setelah win 1x selanjutny pasti lose 2x atau lebih, stuck dan terus berputar"" seperti itu. Jika tidak ada perbaikan mengenai penyeimbangan matchmaking, game ini akan menjadi game moba dengan matchmaking terburuk yan pernah ada.","220 orang merasa ulasan ini berguna",""
"https://play-lh.googleusercontent.com/a-/ALV-UjWjErHhQVwgpaCqMguwu2HoPqZB8IFH4PtAS4PJ992CKfG0Oyw=s32-rw","Ricky Aditomo","26 Desember 2025","untuk moonton nih ya game secara keseluruhan bagus, cumaaa.... pemilihan 1 rekan tim sering sekali tidak seimbang, bisa kah di filter kembali pemilihan sesuai rate average history masing-masing player, supaya seimbang ketika dapet rekan setim. saya untuk naik ke level berikutnya aja sangat sulit karena sering mendapatkan rekan yg tidak seimbang dengan lawan yg rata-rata bagus. game yg seharusnya menghibur malah menguras emosi..","36 orang merasa ulasan ini berguna","Tampilkan histori ulasan"
"https://play-lh.googleusercontent.com/a/ACg8ocLxI3Sr1pUFmkObXi9LoepIc0e_msmoJKnpuIMuDimrn3h1Rw=s32-rw-mo","Jarr Bae","19 November 2025","Udah beberapa season belakangan, Masih aja Sering ngeframe pas in game, Sinyal kadang suka naik, Setiap main solo rank (sendiri) selalu dapet tim tidak seimbang, kadang juga dapet tim 3 komputer, udah gitu musuh jago. mohon buat developer game (moonton), Masa iya sih game update mulu & event diperbanyak, Tapi in game masih bermasalah gapernah dibenerin. Mohon evaluasi & selesaiin masalah ini harus cepat diselesaikan, karena masalah ini sangat mengganggu & bikin tidak nyaman bermain.","9.346 orang merasa ulasan ini berguna","Tampilkan histori ulasan"
"https://play-lh.googleusercontent.com/a-/ALV-UjWuaK1nDEtQnqNljttO9Tpt5vP27kqEaN-3GdktfE3b5iC7ip0T=s32-rw","Cindy Imup","7 November 2025","matching sering tidak seimbang antara tim dan musuh. JARINGANNYA PARAH BGTT 2 SEASON KE BELAKANG, ngelag terus ping ga stabil (merah kuning saat war atau lanning) padahal wifi lancar pake data pun sama. nyusahin bgt gimana orang orang mau nikmatin game nya, yang di update tampilan sedangkan permasalahan di dalam game nya masih banyak. tolong perbaiki","2.975 orang merasa ulasan ini berguna","Tampilkan histori ulasan"
"https://play-lh.googleusercontent.com/a/ACg8ocJPfdZlwsK14y3fYGj3GlPE8fHhfazERkfnTmsQ3cnUeh9KEQ=s32-rw-mo","Suryani","24 Desember 2025","dasar game rusak ,udah ngeleg permanen walaupun jaringan bagus sebagusnya tetap ngeleg ,reset seseon bukan reset rank ,malah reset jaringan,lebih bagus game moba sebelah yg adil dan ga ada kerusakan,gak game mlbb ,pengen nge-push dengan persiapan yg lengkap,pas di game malah ngeleg gatau knp ,saya bolak balik nyari sinyal dan cek jaringan, nonton tiktok lancar banget buka YouTube lancar,pas lanjut main tetep ngeleg , dasar game jelek dan rusak, jadi males login dan main mlbb nya lagi .","22 orang merasa ulasan ini berguna","Tampilkan histori ulasan"
"https://play-lh.googleusercontent.com/a/ACg8ocJoiCI8tH05vg_Uq6jV2VBNYYCGs6CIoFiYtRouMGkSWHm0bQ=s32-rw-mo","ff kibomodz","15 November 2025","aneh, dari dulu masalah game ini cuma 1, sistem matchmaking yg ga adil 1. kenapa tim kami diberi yang tidak jago + bot, rata"" tim kami itu pick hero miya vexana, dan mereka ga bisa main cuma bisa jalan terus mati dan aneh nya tim musuh dikasih jago, sedangkan tim kami bot, saya main duo bersama teman saya, tapi 3 tim kami ga berguna sama sekali, mereka gabisa main, dan kill 0, harus bagaimana, gimana mau nyiptain game yg ramah lingkungan,kalo game nya aja masih ga beneran matchmaking nya","2.875 orang merasa ulasan ini berguna",""
"https://play-lh.googleusercontent.com/a-/ALV-UjXSvieBlDVDD4Jf98_tReIh63KZWKLVyN4oPx9YMNB9CJEboXI=s32-rw","Febri Pratama","20 Desember 2025","Sangat kecewa dengan fitur yg Skrang ntah jaringan lancar tapi di game sinyal nya down sering jumping sinyal bahkan beberapa Hero yg saya gunakan skill2 nya ada yg tidak berfungsi dan ada juga yg dellay, stlah di cek layar dan jaringan hp aman2 aja tapi di game terdapat bnyak kendala","130 orang merasa ulasan ini berguna","Tampilkan histori ulasan"
"https://play-lh.googleusercontent.com/a/ACg8ocL22GE6ebzjRvRZzCNYWNPt70z0Sdb3R6dbweNeqtScnL6BIw=s32-rw-mo","Bg Yoga","5 Desember 2025","gatau kenapa beberapa bulan ini ngeframe parah, apalagi pas draf. pas loading pertandingan juga tiba tiba putus sinyal, padahal peyimpanan masih banyak. game game lain lancar, seperti HOK, Roblox itu lancar lancar aja, tolong lebih di perhatikan ya, minimal kasih solusi kek. udah sistem busuk, masa masalah ini juga ga terselesaikan","454 orang merasa ulasan ini berguna","Tampilkan histori ulasan"
"https://play-lh.googleusercontent.com/a/ACg8ocL7vR_I6_iVcNoKq9388fkDGBErzz5StN6bpVwhOqCyU-9CLw=s32-rw-mo","Erdi Susanto","11 Desember 2025","Keluhan : tolong perbaiki sistem matchmaking.mengharukan sekali,saya sebagai solo player selalu dapat tim yang mainnya kayak orang bodoh.atau terkadang dapat musuh yang terlalu jago yang skillnya seperti pro player.dan jaringan tolonglah diperbaiki,masa ngelag terus padahal game online lain aman aja dimainkan.janganntau nya cuan aja..perbaiki dulu tu sistem matchmaking,jaringan.baru pikirkan cuan..kalau semua berjalan lancar dan sudah diperbaiki,,cuan itu tidak akan kemana mana.","622 orang merasa ulasan ini berguna",""
"https://play-lh.googleusercontent.com/a-/ALV-UjUUNst-8Hkiu4LJNyt3kqkgxcnx17B52E2_2DOT4p6ffIvuUB16=s32-rw","Maulida Atika","18 Desember 2025","kembalikan sistem yg dulu, sistem terbaru tidak jelas, tidak bisa pilih role sesuai keinginan kita, milih role mid sama roam, tp dpt roam trs, uda pindah pilih mid dan exp, dptnya exp trs, SAYA MW MAIN MID MUNTUN, pdhl match mid saya lebih banyak drpd roam dan exp, bintang 1, game jelek, mw pensi aja, da gitu jaringan suka ngeleg. kalo sistemnya kaya gini, saya yakin banyak player yang akan pensi (pindah ke hok) mampus, tidak bermain mobile legends lagi.","224 orang merasa ulasan ini berguna","Tampilkan histori ulasan"
"https://play-lh.googleusercontent.com/a-/ALV-UjUKD4xaAP0N6OvOSF1G_snJgCmuDPBhmDJxLt18lzRfn_VlLJzi=s32-rw","Revan Fadhil","26 Desember 2025","oi kalau bikin game ngotak napa, sistem lu di perbaiki. dari tadi maen jumpa tim duo trio di musuh, lah tim gw solo,sistem lane di perhatikan, hasil match lebih banyak maen exp di kasi gold lane padahal exp tim maen cuma sikit.","13 orang merasa ulasan ini berguna",""
"https://play-lh.googleusercontent.com/a-/ALV-UjX8LzMMZ_2_Frm8zU8Ai6z3-SJvon93WwYrop6KpdB3sYFomnOe=s32-rw","Ft r (???)","5 November 2025","game bagus, namun saya memiliki saran yaitu fitur Afk harus di tambah dalam 2 jenis, 1 AFK buruk: sengaja kalah dengan cara Afk, dan tidak dak bermain dengan benar. 2 AFK Baik, untuk orang yang kondisinya tidak memadai, contoh: saat bermain, Wi-Fi/koneksi internet tidak bagus dan menyebabkan Afk, dan akan di kasih untuk Mengajukan ""Banding"" atau alasan mengapa gameplay sebelum nya Afk? dan jika Banding tersebut cukup masuk akal, maka tidak akan menyebabkan Afk/pengurangan credits score","940 orang merasa ulasan ini berguna",""
"https://play-lh.googleusercontent.com/a-/ALV-UjXhRm-iNxKT4akGETINPA15OWgVvFbGUHHtRvKoF29pZS1VdLM=s32-rw","No Name","26 November 2025","pengalaman bermain sangat buruk saya selalu dipasangkan dengan tim yang tidak tahu cara bermain dan counter mengcounter rank aaya turun drastris, untuk moonton tolong perbaiki sistem pemasangan tim ketika solo, pasangkan dengan tim yang bisa dan tau counter, item, hero dan draft pik .","3.551 orang merasa ulasan ini berguna",""
"https://play-lh.googleusercontent.com/a/ACg8ocKSN8v5OKpR6MroWZl_qTq9MYxlmaPq6_lFFnfWyE2wbqoA81g=s32-rw-mo","HANS GUNAWAN TAFONAO","26 Desember 2025","jangan kebanyakan update event menarik doang,, karna sebelum itu di launching, mending fix dulu bug yang ada di dalam game. mulai dari bug jaringan dan masih byk lagi. terutama kami user benedetta. tolong, sudah sedari lama bug pasif ga pernah di fix !!!","5 orang merasa ulasan ini berguna","Tampilkan histori ulasan"
"https://play-lh.googleusercontent.com/a-/ALV-UjVLMachxitRpStIW09hY5Qeb32XLmvo82mHCkjCoshw_6Wh3DI=s32-rw","Monalisa Kakak","6 Desember 2025","tolong moonton benerin gamenya dong. digame sinyalku itu hijau tapi aku malah ngelag sedangkan yang musuh itu nggak dan justru malah ada peringatan tentang afk, padahal itu sinyal hijau tapi kok malah ga bisa gerak. Dan itu aku lagi war, plisss lah moonton perbaiki lagi, awalnya gak gini kok. Aku suka game nya tapi kalo kyk gini kan ya malah nganggu kami yang lagi main dan apalagi kalo lagi main rank. susah menanginnya terus malah.","8.010 orang merasa ulasan ini berguna","Tampilkan histori ulasan"
"https://play-lh.googleusercontent.com/a-/ALV-UjWitJk8pNintytFRdlB2r2GFvYg5vFFHPUvTLineJkyQG8sZ3M=s32-rw","vlaxi","23 November 2025","moonton plis lah gak semua orang punya temen buat diajak party, diadain sistem pilih lane juga malah tetep aja gaada fungsinya karena malah sengaja dipilih ke lane yang lebih sedikit kita pakainya, sekalinya dapat malah timnya yang bodoh. gw sebagai solo player juga pengen bisa main dengan nyaman tanpa harus gelisah nungguin temen on! dari dulu sampe sekarang masalahnya selalu di matchmaking. busuk!","776 orang merasa ulasan ini berguna","Tampilkan histori ulasan"
"https://play-lh.googleusercontent.com/a-/ALV-UjV_5vvsD1oebqdujOxiZL8IXdVVqcb30eM4KmL1b-LK-PDbDV0=s32-rw","Alvian Ramadhan","26 November 2025","pembagian antar tim tidak seimbang, tim sendiri memiliki rank rendah, winrate rendah, maupun penguasaan hero yang kurang dibandingkan musuh dengan rank yang sama. Banyak hero yang terlalu kuat dan lemah, namun banyak hero yang tidak perlu dirubah tetapi malah di-revamp seperti Freya. Beberapa event terasa berat seperti bermain game beberapa kali atau yang lainnya. Kurangnya event untuk mendapatkan skin gratis dan masalah performa walaupun menggunakan sinyal bagus serta lag pada akhir draftpick","740 orang merasa ulasan ini berguna",""
"https://play-lh.googleusercontent.com/a/ACg8ocKCRMc4dg4vhGSL_vQaFX41Dr7BMz7_HdkPhi5Aic4biZInJnLT=s32-rw-mo","Akhmad Nur Ismail","21 Desember 2025","kebijakan yang di berikan tidak sesuai dengan rank player yang di jalankan kemudian sinyal yang tiba tiba saja down tanpa alasan sedangan unit user yang di gunakan memadai status jaringan juga aman tapi setiap tiba tiba ngelag tanpa sebab yang jelas","103 orang merasa ulasan ini berguna",""
"https://play-lh.googleusercontent.com/a/ACg8ocIHRfmJYxhfNa9uuqla2vb3tNgt0Wwk9umxyGDgu4WXFxix=s32-rw-mo","muhammad syaukani akbar","7 Desember 2025","game buruk, saya memainkan game ini banyak problematiknya, mulai dari sistem draft yang aneh dan tidak adil, performa permainan yang banyak sekali masalahnya, mulai dari sinyal yang mendadak hilang saat lagi war, tim yang tiba-tiba tidak bergerak, hingga pasti ada saat ketika naikkin bintang rank malah permasalahan sistem permainan yang anomali, entah dari hp yang tiba-tiba crash hingga keluar dari permainan secara mendadak, itu sangat merugikan dan saya yakin developer yang membuat sistemnya","254 orang merasa ulasan ini berguna","Tampilkan histori ulasan"
"https://play-lh.googleusercontent.com/a/ACg8ocIxs2Gc3EdBznnuoYAS7t8ng2C1b1oDyFbcvL5h-z1T7I4gtQ=s32-rw-mo","Alexander Giovinco","23 Desember 2025","sedikit saja dibaca!!!! 1.,ping padahal di lobby aman aja. 2. solo rank kenapa ketemu lawan jago yang kompak dan tim yang bikin turun rank. 3. mainya lama,gara gara sinyal bentar di cap afk. segitu saja semoga ada perbaikan terutama sinyal , satu lagi kasih tim yng jago, lwan yng sedang 😁 ni game kalok main solo aduh berisiko rank apalagi , udh ku kasih bintang 🌟🌟🌟🌟🌟 jangn lostrek terus","46 orang merasa ulasan ini berguna","Tampilkan histori ulasan"
"https://play-lh.googleusercontent.com/a-/ALV-UjUeo1o1ZdTdCaNZVHnK0FNdfYUqwYQeMErEjcPjMKqR_S07KuU=s32-rw","Faizihran Kapilah","21 Desember 2025","Sering lag!, padahal mode speed udah aktif, grafik diturunin, suara dimatiin, cuman donwload data yang pentingnya aja , tapi masih lag.. kalau dalam pertandingan gak jarang LAG 298p,akhirnya difitnah AFK 😡.Ayolah moonton, padahal skin banyak, hero banyak , event juga banyak ,tapi percuma kalau LAG lagi LAG LAGIII!!.🤬 padahal ini game seru dari dulu☹️ :(.ku turunin bintangnya banyak playernya gak ramah, main kalah terus,banyak player ngeroasting player lainya.tolong dong sensor kata gak ramah👎","440 orang merasa ulasan ini berguna","Tampilkan histori ulasan"
"https://play-lh.googleusercontent.com/a-/ALV-UjXz8pPttAHzsDYNkWBzlOOsObu41PYsiEMhFvqf_S6Q--j0UWMj=s32-rw","Myuu Chanz","25 November 2025","Game buruk, system matchmaking game paling buruk yg pernah ada, penyeimbangan tim tidak setara. Setelah win 1x selanjutnya pasti lose 2x atau lebih, stuck dan terus berputar"" seperti itu. Jika tidak ada perbaikan mengenai penyeimbangan matchmaking, game ini akan menjadi game moba dengan matchmaking terburuk yang pernah ada.","810 orang merasa ulasan ini berguna",""
"https://play-lh.googleusercontent.com/a/ACg8ocK3NvIW_plO76ONp6hz3t7BcSPcHzQ97gWdUE5BfkU3Uu1TMw=s32-rw-mo","dzul harefa","19 November 2025","Dimohon kepada pihak Moonton, untuk memperbaiki sistem matchmaking, sistem matchmaking yang dimaksud adalah perolehan tim yang tidak seimbang saat bermain solo ranked, saran saya untuk dipertemukan sesuai dengan data statistik pemain, baik tim musuh maupun tim sendiri, supaya tidak mengecewakan player yang bermain secara solo ranked, bayangkan saja saya main dari jam 5 sore hingga 9 siang, tidak mendapat perolehan bintang, justru bintang saya turun 5 bintang. Dimohon kebijakannya Moonton.","554 orang merasa ulasan ini berguna",""
"https://play-lh.googleusercontent.com/EGemoI2NTXmTsBVtJqk8jxF9rh8ApRWfsIMQSt2uE4OcpQqbFu7f7NbTK05lx80nuSijCz7sc3a277R67g=s32-rw","Pengguna Google","18 Desember 2025","Jaringan server down saat bermain, padahal kekuatan jaringan data saya bagus dan kencang tetapi pada saat main server nya yg down hasil nya semua player mengalami lag tidak bisa bermain karna dari server moonton, tolong diperbaiki, ini faktor setelah update season terbaru.","43 orang merasa ulasan ini berguna","Tampilkan histori ulasan"
"https://play-lh.googleusercontent.com/a/ACg8ocLmVEOZqQwagx24rfTKtJJKIxp4ql6El500RPvy9rn7BHcLUg=s32-rw-mo","Anton Chandra","29 November 2025","ini game makin lama makin rusak, mulai dari jaringan, bug, dan sebagainya, gw salah satu player lama yg hingga saat ini masih bertahan untuk memainkan game ini, tapi seiring berjalannya waktu, makin bikin gw muak sama sistemnya, apalagi matchmaking yg ga karuan, tolong dong sesekali dibaca dan dikerjakan.","156 orang merasa ulasan ini berguna",""
"https://play-lh.googleusercontent.com/a/ACg8ocLaPeE6kXcpI7_2DXHODsl_7U1aiG580px_U3VLEa90nXWyvQ=s32-rw-mo","Laila Puspita","19 Desember 2025","game rusak! main game niatnya mau have fun malah emosi gara gara tim yang gabisa diajak kerja sama, tim selalu dapat yang ga bot, sedangkan tim lawan selalu kuat kuat. parah, sampai lose streak 10x kaya buang buang waktu aja selama itu main bergaharap menang, kadang turun naik turun naik, kalo kaya gitu lebih mending gamenya tidak usah dimainkan, kerna sama saja seperti tidak memainkan, turun naik bintangnya sama kaya semula sebelum main, bahkan kadang lebih turun dari sebelumnya","114 orang merasa ulasan ini berguna",""
"https://play-lh.googleusercontent.com/a-/ALV-UjXEWSYSeJTnxbIkoy5DW56lM86gWQlF2E78Xk3NIPP2lF7pLfM=s32-rw","Nimos Putry","12 November 2025","tolong dioptimalkan lagi, kasihan yang hp yang low device sering telat 1 - 2 menit karena stuck di loading match, tolong lah dioptimalkan, jadi makin susah sekarang untuk hp low device, sering tertinggal level jadi mohon untuk pihak moonton tolong dioptimalkan lagi, saya sering kena pelanggaran berupa afk karena stuck di loading match terus, sebelumnya tidak begini, season season yang lalu tidak ada masalah sama sekali malahan lancar banget dan ga stuck, tapi sekarang udah beda banget","2.447 orang merasa ulasan ini berguna",""
"https://play-lh.googleusercontent.com/a/ACg8ocKwOGiSoBcDHCXkxKPMCdeT0x3b_MqqzypbSjAm4UQ4DcTcbQ=s32-rw-mo","Alusairi Usairi","23 Desember 2025","kenapa Terjadi masalah saat berganti akun yang bertulis akun dari platform sosial ini tidak terkait dengan game .tidak dapat beralih.silahkan coba lagi padahal aku punya dua akun Gonta ganti terakhir ganti keluar lah pesan ini mohon segera ditangani","3 orang merasa ulasan ini berguna","Tampilkan histori ulasan"
"https://play-lh.googleusercontent.com/a/ACg8ocJJTbY03HaT_EAwVWqvoJerJcygYePKXlxpIdM5I0J_mgwNnA=s32-rw-mo","Awal Ngabang","13 Desember 2025","iya tolong montoon,,kayaknya game mobile legend ngak kayak dulu deh,,punya ku kalau udah masuk mode gem malah balik ke awal layar,,dan kalau udah main di mode Reng,,Hero tidak mau di kendali,,sehingga sering terkena afk,,padahal jaringan stabil,,dan setelah di instal ulang pun masih sama,sehingga kami para player setiap main selalu terkena afk dan pengurangan skor,,","314 orang merasa ulasan ini berguna",""
"https://play-lh.googleusercontent.com/a-/ALV-UjWeTnoIPPobHFNQDReAhMgfUi9lVUdvMji76Rh8oNzcHuyl5iJf=s32-rw","Moch Fikri Maulana","24 Desember 2025","Match making yang sangat diluar nalar, tim yg sangat aneh, atau skill yang sangat kurang hingga menyebabkan lose streak berkepanjangan, awalnya saya kira karena saya bermain solo, ternyata ketika bermain dengan teman sama saja, selalu mendapatkan tim yang aneh Tambahan, setelah adanya patch baru ini malah muncul masalah baru pada gameplay saya, yaitu lag yang merugikan padahal sebelumnya sangat minim terjadi lag edit 25/12/2025 : masih tetap sama match making tim aneh, lag ping merah random","5.260 orang merasa ulasan ini berguna","Tampilkan histori ulasan"
"https://play-lh.googleusercontent.com/a/ACg8ocIqwJP0PCTffx3WiQfgehHJKt3kEYLRYAaGLX2rstiOQZWzsw=s32-rw-mo","Kristian Farel","10 November 2025","Mobile Legends makin ke sini malah bikin kesal. Jaringannya sering banget ngelag padahal internet lancar. Matchmaking-nya juga nggak adil, kadang lawannya jauh lebih kuat. Belum lagi kalau game-nya error, kita yang malah kena minus. Tolong deh, Moonton, perbaiki server dan sistemnya biar pemain nggak rugi terus.","749 orang merasa ulasan ini berguna",""
"https://play-lh.googleusercontent.com/a-/ALV-UjVRvXw4A3vFFt5xtYY0IBvDW4xKar7xTMakqn8i0O7s_V6jFUE=s32-rw","medi Curup","21 Desember 2025","permainan games yang bagus dan mendunia,tapi sayang sistemnya sangat la buruk.tidak adil,curang,kenapa saya bilang begitu,karena sinyal saya Hijau dan normal tapi kok yang saya mainkan (yg di gunakan)kok main sendiri setela mati baru normal.terkadang main sendiri tampa di kendalikan ane,klw minta tolong sama moontonnya jawabannya apa? maaf ya atas ke tidak nyamannya 🙏🙏terkadang permainan tidak masuk akal sistem permainannya buruk.pertandingan yang benar2 ngak imbang.","61 orang merasa ulasan ini berguna","Tampilkan histori ulasan"
"https://play-lh.googleusercontent.com/a-/ALV-UjWMnbb9X7DbVk76HFttfw5eH-5hbNTx7J_UdlgyoP438Vbx8zmq=s32-rw","Dieky Oktanto","20 Desember 2025","senang sekali game nya, dan seruu, tapi selalu aku dapat tim ga guna, kapan sih aku dapet tim bagus? padahal rank lohh malah dikasih tim ga bisa main, aku capek sama ML sekarang.Tapi meskipun begitu aku tetap setia sama ML apapun keadaan nya, karna aku uda nyaman, mayan banyak event yg bisa mendapatkan skin gratiss!!","1.114 orang merasa ulasan ini berguna","Tampilkan histori ulasan"
"https://play-lh.googleusercontent.com/a/ACg8ocLfxd7VgLNnm3swqxIzXC8r1tueqtL_lJg0E2oPGBqRy59g5A=s32-rw-mo","Yunan","15 Desember 2025","tolong moonton benerin gamernya dong, digame sinyalku itu hijau tapi aku malah ngelag sedangkan yang musuh itu nggak dan justru malah ada peringatan tentang afk, padahal itu sinyal hijau tapi kok malah ga bisa gerak. Dan itu aku lagi war, plisss lah moonton perbaiki lagi, awalnya gak gini kok. Aku suka game nya tapi kalo kyk gini kan ya malah nganggu kami yang lagi main dan apalagi kale lagi main rank. susah menanginnya terus malah.","119 orang merasa ulasan ini berguna",""
"https://play-lh.googleusercontent.com/a-/ALV-UjXr7yoekkf8Qohn6bx3MdVVjgLmBz35nj5E_4_VC3ChzW6O0FSp=s32-rw","Acep Deni","20 Desember 2025","sangat tidak puas .. dari segi grafik bagus,, tapi pengaturan figth nya ngaco, dan jaringannya burik burik burik karena tiap war pasti sinyal jelek, pedahal yutub bagus ,tiktok bagus, tapi kenapa game burik ngelag dan ngebug dengan sendirinya.. dan yang parahnya lagi ,tiap main pasti dapat tim dark system:( tolonglah moonton.. pantesan saja banyak yg pindah ke game HONOR OF KINGS","170 orang merasa ulasan ini berguna","Tampilkan histori ulasan"
"https://play-lh.googleusercontent.com/a-/ALV-UjXerkF7M5ZayFE5J3SAhjIA5Jnnc7wWPMGsqx3jXK_aUL_MriAc=s32-rw","Purwanto Wanto","23 Desember 2025","MOONTONN!! , Tolong benarkan masalah laporan afk. . . . . jadi saat aku main 1 match rank saat draft pick masih sempat ban dan pilih hero , setelah itu saya ditelfon. ternyata telfonnya gak penting dan cuman sebentar , tetapi karena hp ku yang burik jadi saat masuk ke ML malah suruh login dan login nya.. lama disitu saya sempat afk sampai beberapa menit sekitar 2-3 menit. setelah masuk ke match aku main biasa sampai end , saat end kenapa aku dihitung AFK? padahal aku sudah main seperti biasa??","15 orang merasa ulasan ini berguna","Tampilkan histori ulasan"
"https://play-lh.googleusercontent.com/a/ACg8ocIqS9QASr7qnu6DQZpJiVQ8MvzAat6izuTxcDBFvptV1qhw7Q=s32-rw-mo","SERGIO TABORO","21 Desember 2025","gamenya gak jelas sumpah, jaringan gua bagus gak ada kendala tapi pas main tiba tiba menghubungkan kembali padahal gak ada masalah di jaringan gua Hero gua gak mau gerak terus skill skill nya gak mau keluar padahal udah di spam, tolong jelasin yaaaa, gua main jadi gak nyaman.","76 orang merasa ulasan ini berguna","Tampilkan histori ulasan"
"https://play-lh.googleusercontent.com/a/ACg8ocIZnWcg3yMRVz816CzFyhx7icGrfyyF-agbJo1Pi1ojLV8m=s32-rw-mo","David Yumer","23 Desember 2025","monton tolong dong atasi draf pick di 10 detik terakhir setelah update nge lag / ngefreeze dan waktu loading screen juga ngefreeze monton lagian waktu masuk di ingame telat tolong kah monton atasi masalah ini secepatnya salam dari davidmy nickname mobile legend Canvellia","5 orang merasa ulasan ini berguna",""
"https://play-lh.googleusercontent.com/a/ACg8ocLKJvGESDF75bNg-25EjcX4ZDufOPvhWY8wRjQTlfaHkfIZnQ=s32-rw-mo","Agus","23 Desember 2025","game busuk setiap Solo rank pasti ketemu mulu dark sistem, bayangin aja gw lagi ngebuff tiba""di rusuh musuh tapi roam nya malah ga mau bantuin dan yang paling parah lagi mm nya malah bilang gw ga bisa main, tolong lah monton bagi player Solo rank kalau kasih tim yang bener dikit lah","16 orang merasa ulasan ini berguna","Tampilkan histori ulasan"
"https://play-lh.googleusercontent.com/a/ACg8ocLKouYiMqvo_NZllMdW2LZrFhxQetn8_AdL-G1Tdsn0FelrEA=s32-rw-mo","Tian Aulia","18 Desember 2025","mohon dibaca pihak moonton saran aja tolong buat sistem solo rank lebih baik yaitu jangan pertemukan dengan orang yang sedang bermain duo trio dengan orang solo karena itu sangat tidak adil lalu dan mohon jaringan server nya lebih di buat lebih baik padahal jaringan sudah bagus tapi suka tiba hilang saat war tapi malah bagus lagi ketika udah mati ketika war itu saja sisanya sudah bagus banget.","515 orang merasa ulasan ini berguna",""
"https://play-lh.googleusercontent.com/a/ACg8ocIC0fGcfLlEXW62ou1yI5FuuPm5_YtPZl-gC6q4hMItDFz7fA=s32-rw-mo","Hello Nuryanto","23 Desember 2025","game ngebug terus gak ada yang di tekan suka loncat entah apa yang di klik padahal jaringan bagus sebenarnya niat bikin game gak ini padahal ram hp masih banyak tapi cuma buka moba doangyang error yang lain gak pindah game sebelah aja dari pada main di sini error Mulu gak asik","4 orang merasa ulasan ini berguna","Tampilkan histori ulasan"
"https://play-lh.googleusercontent.com/a-/ALV-UjWlhQonVk5WoaI6rbDVDnzEaSgmi3_KGTb1byMG7ZT1R4YcOuA=s32-rw","M Rendy","25 Desember 2025","dimohon kepada pihak moonton, untuk memperbaiki sistem matchmaking, sistem matchmaking yang dimaksud adalah perolehan tim yang tidak seimbang saat bermain solo ranked, saran saya untuk di pertemukan sesuai dengan data statistik pemain, baik tim musuh maupun tim sendiri, supaya tidak mengecewakan player yang bermain secara solo ranked, bayangkan saja saya main dari jam 5 sore hingga 9 siang, tidak mendapat perolehan bintang, justru bintang saya turun 5 bintang tolong kasih saya ws capek ls mulu","401 orang merasa ulasan ini berguna","Tampilkan histori ulasan"
"https://play-lh.googleusercontent.com/a/ACg8ocL5V2-G4hZH62Nc60bWcMiA0ykfwSGkjQ0y8FC6F8ZV1I9MdA=s32-rw-mo","RENDY ANDIKA","21 Desember 2025","parah amat ini game gua lagi main pas di draft pick malah koneksi jaringan terputus padahal Wifi gua kenceng dan gak ada masalah abis gua login ulang malah stuck di loading parah udah gua otak atik masih gak bisa masuk udah gua apus gua dwonload lagi masih gak bisa gua liat tutor sama aja, kalo main juga ping 10ms hero gua jalan sendiri tolong lah monton benarkan jadi gak konsisten ini para player.","43 orang merasa ulasan ini berguna",""
"https://play-lh.googleusercontent.com/a/ACg8ocKIvwXM3fb73PByAR8U_ecyTbK4vJXlUsxgx7gMgoMFrcWCSg=s32-rw-mo","Muhammad Zaky","10 November 2025","hmm....... tolonglah dari moonton, sebagai player solo, saya tidak mengharapkan kemenangan, minimal 4 player di tim saya waras aja udah bagus.... tapi ya... lagi². Ya, saya tau dari POV player lain pun ada kesibukan dan motivasi yg memengaruhi player tersebut, tapi tolonglah, jangan kalo saya sebagai player yg waras, gameplay jarang dapat coklat, ya tolonglah..... minimal tingkatan laporan biar yg emang nge-feed, main gabener itu beneran kredit skornya turun, kalo bisa tambahkan penurunan skorny","574 orang merasa ulasan ini berguna","Tampilkan histori ulasan"
"https://play-lh.googleusercontent.com/a/ACg8ocKJRRI3WmXzBbRQJt6qWnOd2VXqUtF3yIuZ6LBMu_K4-sXTYQ=s32-rw-mo","Hanifah Azzahra","26 November 2025","gamenya udah bagus tapi kadang sering ngelag ketika main online, padahal sinyal stabil ,ram ,dan memorinya masih banyak jadi tolong perbaiki lagi, terus bisakah tambahkan pengaturan efek recal dan battle emot yang bisa dipakai ketika main offline, sekian dan cukup terimakasih.","1.855 orang merasa ulasan ini berguna",""
"https://play-lh.googleusercontent.com/a/ACg8ocI0tNekDLK1D8PAqM_6dBwwj7CbN6mqiQbj4H12kH3ChD2L4w=s32-rw-mo","ARVIN ARYA","23 Desember 2025","game busuk tim yang payah dan sinyal yang gampang lag tolong jangan hanya fisual yang bagus dong jika hanya bagus fisual nya saja lebih baik introspeksi dan tolong jika dibalas dibuat player yang masih belajar dan player yang sungguh ingin bermain saya bermain selalu dapat tim yang jelek dan teman saya selalu dapat tim yang bagus tolong dibenahi jika tidak jangan harap banyak orang yang betah bermain game moba ini (payah).","15 orang merasa ulasan ini berguna","Tampilkan histori ulasan"
"https://play-lh.googleusercontent.com/a-/ALV-UjXT1957aBa4umTjo6TKsV3HiX6MgB4JhW40TC4vxpKajQnu2VwS=s32-rw","Nobody","23 Desember 2025","gamenya bagus seru tapi tolong toon kalo ngasih tim dan musuh sesuai setandar lah masa rank mytic lawan rank glory terus belum timnya yang gak bisa main tapi dari semua itu ini game Bagus banget banyak event menarik dan grafik gameplay yang bagus aku kasih bintang 4 ya karena gamenya bagus cuman pas masuk matchmaking tolong disesuaikan ya","23 orang merasa ulasan ini berguna",""
"https://play-lh.googleusercontent.com/a-/ALV-UjW-FILBwFgV2olFqRHm4oTXFH3T69RqkJLfA52Ubgu2-CKh7Fg=s32-rw","Gold De Edyson","3 Desember 2025","Masih sering lag dalam pertandingan, apalagi saat pertarungan sering kali lag /freeze!! Sering sekali pengguna game menggunakan cheat, yang membuat permainan tidak lancar! Lalu seharusnya, pengguna rating dibawah 50% jgn matching dengan rating diatasnya apalagi tier jauh berbeda! dan poin dibawah 100 jangan boleh ranked, mereka pengguna afk/troller. Buat permainan ini fairplay!!!! Tolong sadari & perbaiki 🙏","11.990 orang merasa ulasan ini berguna","Tampilkan histori ulasan"
"https://play-lh.googleusercontent.com/a-/ALV-UjVRG1urhgCEzyA6KVwulMrUUjXcrAaTcW-2TdiuiMCQ0291pw=s32-rw","Rian","11 November 2025","sebenarnya ada beberapa kendala yang menjengkelkan, adanya teman feed dgn sengaja dirank tetap ada dan bikin bintang jatuh trus padahal dia yg masalahnya,jika bisa dia diban sehari atau seminggu supaya tidak ada player seperti itu, kemudian ada masalah jaringan server, pernah saya main tiba-tiba jaringan merah,dan semua player dimatch memang ngelag semua padahal jaringan bagus,dan yg lain yg bikin kesel,lagi main lebih dari 10 menit dan itupun saya yg carry,pas saya afk 5 menit bintang tdk naik.","303 orang merasa ulasan ini berguna",""
"https://play-lh.googleusercontent.com/a-/ALV-UjV4Q36w1JT-2_w_I2PLaS7Pg8t-dyhTfBmWHRNxcXQMslpqvfF3=s32-rw","Oddysseus zogo.s","25 November 2025","Settingan moonton sangat terasa, setiap kali ingin naik ke level tingkatan yang lebih, moonton selalu kasih darksystem, semisal : Tim yang kurang kompak lah, yang winratenya jelek lah, bocil yang ngambekan lah, matchmaking yang lama lah, dll. Padahal sudah coba ambil jeda beberapa hari, tapi tetap saja moonton selalu tidak adil. Saya tidak keberatan jika dapat lawan yang jago main, tapi saya keberatan jika moonton kasih matchmaking yang tidak seimbang, semisal 1 rekan tim yang tidak kompak.Thnks","498 orang merasa ulasan ini berguna",""
"https://play-lh.googleusercontent.com/a/ACg8ocKxs2pcf3Fan9jwL1XSlSjFIphCQUSH3XBeiqj1EXM10OpTEg=s32-rw-mo","Jack Daniel","26 Desember 2025","Dengan adanya sistem baru pemilihan line sebelum pertandingan saya pemain solo sudah gak respect lagi bermain mobile legend karena banyak player lain yang tes line di ranked bukan di clasic. Mungkin sistem pemilihan line ini bagus buat yang main squad atau bermain lima orang tapi untuk kami pemain solo sangat merugikan. Ke depannya mungkin moonton melihat lgi apa bila ada pembaruan sistem utamakan kenyamanan player sebelum game ini bikin bad mood dan malas orang mainkan lg alias boring.","6 orang merasa ulasan ini berguna","Tampilkan histori ulasan"
"https://play-lh.googleusercontent.com/a/ACg8ocKRpEnAzK7MrgYfppcalcAlz2bAjoz_5ho7c9WkaSNBAI8gBw=s32-rw-mo","Akun Pemulihan","15 November 2025","game anda tidak memiliki support sistem jaringan yang memadai sehingga ketika saya bermain pada ping 31ms terjadi lag dan crash serta karakter tidak dapat di gerakan dalam game dan ini bukan karena hp atau jaringan internet saya yang jelek melainkan karena anda kurang dalam memperbaiki pada sistem jaringan,,tidak seperti di game HONOR OF KING meskipun ping jelek tetap bisa dimainkan meski agak delay tetapi tidak mempengaruhi gerakan karaktèr.Dan karena ini saya tidak puas untuk masalah jaringan.","392 orang merasa ulasan ini berguna",""
"https://play-lh.googleusercontent.com/a/ACg8ocIibIPPyw3AiZvs5kaFUURPzamopFKXZVSY4qiwEzYoMh2hEQ=s32-rw-mo","Muhammad Caesar Perdana Darkness Atrocious","24 Desember 2025","Gamenya bngst, kont-l, gw lagi enak²nya farming monster jungler, tiba² jaringannya buruk, padahal jaringan gw bagus tolil, ini game nangkep jaringannya pake apa sih!? Pancingan? Eh, gw kasih tau aja, klo ada player lu afk gara² jaringannya lag, gk usah dikasih peringatan, lagian wi-fi udh bagus tapi tetep aja lag, heran gw","13 orang merasa ulasan ini berguna",""
"https://play-lh.googleusercontent.com/a/ACg8ocKFp1gxbMPjLwnQ71GNxwGnX7cYLaYfyS-rfjiHGYMbdnMq=s32-rw-mo","Denis Riski","23 Desember 2025","mohon maaf sebesar-besarnya MLBB setiap mau main ga bisa masuk pertandingan, padahal pertandingan nya udah ditemukan tapi ga bisa masuk. terus akun mlbb saya kena ban beberapa menit dari matching sama kredit skor nya turun, alasan nya karena tidak siap, lah gimana mau siap, masuk aja ga, padahal jaringan bagus. jadi tolong lah moonton kalo gini terus malah ngerugiin player nya","13 orang merasa ulasan ini berguna",""
"https://play-lh.googleusercontent.com/a-/ALV-UjW-HEIz_1BhWWXxizav8DiCXcSH31qPrDEtN206298TyW40m33L=s32-rw","M.ziqri Zarkhan","11 Desember 2025","ada bug joystick tidak bisa di gerakkan saya sudah mengajukan masalah ini di pelayan di game tapi dia minta foto sedangkan bug itu datang tiba tiba dan hilangnya juga cepat tetapi sering terjadi biasanya dalam 1 match bug itu terjadi 10-15 kali karakter kita akan diam dan harus menunggu beberapa detik baru bisa bergerak padahal jaringan saya 30 ms","167 orang merasa ulasan ini berguna","Tampilkan histori ulasan"
"https://play-lh.googleusercontent.com/a-/ALV-UjXS615syZql3tmRnz-Qs8UpwgZDcc0E-JE9y0EGaotApX6cco6cOw=s32-rw","Akbar Sheva Milano","23 Desember 2025","ampas bgt sih moonton, bikin matchmaking yang balance aja kaga bisa, gak fair dong orang main solo ketemu party (mabar berlima), kasus paling seringnya sih main solo ketemu duo/trio, maksudnya ya dibuat balance aja dong, orang main solo ya buat tuh ketemu tim yang lagi main solo juga, begitupun party, mereka juga harusnya ketemu party-an juga. ini harusnya simple kan, basic buat menciptakan matchmaking yang adil....","12 orang merasa ulasan ini berguna","Tampilkan histori ulasan"
"https://play-lh.googleusercontent.com/a/ACg8ocLzRcddUkP8mTCbQGt8AZbDZfYeuGwji6HQMfRv4sdrdZT13g=s32-rw-mo","RM Football","22 Desember 2025","stress nih game, masak iya udah dalam game masih dipaksa download data game juga ya sinyalnya kebagi lah menimbulkan lag, dan penurunan fps bener bener ga ramah untuk hp kentang, merugikan banget sih ini udh di ingame ngeleg parah ga bisa gerak gara gara memuat resource, mending lah did download doang resource nya ini di instal juga di ingame nya, makanya bikin lah parah","17 orang merasa ulasan ini berguna","Tampilkan histori ulasan"
"https://play-lh.googleusercontent.com/a/ACg8ocJ3mMm3IOXfB0AQPdL6-fMxE1Zy9gni-tInJrkcjChGzy-vlw=s32-rw-mo","Dika","21 Desember 2025","aneh dah game ini udah sinyal bagus terus tiba-tiba kena sinyal,,, ntah sinyal atau dari gamenya sendiri. tapi kurang tepat kalau masalah sinyal soalnya sinyal lumayan lancar,,,, pesan buat moonton mohon di perbaiki 🙏🙏🙏 kasian yang lagi winstreak terus tiba-tiba kena sinyal padahal sinyal bagus,,,, dan semenjak habis update gamenya kayak rusak","39 orang merasa ulasan ini berguna",""
"https://play-lh.googleusercontent.com/a-/ALV-UjWoiO70SrmnAavpaxDaMxsT-Nm1z4IuqH421keCAkL9C_7S22w6=s32-rw","ARIF FTH","28 Desember 2025","Game Rusak. Semakin nambah season semakin rusak main solo rank selalu di kasih tim bot dark sistem (solo vs party) matchmaking ga seimbang sampe kalah terus-terusan.. saat in game kondisi jaringan bagus tapi selalu dibikin nge lag parahhh, sepertinya memang sengaja dibikin lost strek..Game busukk sistem ga pernah diperbaiki tlol","5 orang merasa ulasan ini berguna","Tampilkan histori ulasan"
"https://play-lh.googleusercontent.com/a/ACg8ocJUsZIAhi_rp52qvGwCF78rVd1SGvsYterU74fGRpPQAlss_w=s32-rw-mo","Fy 22","22 Desember 2025","Hadeh gini mulu solo ketemu trio / duo udah pilih lane dimonopoli masih juga ngefeed. Mau di report juga ga ngaruh ga ngefek mentang"" maen trio / duo, minimal hilang kek kredit score tapi juga ga ngurang. Minimal kasihlah solo pilih satu lane doang biar adil ketemu modelan trio / duo ngefeed kek gini. Emang harus pensi dari game ga jelas ini kalau tiap maen diketemuin sama trio / duo","13 orang merasa ulasan ini berguna","Tampilkan histori ulasan"
"https://play-lh.googleusercontent.com/a/ACg8ocJ6Gv1hWleYsWAy4s6PeoF8gWxvTIx_-83ixVhYk8TeIiDcFQ=s32-rw-mo","Fitri Aulia","24 Desember 2025","Saya sangat kecewa dengan sistem Mobile Legends sekarang. Sistemnya sangat buruk, buruk, dan buruk sekali, serta sangat mengecewakan. Polanya selalu sama: menang sekali, kalah sekali, lalu kalah lagi. Main lagi hasilnya kalah, kalah, kalah, dan hampir tidak ada menang-menangnya. Dengan sistem seperti ini, naik rank terasa tidak masuk akal. Sistem dan pelayanan ML saat ini benar-benar buruk dan merugikan pemain. Terima kasih.","12 orang merasa ulasan ini berguna",""
"https://play-lh.googleusercontent.com/a/ACg8ocIs9Y1KryWME0srD9EGsKu56Wby3b5lIJpllahTbHzAF8FNqw=s32-rw-mo","Wayan Sukra","26 Desember 2025","saya kasih bintang satu. soal,nya gem ini sangat mengecewakan...sedangkan saya main solo tapi knapa selalu dapat musuh.duo kadang trio..tolong lah di perbaiki lg..trutama dapat tim drak sistem","5 orang merasa ulasan ini berguna",""
"https://play-lh.googleusercontent.com/a/ACg8ocJ-0qUxyWDojTUtDOq2qmaE0JbSAh4R2S3dQqJ_n_naFwUZ-A=s32-rw-mo","Della Revita","17 Desember 2025","tolong diperbaiki sistem matchmaking nya, sering sekali saya mendapat tim yg lebih buruk dari saya, bahkan setiap hari mendapat lawan yg mekaniknya jago sekali sedangkan tim saya poke parah! perbaiki lah, katanya game pertarungan yg adil. gimana sih😮‍💨","75 orang merasa ulasan ini berguna","Tampilkan histori ulasan"
"https://play-lh.googleusercontent.com/a/ACg8ocLipCxdFqz2Fmxxs6qOVW4xxy920y8Rc4RadL3YwEhAbCXOOQ=s32-rw-mo","Chu Chi","19 Desember 2025","ini kenapa ya mau mode apapun pas udah selesai milih hero waktu persiapan selalu ngelag, padahal pas udah mulai main lancar banget ngga ada yang namanya ngelag, waktu ada war juga lancar grafik udah ultra juga. Dapet tim ngga jelas mulu capek","27 orang merasa ulasan ini berguna","Tampilkan histori ulasan"
"https://play-lh.googleusercontent.com/a-/ALV-UjXrkfJ9ITb2durQSLGk6unTyxo-kdpmnXlK9FlYcCeyPFeH2g_e=s32-rw","Batisya fauzana","23 Desember 2025","mohon ya moonton kasihani penguna ponsel ram 2 atau 3, aku pas loading mau masuk match rank selalu stuck di 30% gini gini masuknya detik 45 atau 1 menit an, tolong ya moonton, kalo update jangan ditambah fitur gajelas, nambah penyimpanan jadi lag kann.. aku juga masih mau main ml dengan tenang, kalo masuk detik lama kan jadi ketinggalan level sama musuh, terus diomel tim, moonton mohon ya, aku padahal suka banget sama ml, seru, asyik, kok malah jadi buat aku marah sekarang gara gara loading lma","12 orang merasa ulasan ini berguna","Tampilkan histori ulasan"
"https://play-lh.googleusercontent.com/a/ACg8ocJ4hdeuaeQ-wjKoq1_XS2l75I14Wys3W64x0i732NKPemfnvw=s32-rw-mo","Adrian Jago","21 Desember 2025","terima kasih untuk kebersamaan kita slama ini. Mobile Legends mengajarkanku bahwa main game ternyata hanya menyita waktu.. main hanya untuk memperbanyak match....bukan untuk menaikan bintang... mungkin inilah saatnya menghapus Mobile Legends...","112 orang merasa ulasan ini berguna",""
"https://play-lh.googleusercontent.com/a/ACg8ocLDONzA4x1yOKwIS4GYxL8aym604cFVZFokujkeTb8u2fAu4A=s32-rw-mo","Andika Fadhillah","25 Desember 2025","moonton, tolong diperbaiki lagi matchmaking nya, yang katanya season sekarang udah diperbaiki sistem pemilihan lanenya, tau taunya masih sama aja, player lain yang role lainnya masih sedikit besar dikasih di lane itu, tapi role utamanya (jungle) ga dikasih,jadinya itu player minta tuker ke saya, dan udah begitupun matchmaking nya masih lama sekali, (1-2menit) udah gitu musuhnya ga ngotak, saya high rank nya mythic romawi, musuhnya high rank nya immortal, glory, jelas kalah,timnya ga seimbang.","1 orang merasa ulasan ini berguna",""
"https://play-lh.googleusercontent.com/a-/ALV-UjX2VDRK0OZ1WBGGj-QoEMFU-D-br8O38d1jnyjOvRFy2Sj7JLU=s32-rw","Kembarannya jennie Blackpink sama lisa","24 November 2025","jadi males banget main ml, sering stuck di loading screen pas mau mulai pertandingan di 80% suka macet padahal jaringan bagus, baru responded di detik 35-45 sampe di kira afk dan buat level nya jadi ketinggalan level sama tim sendiri maupun tim musuh. Fps suka tiba tiba down meski jaringan bagus. awalnya ini terjadi setelah saya update munculnya hero baru zetian, saya mengira itu hanya bug biasa yang akan di hilangkan oleh monton di next update, tolong hilangkan itu, itu membuat saya malas main","167 orang merasa ulasan ini berguna",""
"https://play-lh.googleusercontent.com/a/ACg8ocIXBomPRow3LmYd3IFQnok4WF1Ft81wTAcimwbRZ6rrRLCD-A=s32-rw-mo","Juang Arzena","22 Desember 2025","tolong segera perbaiki bug lag pada saat setelah fase draf pick dan juga pada saat loding screen, dan karna bug itu saya jadi spawn tidak tepat waktu dan dapat menghambat progres early game.","33 orang merasa ulasan ini berguna",""
"https://play-lh.googleusercontent.com/a/ACg8ocI0fri-sThpiOcFy9pnXE60jf49yPt7wTOXnRiKqxRVVs0oEg=s32-rw-mo","Ringgi Safitri","15 Desember 2025","jaringannya tolong diperbaiki, jaringan saya hijau malah ngeleg, bahkan gerak sendiri dan kembali sendiri yang mengakibatkan afk didalam game. ditambah membuat karakter hanya diam saja ditempat tanpa bisa bergerak kemana mana, mohon diperbaiki","40 orang merasa ulasan ini berguna",""
"https://play-lh.googleusercontent.com/a-/ALV-UjU9Ijp2UKFV2x8QWil2UJdK6eTtZRxe-td-fb-qfAq59OmxJuym=s32-rw","Rizal Qf","3 Desember 2025","team yang tidak seimbang dan kadang sengaja melakukan feed, kadang sudah dikasih role di awal match rank, tetep aja ada yang tabrak beda dari lane nya. tolong perbaiki sistem team matching nya, karena saya kalah terus menerus dan hanya diberi 1 kali menang dan kalah lagi, jadi bintang saya naik turun sampai dengan 1-2 minggu.","148 orang merasa ulasan ini berguna",""
"https://play-lh.googleusercontent.com/a/ACg8ocJ9c5CuayN7FXFRrRT1I6HlIiICiAg9aaOOvAEmR0osfJQcjA=s32-rw-mo","Herman Syah","23 Desember 2025","ketemu tim nya gajelas sedang kan musuh udah kaya pro player, tolong di betul kan match nya walaupun udah ada fitur lane tetep aja ada drak sistem yang make hero bukan sesuai lane nya, dan terakhir buat bonus orang yang abis ls bisa dapat star protection.(MINIMAL)","","Tampilkan histori ulasan"
"https://play-lh.googleusercontent.com/a/ACg8ocINmfNPuqnV19uuGV2pzHYu1U467XeAMP1lrjo2EpFy6-jfZA=s32-rw-mo","Vivi Ayu","26 Desember 2025","permainan yg sangat buruk sering terjadi afk padahal jaringan stabil di saat Macmacking atau di saat sedang main,sering dapet musuh yg tidak seimbang, player di kenakan laporan tetapi tidak di beri sanksi atau tidak sesuai dengan dengan praturan,padahal dah jelas dia melanggar peraturan sedangkan kalau kita langsung di berikan yg sangat berat banyak player yg tidak mau memakai hero sesuai roul sendiri tetapi tidak diberikan sanksi game ny di perbaiki kualitas atu yg lain ny apalgi masalah afk ny","1 orang merasa ulasan ini berguna",""
"https://play-lh.googleusercontent.com/a-/ALV-UjURnuftPAtk2oePgG8bcsfuH-LyiIooObJbL513sPSXz5yIFIf1=s32-rw","DADANG Hermawan","26 Desember 2025","Perbaiki masalah keseimbangan (keseimbangan lawan) .. Masalah lag padahal sinyal kita bagus,. Yg suka memberi hukuman , serrver nya eror apa bodoh.. Gk ada tinjauan apa yg di langgar.. GK ada perubahan sama sekali selain Hero Hero baru.. game ini makin merusak","34 orang merasa ulasan ini berguna","Tampilkan histori ulasan"
"https://play-lh.googleusercontent.com/a-/ALV-UjWpGKk2saKqZ2QxqHDbk2kIoyYdAwJDCA95tKD_4Z16z4Y9kkA=s32-rw","Risal Sakti","17 November 2025","Bisa gak moonton jangan kasih yang tidak seimbang Mulu. Setiap aku main sering kalah dan dapat tim yang bot/jelek, giliran musuh dapatnya pro bahkan Setara dengan player mpl. Ditambah lagi sinyalnya ngelag banget sumpah! Aku hp bagus aja sinyalnya jelek bahkan sudah grafik terendah dan mengaktifkan tingkat sinyal. Dan masih aja ngelag! Apa lagi war malah hpnya kaya mau meledak. Aku pemain yang suka bertarung jadi susah untuk berpartisipasi! Aku selalu kena ejek bahwa mainku jelek dan alasan Mulu","211 orang merasa ulasan ini berguna",""
"https://play-lh.googleusercontent.com/a/ACg8ocKpGH6PrfSSh3fP2TTLvwVysL9B39GRRTU-Dh1V62XeA5ymRA=s32-rw-mo","Elda Paramita","22 Desember 2025","ga tau kenapa makin update makin bikin game nya macet macet, ngeframe gitu padahal awal download game ini lancar jaya sangat lancar pokoknya ga ada tuh macet macet padahal juga pakai perangkat yg sama. bikin pengalaman bermain ga seru. terus jaringan bagus malah lag, pas jaringannya jelek terus chat di in game maaf lag katanya jaringan bagus .. apalah moonton.. dapet tim juga ga pernah bener dah.. kalah mvp mulu... jadi malas mau main lah..minimal dpt tim yg seimbang gitu, makin kocak matchx","2 orang merasa ulasan ini berguna",""
"https://play-lh.googleusercontent.com/a/ACg8ocKS4QQR1rcyvAw7OcaWngxGAqA_5LJngSsB0sd8gaKnkbllIQ=s32-rw-mo","Ade Sandi","11 Desember 2025","parah banget dapet tim ampas, match making suka lama, sinyal suka lag patah patah, pas main nge frame pokoknya parah semua, semoga bisa di perbaiki lagi terus penyimpanan skrng jd bebas jd sudah tidak aman ram yg kecil kecil, banyak yg trol mainnya engga serius pokoknya parah banget.......","90 orang merasa ulasan ini berguna",""
"https://play-lh.googleusercontent.com/a-/ALV-UjVghQ5t0be6VM_LC17J4PMBQA2goahihx39VEgSI7aI78uMsEOE=s32-rw","Zett","2 Desember 2025","Dari segi gameplay, game ini menurut saya belum layak di rilis ke public, dengan banyaknya bug, hero yang perlu di balancing, dan juga matchmaking sistem yang dimiliki mobile legend, saya yakin game ini hanya peduli akan profit tanpa pernah mendengarkan keluhan player, mereka sepertinya lebih mementingkan collab dan cara mendapatkan profit tinggi. contoh case, bayangkan bagaimana adil bermain dengan rank tinggi dari rank kita, dan rekan yang tidak dapat diandalkan, sungguh mengecewakan. (1/5)","229 orang merasa ulasan ini berguna","Tampilkan histori ulasan"
"https://play-lh.googleusercontent.com/a-/ALV-UjX5HOUNIzlWL67l7YVfAi2sxYqAUw5RLqpKHUuQ1jt78RP-QPU=s32-rw","DG Gaming","22 Desember 2025","akhir-akhir ini jaringan semakin jelek ping merah terus! pas ku cek di pengaturan, jaringan ku normal mentok di 10ms tapi pas ku coba rank ping langsung naik drastis ke 200an. gila emang, ws ku hancur, males main sekarang, entah kapan ini di perbaiki, ku harap ini segera di perbaiki supaya bisa main lagi!","23 orang merasa ulasan ini berguna",""
"https://play-lh.googleusercontent.com/a/ACg8ocI5ketdPjJ83XLBJRSCzfYFfzh9IWU8n9MbM1kFoSI-SDhEIg=s32-rw-mo","Wyly 23","20 Desember 2025","Tolong dong min, masalah ping saat mau masuk pertandingan kok stak di 30%, Afk terus mainnya. terlambat masuk mulu,tolong di perbaiki. pink bagus saat draf leg parah dan mau masuk pertandingan leg bangat","2 orang merasa ulasan ini berguna","Tampilkan histori ulasan"
"https://play-lh.googleusercontent.com/a-/ALV-UjVcBqYdddA1jaBOCBbkhU0WTXO_7tlhnu4VvNfGuSW92iT4QzA=s32-rw","Danendra Bagaskara","22 Desember 2025","masih sama, game rusak terutama bagian loading per aksi ini ganti akun aja dipersulit, suruh cek gmail buat kode, pas di cek gak ada kiriman kodenya, pas balik ke game malah ngulang masukin email dan sandi lagi, trus buffering padahal sinyal lancar bego bet dah sistem nya kadang malah di suruh nunggu 5 menit padahal salah lu nya moonton, sudah di klik malah gak keluar pop up nya maksdnya gimana ini moonton? bego bet dah","23 orang merasa ulasan ini berguna","Tampilkan histori ulasan"
"https://play-lh.googleusercontent.com/a/ACg8ocKqujXbDxDY0UW_EqM78cuhoxRqxRFAREG6ke_Vg7iJS79Kvg=s32-rw-mo","Parsal Wee","19 Desember 2025","Halo MOONTON kami suka dengan game ini yang bertema Moba dan epic!, namun saya akan menjelaskan sedikit kesalahan 1. koneksi sering tidak stabil dan selalu ada bug 2. matchmaking yang terlalu lama dan saat memilih hero akan selalu Freze dan keluar game 3. ini yang sering terjadi, yaitu ketika sudah mendownload sebuah konten, bug dan Freze jadi semakin parah, Mohon maaf jika saya berlebihan dan membuat Anda tersinggung, hanya itu yang bisa saya sampaikan😃👍","132 orang merasa ulasan ini berguna",""
"https://play-lh.googleusercontent.com/a-/ALV-UjW33ckaTE4AGeU_sJT4lT6DUscCk879oJ7p3YgTUwQFVF3OhJI=s32-rw","Nova Arnoti","6 November 2025","Ketidakadilan Rank: Seringkali pemain merasa dipasangkan dengan rekan satu tim (atau bahkan lawan) yang memiliki tingkat keterampilan atau pemahaman game yang jauh berbeda dari rank mereka (misalnya, pemain rank tinggi bertemu dengan yang performanya seperti rank di bawahnya). ​""Dark System"" Moonton: Banyak pemain menduga adanya sistem tersembunyi yang sengaja membuat pemain menang dan kalah secara bergantian, atau memberikan tim yang tidak seimbang demi memperpanjang durasi bermain","712 orang merasa ulasan ini berguna",""
"https://play-lh.googleusercontent.com/a/ACg8ocLWTkbznGOyJUeprWQy2CrD25yiWyWfVBAYhputHsPhaj3jhg=s32-rw-mo","Mas Riev","23 Desember 2025","Moonton rusak emang,makin parah aja kalo main solo,tim sendiri isi nya darksistem semua,giliran tim musuh di kasih bagus,game udah tahunan masih aja sistemnya gak bisa ngedetek player blo on,","10 orang merasa ulasan ini berguna",""
"https://play-lh.googleusercontent.com/a-/ALV-UjVNM5Ohgqay26DEWP786eiXvMlKCTJ3A-6UCvtwjsUGfawCVsJw=s32-rw","Black","21 Desember 2025","kecewa bgttt dah sama moonton, patch update kali ini jaringan bagus mau pakai data/wifi sama aja pas mau masuk pertandingan lag, padahal sebelum update lancar aja, tolong di perbaiki lagi lah server nya, masa iya tidak bisa mengatasi keluhan para pemain, jadi males main push rank :(","27 orang merasa ulasan ini berguna",""
"https://play-lh.googleusercontent.com/a/ACg8ocIEjPsOzm7v9vWCAuj7AEfbpTW0x49_KbHFr7KH3bXZeBE64Q=s32-rw-mo","akbar maulana","19 Desember 2025","tolong lah di perbaiki prime nya lag mulu,jaringan bagus di loby tapi pas main lag banget, skin terus menerus di keluar kan kolab sama ini sama itu tapi prime tidak di perbaiki tolong lah min perbaiki, agar bisa main dengan nyaman, karna percuma main tapi lah mah habisin quota aja, tolong y min perbaiki 🙏🙏🙏","6 orang merasa ulasan ini berguna","Tampilkan histori ulasan"
"https://play-lh.googleusercontent.com/a-/ALV-UjU2WzOcO0x6JyD23ER6KZ5sI0960EhZVP3YbEoKnrU9SS5wf4Q=s32-rw","Arpan Pan","20 Desember 2025","gamenya bagus cuma setiap kali bermain bermunculan lag signal kurang efisien dan sedikit terganggu saya bermain. tolong tingkat kan lagi ketajaman signal nya untuk bermain dengan bagus","1 orang merasa ulasan ini berguna",""
"https://play-lh.googleusercontent.com/a/ACg8ocLytyxiucrXxKltXQCu6Qug8T7QaidGboVMQq20dKdDhaEfiA=s32-rw-mo","Daffa Rizki","25 Desember 2025","game ini sangat seru. tetapi kekurangan game ini ketika sinyal kita aman kita nge lag. tapi ketika sinyal kita merah kita aman2 aja lalu kekurangan game ini ketika di lobi sinyal kita aman, ketika bermain aku mengalami lag. setelah itu ketika kita mengalami lag hero saya suka berjalan sendiri hingga mengakibatkan afk dan dilaporkan oleh pemain lain hingga honor skor ku berkura g. mohon diperbaiki lagi ya🙏🙏","1 orang merasa ulasan ini berguna",""
"https://play-lh.googleusercontent.com/a-/ALV-UjWcxvkWCkZ7rKI0rxWOTx5j2fWrCr7kBSW0o0dS_lL2pIE6Ytj3=s32-rw","Ratna anjany Ratna","9 November 2025","game nya bagus, bisa buat strategi tpi ini bikin emosi masa jaringan bagus² aja tpi di game nya jelek, sampe main di dekat wifi, bikin ga mood, padahal lagi war malah ngelag tiba tiba, jelek bet kalo soal jaringan, padahal kalo di game lain ga ngelag, terkadang kalo main juga dapat match yg bot, dan lain-lain, jadi tolong diperbaiki lagi yah hehe","272 orang merasa ulasan ini berguna","Tampilkan histori ulasan"
"https://play-lh.googleusercontent.com/a/ACg8ocLXfSnFhQyXRqpXHIHkT2jOdE_YWRBHcgL3ZJlybEjVM4W6Uy8=s32-rw-mo","I N D R A ツ","24 Desember 2025","Keluhan dari saya adalah ketika setelah draftpick (mengatur emblem) itu selalu patah-patah, patah-patah ini bukan dari jaringan, dan saat loading menuju permainan itu juga berhenti, nah pas berhenti ini Player yang lain itu tidak menunggu, seolah-olah Saya dianggap AFK, padahal saya tidak AFK, jadi waktu Saya masuk permainan itu telat sampai 40 detik lebih. Hp yang Saya gunakan Vivo Y20, karena sebelumnya tidak pernah seperti ini, jadi ini benar-benar mengganggu pengalaman bermain.","10 orang merasa ulasan ini berguna","Tampilkan histori ulasan"
"https://play-lh.googleusercontent.com/a/ACg8ocI8QfZwUO97JvmfjE0Cy73PdFtH8IqvzmATid-oEPCnFUCzZw=s32-rw-mo","Zalia Safira","18 Desember 2025","keluar dari matchmaking menjadi sangat sulit apalagi saat main solo karena saat mau keluar kan di hitung sampai 3 sebelum hitungannya selesai itu sudah di match nggak bisa keluar secara langsung dan saat pertandingan sering mengalami lag padahal jaringan lancar dan mode speed sudah di aktifkan","7 orang merasa ulasan ini berguna","Tampilkan histori ulasan"
"https://play-lh.googleusercontent.com/a-/ALV-UjWPWuzmU8ijQdOPjTNm7MBUVhUfIZKIXwJwWQnX2dl_ep6GxA8=s32-rw","Ibrahim Dwi","15 Desember 2025","kok mobile legends tambah sana banyak bug nya yah? waktu masih di lobby jaringannya masih hijau tapi di saat masuk in game malah merah padahal jaringannya gak kenapa kenapa, terus tadi pas waktu main juga ada bug!! masa setiap kali aku masuk lobby keluar sendiri padahal jaringanku baik baik saja!! terus ada notif ""jaringannya anda tidak stabil"" padahal jaringan lu baik baik saja!!! gimana sih!!!!! ini cocok sih kalo di kasih bintang satu","71 orang merasa ulasan ini berguna","Tampilkan histori ulasan"
"https://play-lh.googleusercontent.com/a-/ALV-UjV-OUVisWfogcPyXDlE5tZFHgDI0pKrT36natQ_XNevT17HyTQA=s32-rw","Meurah Athaya","29 November 2025","Pembagian tim terasa tidak seimbang. Sering kali satu tim berisi pemain dengan rank rendah, winrate kecil, atau penguasaan hero yang kurang, sementara lawannya punya rank dan kemampuan yang jauh lebih tinggi. Selain itu, balancing hero juga terasa kacau—ada hero yang terlalu kuat atau terlalu lemah, dan anehnya justru hero yang sebenarnya tidak perlu diubah malah kena revamp, seperti Freya.","160 orang merasa ulasan ini berguna",""
"https://play-lh.googleusercontent.com/a-/ALV-UjVAm6_wab9e7oIhgKTkrqEGKHvNz1YlyQ1jFq9d6D_DOFK8zas=s32-rw","Haical Rasyid","24 Desember 2025","Halo selamat pagi saya salah satu player mobile legends, saya ingin memberikan keluhan, saat saya ingin mengganti pp mobile legends kenapa layar saya langsung hitam tidak bisa di sentuh apa pun dan pp mobile legends nya pun tidak terganti padahal saya sudah memilih fotonya, dan juga permasalahan tentang rank tolong berikan musuh yang seimbang ketika bermain party dan untuk player solo diberikan tim yang jago atau seimbang, tapi dari saya cuma game moba ini yang terbaik🥳🥳(semoga dibaca)","","Tampilkan histori ulasan"
"https://play-lh.googleusercontent.com/a/ACg8ocL4eKkvtspwSF2EmZKUIiD5Shcja1G2Y4-KA3vCHZ5f0LVSbQ=s32-rw-mo","Adriansyah latief Rian","2 Desember 2025","tolong sortir player' yg otak nya kaya hewan, sebagai pejuang solo(kadang' si) saya merasa terbebani karena alur gameplay jadi gk jelas, abis nonton pro player niatnya mw coba menerapkan apa yg saya simak tpi pas in game malah kek binatang, gua tau game pasti gak selalu menang, tapi kalo kalah gara' banyak org trol sama aja, 1 lgi tolong langsung ban aj org' yg maen ga sesuai role ujung'nya malah ngefeed, tolong ya devp nya","119 orang merasa ulasan ini berguna",""
"https://play-lh.googleusercontent.com/a-/ALV-UjXEfKQgZDA9lElvUSpePPDxbAL23LUZqGhZAYVhJ1vH7TNVbA=s32-rw","mam mum","18 Desember 2025","Gamenya bagus bahkan seru buat dimainin, semua playernya juga ramah' oiya satu lagi,coba kalo setiap season tu masalah sinyal tuh diperbaiki dong moonton.Masa setiap season sinyalnya selalu ngelag,jadi tolong ini dibaca developer mohon di perbaiki 😁😁","1.206 orang merasa ulasan ini berguna",""
"https://play-lh.googleusercontent.com/a-/ALV-UjUhlXXwXthyI_FwlML_d5Wv9Wvi_4wbYxCqgZOiJSBoGM3Tylg=s32-rw","Aaron Atmaja","17 Desember 2025","Maaf, Sistem bermainnya kurang friendly family karena match bisa menyebabkan AFK dan mengurangi semangat pemain untuk agar lebih jarang hingga tidak menonton pertandingan mobile legend dan bermain game yang berdampak pada sikap kehidupan gamer sehari-hari apalagi menurunnya jumlah pemain aktif di dunia karena melakukan tindakan uninstall, main lewat emulator menggunakan joystick, dan melakukan cheat. Sehingga bisa jarang sekali untuk menjadi nominasi penghargaan untuk aplikasi game tersebut.","72 orang merasa ulasan ini berguna","Tampilkan histori ulasan"
"https://play-lh.googleusercontent.com/a-/ALV-UjWUgzLf4HHZcm4aqKamdRDTZTvryST_sn394lFX26CWnPISMjs=s32-rw","2 M Chenel","18 Desember 2025","game ini udah mulai aneh baru aja mulai season udah bikin emosi, Di pemilihan hero lancar tapi saat pemilihan hero terakhir atau penyesuaian role ga bisa ubah spel terus jaringan nya ga sesuai masa jaringan 50+ ga bisa gerak apalagi season ini semua di game pada leg gerak sendiri dan ga turun sinyal nya netap di 200+ Tolong perbaiki game ini seperti dulu!","18 orang merasa ulasan ini berguna",""
"https://play-lh.googleusercontent.com/a-/ALV-UjUodw10s9i3CbDrO-eD8ItM0ugI1xR_N6SJKIkRaBgdaVeApxg=s32-rw","Yudi Widian","26 Desember 2025","habis update Desember kemaren, koneksi jadi ga stabil pas di lobby/interface, yve bug ulti, kadang ga bisa di casting , pas mau nge cancel ulti/stack buat ulti habis kita gabisa gerak, coz masih ada papan catur nya, nunggu sampe durasi ulti habis alhasil kena gang musuh,","",""
"https://play-lh.googleusercontent.com/a-/ALV-UjUUh4DZWzzH38pBYG7r5lCsbBh4kh0NKBtfe649-zwAJwOeiT8=s32-rw","Rochman Al Kharim","23 Desember 2025","Update Kali Ini Memang Semakin Keren & Semoga Sukses Selalu Programmer / Designer Moonton. Ada Sedikit Tambahan : Tolong Untuk Segera Di Perbaiki Bug Terkait Sinyal, Padahal Udah Pakai WiFi + Paket Data. Tapi, Kok Masih Sering Muncul Menghubungkan Ulang ? Tolong Untuk Segera Di Perbaiki 🙏🏼🙏🏼🙏🏼","6 orang merasa ulasan ini berguna","Tampilkan histori ulasan"
"https://play-lh.googleusercontent.com/a-/ALV-UjUJHSSXJHdqj0g0ljixsasl8zYINJrLWBPIB-C7jwZIrTYUs9U=s32-rw","Fauzan Nizar","19 Desember 2025","Matchmaking tidak seimbang, bukan di perbedaan rank tetapi dj perbedaan cara bermain saat dalam pertandingan, saat saya solo ketemu tim yang bahkan sepertimya baru bermain mobile legends atau main hanya untuk senang senang, kasian yang mau push sampai rank tinggi, masa high rank glory satu team sama high rank legend 5? ga jelas gameplay team nya sedangkan lawan paham cara main dan item","24 orang merasa ulasan ini berguna","Tampilkan histori ulasan"
"https://play-lh.googleusercontent.com/a/ACg8ocJn-NwV0mSEu3HbOpGTiwTy-sowJW4NRnFZ0kLliNZUfoN0NA=s32-rw-mo","Reyhan Ardiansyah","24 Desember 2025","sistem game ini sangat aneh, mengapa saat dalam pertandingan saya mendapatkan tim penghuni asli badak? mengapa!!, mengapa tidak misal rank saya 3 kenapa tidak dengan rank 3 juga mengapa harus 3 dengan 1? tolong perbaiki sistem ini ya, saya beri bintang lima agar bisa terbaca","4 orang merasa ulasan ini berguna",""
"https://play-lh.googleusercontent.com/a-/ALV-UjWwtLeRQh3FRetBzTN8uJdMnEZx_Vz_BuI_7ARIANBazzHpt3k=s32-rw","Pandetua 9april","6 November 2025","game ini sudah sangat bagus tetapi ada beberapa kendala seperti sinyal yang png nya merah terus dan ketidakadilan saat match seperti musuh dikasih tim yang jago dan tim saya dikasih tim yang baru main, jadi perbaiki sinyal dan saat match harus adil. sama saya saat login ke game tiba tiba ngeframe dan saat saya keluar dari game suaranya masih ada, tolong diperbaiki juga","481 orang merasa ulasan ini berguna","Tampilkan histori ulasan"
"https://play-lh.googleusercontent.com/a-/ALV-UjVFxePGGjXo9nNSOdJz1-MwtV0eMPJsZace6LxfHnj9FPcG8O4=s32-rw","Taylor Jibb","21 Desember 2025","Sistem Matchmaking yang baru, sering tidak merata dan bahkan buruk, meskipun sudah memilih role yang diinginkan sebelum memulai permainan! Semoga cepat diperbaiki sistemnya","11 orang merasa ulasan ini berguna",""
"https://play-lh.googleusercontent.com/a/ACg8ocIXziKK_PWE_gVgOwBu6Auge0wf-ClgopG9NxQ6JEYU8oPZ1Q=s32-rw-mo","Eny Momoy","18 Desember 2025","asli nya bisa bintang lima cuman moonton benerin dulu bug nya masa sinyal hijau tapi gak bisa gerak gua kira hp gua yang kentang buktinya freefire lancar trus ama game lain lancar coba benerin dulu apa yang salah di season ini tumben banyak lag jadi pada males main monton","1 orang merasa ulasan ini berguna",""
"https://play-lh.googleusercontent.com/a/ACg8ocIXyUeUTnZiACzkLRN8FNkPCoSIQWXlf7QDziG5hHdM6gfTHw=s32-rw-mo","Iqbal Maulana","11 November 2025","gabisa berbenah ya? gabisa ada peningkatan? makin kesini makin mundur gada progres sama sekali, in out game ping sinyal jumping. kadang pencet skill tbtb lari sendiri. gabisa improve? makin lama makin jelek, KASIH RATING JELEK AJA GUYS!","382 orang merasa ulasan ini berguna",""
"https://play-lh.googleusercontent.com/a/ACg8ocKHqcuVNoEr8FyI953O8Hjt0o1h5yVmSpdsMah-mzSWONAzfg=s32-rw-mo","Mursyid Irsyadi","2 Desember 2025","game banyak bag nya padahal jaringan ku baik baik saja tapi kenapa diingame nya gak bisa gerak saya saran kan untuk di perbaiki, tidak direkomendasikan karna banyak bag nya. Juga pas waktu mulai itu banyak player yang gak mau masuk/nunggu detik ke 5 baru masuk kalo begini caranya bisa sangat membosankan sebenernya gameplay nya seru seru aja tapi ya itu banyak bag nya.kasih tim ko gak seimbang banget sih niat buat game apa gak sih","258 orang merasa ulasan ini berguna","Tampilkan histori ulasan"
"https://play-lh.googleusercontent.com/a-/ALV-UjU1tbZmgqmy9KJU1Xwz4BQVcnY8QS_NdCnEAn5vP--ZMqj93k8=s32-rw","Rizz Prst","25 Desember 2025","grafik sudah mulai bagus namun masih bnyak bug yg kurang di perlihatkan sperti setiap awal seson kami selalu mendapat bug jaringan darri sinyal hp full namun bila di game selalu merah itu sangat menggangu game play kita serta jika disaat kita nge deffen base mengapa 1 tim kita harus kena bug jaringan,walaupun hanya40-30% dapat ke comeback namun itu momen yg tidak boleh di buang, pleas lebih di perhatikan lagi bug tidak hanya event kami juga butuh kenyamanan","",""
"https://play-lh.googleusercontent.com/a/ACg8ocKMnMajNUxR-E9NhtHHqjjonjGuql1DeXycv5_T-ET1y0B-Ww=s32-rw-mo","Monton Anj","22 Desember 2025","wahhh kecewaa gw ama update inii, gamenya makin berat server lag, keliatan bgt kek di sengaja in gitu ama pihak monton, kalian waras ngk sih bikin game, kenapa fokus bgt ama event kolab sedangkan masaalah bug dengan match ngelag ituu kek dibiarin aja gituu,tolong lahh monton, jangan terlalu fokus ama kolab nya, kita juga butuh gameplay yang nyaman,ngk ada bug, masalah server lahhh,otakk nya di pakee,itulahh yg bikin player ml jadi toxic, ini terakhir saran dari gw, gw mau pamit pensi.","14 orang merasa ulasan ini berguna","Tampilkan histori ulasan"
"https://play-lh.googleusercontent.com/a/ACg8ocKBVeC9kutKJ_kByTVbpUgm80eCgIOn1Pd4rt-q4HGHSz3DrQ=s32-rw-mo","Muhammad Anik","18 Desember 2025","habis update bukannya makin bagus malah nge lag parah sampe gk bisa jalan dan heronya jalan² sendiri, setelah ku update gw main clasic 1 game sinyalnya nge lag parah ku kira sinyal hp gw eh pas nyoba game ke 2 malah sama aja padahal internet gw lancar sinyalnya bagus, gimana sih kocakk🙄👎","16 orang merasa ulasan ini berguna",""
"https://play-lh.googleusercontent.com/a/ACg8ocLBD6zbVguFIKHQMOsYXpx0F_M-5R7DQ1KQ6HEaEpqFDXs42g=s32-rw-mo","Al Paris","23 Desember 2025","game rusak, niat mau nenangin pikiran malah tambah emosi, udah di kasih tim bot di tambah lagi sinyal di game ilang²an pas buka game lain lancar² aja, tolong di perbaiki lah masalahnya, ap lagi kalau main sama server luar langsung merah sinyal","6 orang merasa ulasan ini berguna","Tampilkan histori ulasan"
"https://play-lh.googleusercontent.com/a/ACg8ocLhlrLcUAsAmvZrFWcpleXhvo3jj4qKFvZfqyMREmNL4ksYFQ=s32-rw-mo","Dian Syahputra Hutabarat","22 Desember 2025","bisa kalian bayangkan, setelah winstreak 5x di mode classic, 100% PASTI di kasih tim bot, minimal 2 bot dengan lawan 5 player Mabar. bayangkan, di classic aja begini, bagaimana main di rank...! pantesan sepi peminat, dan ku dengar MONTOON sebentar lagi waktunya usai, sedikit lagi, yaaa seeddiiikitt lagi........👍","40 orang merasa ulasan ini berguna","Tampilkan histori ulasan"
"https://play-lh.googleusercontent.com/a-/ALV-UjWQGP44HRVrlo35wmceMdacxmtAJZvaYtyTNMc_3biNHiHq9HBS=s32-rw","Edward Christian","21 Desember 2025","game rusak, lebih banyak memberikan kalah dari pada menang, selalu memberikan tim yang lemah sedangkan musuh yang kuat.game busuk,kami bermain game ini untuk bersenang senang tapi jika begini bukan kesenangan yang didapatkan tapi emosi , menurunkan mood pemain terus,sudah bosan mendengar suara deffeat","22 orang merasa ulasan ini berguna","Tampilkan histori ulasan"
"https://play-lh.googleusercontent.com/a/ACg8ocJPPzLjgPiaJlzHCa1FUjOv-E1qc38JOqjNbZkdFQHR__LFhw=s32-rw-mo","Fanira Risma","19 Desember 2025","Akun baru membutuhkan waktu yang sangat lama untuk meng-upgrade emblem. Seharusnya akun baru diberikan kemudahan dalam upgrade emblem, atau setidaknya diberi satu emblem yang sudah maksimal selain basic emblem. Jangan hanya fokus mengurus skin, karena pemain akun baru justru kesulitan untuk berkembang. Mohon hal ini dapat diperhatikan.","38 orang merasa ulasan ini berguna",""
"https://play-lh.googleusercontent.com/a-/ALV-UjVyduqFRMbjRDHe-hqB9ybi1BFb9wwKNr_PELhXlW0MoFHZHf1O=s32-rw","Gibran","14 Desember 2025","hai moonton, aku ingin komplain masalah ku tentang bug draft pick, dimana bug ini sangat mengganggu, padahal dulu itu mobile legend sangat ringan di device aku, tapi lama kelamaan malah tambah gajelas, pas draft pick itu ngelag parah banget dan ga cuma aku, temen² ku aja yg device nya bagus itu juga ngalamin lag saat draft pick, ini sangat menganggu apalagi waktu mau ganti item/spell dan emblem nya, bahkan sekarang aku jadi takut buat ganti ganti skin karena Lag banget sumpah di draftpick","30 orang merasa ulasan ini berguna",""
"https://play-lh.googleusercontent.com/a-/ALV-UjUwRRF4ZRAxK5k0AlQCOnHiJK5k6X7sI-0ADetjZypqtIkc23E=s32-rw","Dian Selalu gak mood","23 Desember 2025","Dear, moonton. Game Kesayangan Ku, Kenapa Setiap aku Main beri team yang aneh kalau musuh nya pada udah ngerti main sedangkan team kaya masih pemula kaku, ayolah jangan pilih kasih gitu, bukan maksud nya ngehina yh, karena emang segi game team dan musuh beda banget, team agak bot dan musuh sudah jago pakai Hero power, team kaya main pakai Hero yang gak bisa tolong, di seimbangkan permainan nya","7 orang merasa ulasan ini berguna",""
"https://play-lh.googleusercontent.com/a/ACg8ocL37XD47wUYqpWE_JYt9-9-jZmrRxoV80myTk8DQ7X34TRDYw=s32-rw-mo","Azril D Evano","25 Desember 2025","Kepada Pihak Montoon yang terhormat, saya cum mau bilang, tolong sistemnya diperadilkan lagi, saya dari kemarin dapet tim yang gak bagus, sedangkan musuhnya bagus banget, saya capek ketemu teman yang tidak setara dengan musuhnya. tolong perbaiki sistem ini agar tidak terjadi hal yang sama diorang lain, tetapi saya juga sering menemukan hal yang sama seperti saya, kemarin temen temen saya juga mengalami hal tersebut. semoga dengan pesan ini sistemnya tidak seperti itu lagi. Terima kasih Montoon🙏","3 orang merasa ulasan ini berguna",""
"https://play-lh.googleusercontent.com/a-/ALV-UjWFnFnhSsDC32xhCiJv6wFlEuUY61YwnbOygxc88uxAiOWBVoJNYA=s32-rw","Rayhan Firdaus","22 Desember 2025","ku kasih bintang satu karna sesuai dengan yg saya alami di game ini. lag, stuck logo, di dalam lobby jaringan bagus tapi masuk in game tiba tiba lag parah sampai sampai tim saya di tuduh cheat, padahal jaringan saya bagus tapi memang SISTEMNYA AJA YANG GA JELAS","7 orang merasa ulasan ini berguna",""
"https://play-lh.googleusercontent.com/a/ACg8ocK50hAk7rEl9ke1AEAr74tdvmNJiFHwZCgGe1uMnUuPo4s__w=s32-rw-mo","Gunawan Sanjaya","18 Desember 2025","woi monton, perbaiki lah sistem jaringan lu, jujur aja nih, gua sllu main mode speed, wifi+internet tsel, masa iya pink sering merah, malahan susah buat gerak, kalo gk ada perubahan kayaknya player akan muak, perbaiki lah jaringan yang sering ngelag sendiri itu, gk usha bahas colab2 mulu","",""
"https://play-lh.googleusercontent.com/a/ACg8ocIzgnkjvcROtpDRifj_qKtsCE4njto4bK73bjCoZdENpCRK8g=s32-rw-mo","DIESTA Dewangga","22 Desember 2025","gacocok di mainin game rusak ngasih tim yang ga masuk akal/gajelas terus gausah di mainkan yang ada bikin kalian semua jadi stress cuma gara gara game ini,ga memuaskan game nya isinya orang orang gajelas dan juga banyak bug/lag yang bikin naik darah contoh lagi main sinyal aman kenceng tapi pas war jadi lag padahal sinyal hijau(jadi saran saya kalian gausah mainin game ini)","8 orang merasa ulasan ini berguna",""
"https://play-lh.googleusercontent.com/a/ACg8ocINOCnhV4t8bj-8V5o1X_GHIxs3ItSj11V3mVNUYXXOgOFg0w=s32-rw-mo","Zill Cantilan","20 Desember 2025","kenapa pas udah di update,sinyal bagus tapi ngeleg tolong di perbaiki lagi bag ini,apalagi pas nge war sinyal bagus tiba tiba ngeleg udah aku pusing......dan kenapa ya aku selalu bermain dengan tim yang drak system dan lawan pada jago jago tolong di perbaiki lagi","",""
"https://play-lh.googleusercontent.com/a-/ALV-UjX0ynbg0GFZ6wKUAJcXs2GvkazrRLRhgHUAUc07fV1WV-Ukl_0K=s32-rw","bimol","22 Desember 2025","ni game gimana sih gw baru aja main biasanya normal"" aja tiba tiba ada pemberitahuan maaf eror sistem tidak diketahui ternyata ngga cuma gw tim dan musuh juga gitu tolong montoon diperbaiki gamenya jangan cuma kolaborasi skin mulu event banya tapi eror sinyal juga kadang jelek pdahal buat buka yang lain lancar lancar aja","7 orang merasa ulasan ini berguna",""
"https://play-lh.googleusercontent.com/a/ACg8ocI9xI183RnlgLxrakIQgFZzcTuqZAA_RtDhEBiyuSGmMqZUZKk=s32-rw-mo","Nur Seto","23 Desember 2025","Tolong Moonton game ini seru tapi ada yang membuat nya tidak seru banyak player yang menggunakan Cheat berupa ganggu sinyal itu terjadi setelah pemilihan hero selesai dan pada pertempuran dimulai Sinyal tiba-tiba merah sebelum nya tidak seperti itu, karena pada saat Lag terjadi saya sudah melakukan 2 pertandingan dengan sinyal yang hijau. Tolong Moonton aku percaya pada anda bisa menyelesaikan masalah ini 😊","3 orang merasa ulasan ini berguna",""
"https://play-lh.googleusercontent.com/a/ACg8ocK1eXuonup7Z-q6p7u9ebp9BPvi8BR1-81cIkn6so8Zh7xklQ=s32-rw-mo","widad arifin","21 Desember 2025","tolong dari pihak game,perbaiki bug saat loading di dalam pertandingan stuck di 30% lalu ada tulisan jaringan jelek, padahal jaringan saya udah bagus bahkan saya sampai beli paket data tapi tetap saja stuck di 30%, ini membuat saya telat beberapa menit saat bermain, plis montoon perbaiki","6 orang merasa ulasan ini berguna",""
"https://play-lh.googleusercontent.com/a/ACg8ocLIWsqlRODWzjKk3g2tammpGUnGHwS9f_95HeGKiNsz00EMvQ=s32-rw-mo","Riyansah 01","22 Desember 2025","Knpa semenjak ufdetan jaringan suka merah terus, padahal wifi gesit data 5G, kuota banyak, ko ngeleg trs, tapi giliran udah mati, bagus, pas idup lagi merah lagi, tolong perbaiki lagi soal jaringannya, dan tolong jika ada chit jaringan mohon di hapus🙏🙏","14 orang merasa ulasan ini berguna",""
"https://play-lh.googleusercontent.com/a-/ALV-UjULJU_nxtT0TA4SdT7ISLMTiZ8zfPxUfdxdB8FbiNAIG4rHpcnV=s32-rw","Hanafi Crucio","24 Desember 2025","ini setiap mau ganti akun harus verivikasi email, kalau di minimase ML nya malah balik lagi masukin email password gitu aja terus. mau masukin kode verifikasi malah ke close inputan kodenya gara"" di minimaze. kocak","5 orang merasa ulasan ini berguna",""
"https://play-lh.googleusercontent.com/a-/ALV-UjWjhsyF3X5QJ9dKjPaS9cR5MnzbCWzDDMRs0e0BnBMgrr9YGmw=s32-rw","Boy ebersa Harefa","23 Desember 2025","Okelah Monton geme mu bagus tapi Ada yg paling gak disukai pemain mu ya Itu bug,masalah Jaringan, tim troll lah, dan lain lain, aku baru main udah dikasih Jaringan yg sgt tdk bagus Dan membuat mls main, Dan akhirnya aku afk karena Jaringan membuat gak mood main, dah ya ton tolong buat geme Jadi gak ada bug nya cpk Kami yg main. Geme makin bagus tapi utk pertandingan nya kaya mau 🤔🤐hehe mau gitu deh apalagi Saat ngetik Ini kyak mau bilang 🤬.oke itu aja samoga Geme nya gak ada bug lagi","1 orang merasa ulasan ini berguna","Tampilkan histori ulasan"
"https://play-lh.googleusercontent.com/a/ACg8ocI8EgNunVjfJsJV3wMgA7IK3DuZUuDvmxzbRUp2GwcYHWJBGw=s32-rw-mo","Dani","18 Desember 2025","tolong kalo nambahin banyak fitur baru servernya diperbaiki dulu masak habis update dimainin servernya ngelag gabisa gerak,kena pelanggaran Afk juga bintang jadi turun pdhl kesalahan dari sistemnya. ""Tolong diperbaiki agar tidak mengecewakan player""","15 orang merasa ulasan ini berguna",""
"https://play-lh.googleusercontent.com/a-/ALV-UjW_ONRZQ6IYAzb4WmyrKeqDo-eQz-jB8XiuVr5hDOmA4qMusrOt=s32-rw","idam kita ikuyo","22 Desember 2025","performa tim sama matchmaking bener-bener ga stabil, satu match bisa dapet tim yang ngerti rotasi, objektif, dan komunikasi, tapi match berikutnya langsung kebalik total, draft asal, role tabrakan, makro nol, dan pada main sendiri sendiri kaya ga pernah belajar dari match sebelumnya, alhasil kalah bukan karena skill lawan tapi karena sistem yang ngumpulin pemain tanpa pertimbangan konsistensi permainan, ini bikin pengalaman ranked jadi capek mental, naik turun ga jela","15 orang merasa ulasan ini berguna","Tampilkan histori ulasan"
"https://play-lh.googleusercontent.com/a-/ALV-UjV36TxcIcecAk80f91rSi_Bu-p5DHOt5LRRaDjl4azC_1ImoSc=s32-rw","Fadly Ahmad Rew","22 Desember 2025","apalah baru gak login 1-2 hari masih aja dikasih kalah. Baru main juga dikasih kalah diawal awal apa coba. Gak solo, duo, trio, dan squad sama aja kalah mulu. Bikin badmood aja. Dah gw donatur lho beli skin bagus bagus. Gak fair, mending login pubg","12 orang merasa ulasan ini berguna","Tampilkan histori ulasan"
"https://play-lh.googleusercontent.com/a-/ALV-UjWXsVmJ30Ug45MPZ85ZW9erGWIt86j2px8SKtzF7gHTAVSxffvY=s32-rw","Shaw","21 Desember 2025","Ini kenapa malah ada bug baru yaitu pas loding pertandingan terjadi lag/loding lama banget.menit 1-2 baru masuk pertandingan alhasil jadi kalah terus di kira ngetroll lagi.abis di update sama aja masih lama loading ke pertandingannya.mohon cepat diperbaikilah","15 orang merasa ulasan ini berguna","Tampilkan histori ulasan"
"https://play-lh.googleusercontent.com/a/ACg8ocKZykVhnChzF8pFusHVm5elc48BWhrGFSmIPzfcpanNtbGTSg=s32-rw-mo","Diana Arida","21 Desember 2025","tolong dikasi tim sama musuh tu yang seimbang, tolong perbaiki juga bug"" nya, sejauh ini udah bagus tapi ya tadi machmacing nya ga adil, lawan lebih kompak sedangkan tim sendiri banyak yang nge trol hadeh, bahkan main beberapa jam pun ga naik satu bintang pun 🙂 moonton sekarang rusak ya.... dapet tim nge trol terus hadehh, lama lama ga asik ml nya kalau gini terus, niatnya mau refreshing main ml, eh malah jadi stres karena kalah mulu, apalagi suka lag"" ga jelas, padahal sinyal bagus","17 orang merasa ulasan ini berguna","Tampilkan histori ulasan"
"https://play-lh.googleusercontent.com/a/ACg8ocLRnBc8XFDRqr3KuKkof1dUCe8f-rwian7vbvUObWVivLEQVA=s32-rw-mo","Asten siana ossy ossy","19 Desember 2025","Game RUSAKKKKKKKKKKKK, main solo di trol mulu, tolong moonton untuk player yang skil nya kurang atau di sebut dark sistem yang ga ngerti apa-apa contoh nya roam jarang rotasi ke gold lane sibuk mondar-mandir di perbaiki matchmaking player nya, terus untuk mid lane main satu lane doang ga pernah yang namanya mau rotasi di gold lane atau exp lane, terus untuk jungle nya di perbaiki yang mana yang on point retri yang mana ga on point retri, terus khususkan player drak sistem sesamaplayer draksiatem","20 orang merasa ulasan ini berguna","Tampilkan histori ulasan"
"https://play-lh.googleusercontent.com/a/ACg8ocLVb4bIYaJfXvPS4AuSwyk790UoSX-xKlshrZtDQtjJOhqkyw=s32-rw-mo","Kamelia Sari","25 Desember 2025","emang HP saya kentang ram4/64 tapi knp pas selesai fris pick lemot. terus terkadang mau game play juga lemot. padahal pake wifi 100mbps itu pun sinyal bagus. tolong di perbaiki lagi. jangan cuma tebar even skin doang mind","",""
"https://play-lh.googleusercontent.com/a/ACg8ocKJ--u-VS7pOeq3rN0hAoM3MUm-WW0CVMqfAdr6c3UqCMJ_Pg=s32-rw-mo","RakhaWarteg Baru","18 Desember 2025","bagus, tapi sering dapet tim yang ga seimbang, lalu tentang pergantian akunnya masih terlalu ribet, dan kalau sedang main, sering lag saat war, namun membaik saat sudah tereliminasi 😂😭","2 orang merasa ulasan ini berguna",""
"https://play-lh.googleusercontent.com/a/ACg8ocJjlmBgcNgQ7NLnMCXJ0sYtEKBldsMSSJm6pRA-AsI1f06-Gg=s32-rw-mo","Lisda Aja","23 Desember 2025","Game nya bagus,,, cuman pas main rank(Solo) selalu dapat tim yang jelek,,Bahakan sampai drak sistem (afk) kebanyakan yang main nya anak kecil mungkin yaa,, mohon di perbaiki supaya kalau ada drak sistem di beri hukuman yang berat misal GX bisa main rank, bukan cuma kredit skore 1 sangat GX masuk akal bgtt, susah bgt naik nyaa kalau dapat tim yang jelek mulu setiap main mohon di perbaiki supaya kita yang main tidak merasa kesal karena adanya hal ini","19 orang merasa ulasan ini berguna",""
"https://play-lh.googleusercontent.com/a/ACg8ocKOQAFW6uOfBdfmsFl3Ni7HYgvZSgv_wcBN0tSdmWjCRhVq3w=s32-rw-mo","Akhmat Khausairi","22 Desember 2025","game nya aneh,, jaringan bagus tapi main ngelak ngelak,,, tolong dong di perbaiki server nya, lagi enak enak perang tiba tiba jaringan jaringan cuman skin dong di perbaiki,, server nya juga dong,, percuma beli skin mahal mahal kalau server nya GK di perbaiki","11 orang merasa ulasan ini berguna",""
"https://play-lh.googleusercontent.com/a/ACg8ocIQHncnlQzT09TJqcFdLj1DgSFKoIIZmud1-BHfswjQg7WFog=s32-rw-mo","Mar Yoto","21 Desember 2025","sangat berat bagi pemain solo rank karena sistem match making moonton yang tidak seimbang . di kasih lawan yang jago tetapi mendapatkan tim yang tidak bisa bermain. apalagi jika kita sedang push MMR ketemu tim beban sangat merugikan kita sebagai player solo rank","13 orang merasa ulasan ini berguna",""
"https://play-lh.googleusercontent.com/a/ACg8ocK4S9jUJS4qeRjkYUorHZqyKWF5PhY8HOoNhF8xHNvPKfvaUQ=s32-rw-mo","Ratna Ratnaa","26 Desember 2025","Games Mobile lengends ini sangat bagus dan populer dan collap sama anime yg lain dan menyenangkan, dari semua games ini yg bagus di mainkan Anak² atau ABANG² , di kasih Hero gratis dan di kasih skin gratis , dan jika kita tidak mempunyai internet bisa main offline","2 orang merasa ulasan ini berguna",""
"https://play-lh.googleusercontent.com/a/ACg8ocKlREGQD3sthWmpgp6AFvcmBcwQWzR9FCeVzE0tD9mCKPv6bw=s32-rw-mo","Ainun rahman","21 Desember 2025","saya tidak suka dengan game ini karena saya selalu saja kalah, saya sudah bermain 5 jam tapi masih saja ngestuck di epic, sebenarnya saya sudah legend tapi karena reset season saya turun ke epic, dan juga saya di epic ini tidak naik tidak turun, dan saya selalu dapat tim tidak bisa main, musuh nya jago semua, jadi moonton aku ingin kalau di epic ini kasih musuh jangan terlalu susah!","4 orang merasa ulasan ini berguna",""
"https://play-lh.googleusercontent.com/a/ACg8ocIlD_CRYSs8vs4HAuE0taFRp0x73EGL2VS4t56lJSkdFhTNwA=s32-rw-mo","Muhammad Gibran","25 Desember 2025","game tolol gua cape dapet tim yang kaya orang sakit semua, minimal mah kalo ngasih tih yang ga bener sekali dua kali atau tiga kali aja gitu, inimah sering banget di kasih tim yang gabisa main, kita kan juga cape gendong' terus, bener' rusak, dapet tim selalu gabener","3 orang merasa ulasan ini berguna",""
"https://play-lh.googleusercontent.com/a/ACg8ocJvLo7bIze1KCrAir8ObvQ70avbxsDLPHYhyASYx32RG2bC7A=s32-rw-mo","rasa kifli","22 Desember 2025","game nya bagus sekali saya main hampir 2 jam dan tidak naik 1 pun bintang nya dan tim nya juga luar biasa ramah dan pengertian 1 lagi masalah jaringan padahal jaringan bagus tetapi tetap delay ML sangat BAGUS UNTUK DIMANKAN","6 orang merasa ulasan ini berguna","Tampilkan histori ulasan"
"https://play-lh.googleusercontent.com/a/ACg8ocJFDzuRoCxZZAGPRuXuokuhhDVQpF5Uimwx8FAYo9Wo1u4dIw=s32-rw-mo","vera anggraini","23 Desember 2025","game terburuk yg pernah saya mainkan karena saya dikasih tim yg noob semua dan saya jarang di kasih tim yg bagus kalau di kasih tim bagus saya dapat musuh yg lebih kuat jarang menang mudah dan selalu kalah dan turun rank sangat tidak rekomendasi, dapat tim yg g bisa main","5 orang merasa ulasan ini berguna",""
"https://play-lh.googleusercontent.com/a/ACg8ocKCGe9Jvl_hLf9IUONSuPmo3najrls73hX40aTwGGpCmQP-nQ=s32-rw-mo","Muhammad Idlan","18 Desember 2025","saat season baru mulai rank turun semua. lalu saya party langsung main rank tapi saat main rank dari menit 10 sampai base saya hancur terjadi lag +999 teman saya juga lag padahal wifi bebeda dan wifi tidak bermasalah. lalu saat saat lagi lag saya menanyakan ke tim musuh ada yang lag gak musuh menjawab satu tim lag semua jadi yg lag bukan tim ku saja tapi yg lag tim musuh juga. mohon dari kejadian ini tolong di perbaiki moonton","13 orang merasa ulasan ini berguna",""
"https://play-lh.googleusercontent.com/a/ACg8ocJR_5dfRB-MM7CdntNUoaI3vszE-W_CovyJ28K5KJwDgHklxg=s32-rw-mo","Naraya Sastra","21 Desember 2025","EDAN SEKALI GAME INI!! saking edannya game ini bikin otak saya sampai hampir meledak gara gara game satu ini 👍 sampai saya stress memainkannya, pokoknya game terbagus (sebaliknya) yg saya mainkan. Player nya juga ramah ramah 😇😇 sampai saya banting hp ke lantai karena kata kata player nya 🥰. Maaf kalo ketikan saya ini terlalu fakta😇🙏🙏","8 orang merasa ulasan ini berguna","Tampilkan histori ulasan"
"https://play-lh.googleusercontent.com/a-/ALV-UjUkxJ41ypf3yaq_qFz6ctQMNnMYvzGO6bIeCHVv2QWbZIeeb1M=s32-rw","Rasydan Afif","22 Desember 2025","tolonglah perbaiki ini game, sering ngefreze mendadak, tim suka dapat yang jelek tapi tim musuh udah kayak tim esport ayolah perbaiki ni game. jangan skin Mulu, dan game ini bagus kok buat dimainkan untuk menambah emosi","1 orang merasa ulasan ini berguna","Tampilkan histori ulasan"
"https://play-lh.googleusercontent.com/a-/ALV-UjXt0Oxj20KGwL2yQpH7EgmyqPJj-ljbZqt8SXIQUw_Jo9toMAyb=s32-rw","Rahmatul Hafiz","20 Desember 2025","min tolong untuk samsung galaxy A56 segera dibuka settingan frame rate ULTRAnya, karna udah hampir satu tahun rilis tapi settingan frame ratenya masih mentok disuper aja, padahal tipe dibawahnya samsung A55 udah lama terbuka frame rate ultranya, tolong min segera diupdate 🙏","6 orang merasa ulasan ini berguna",""
"https://play-lh.googleusercontent.com/a-/ALV-UjWRzyMGxHPGyFH3xnUQ8SNaK6n1GNjMHoL2QZ6RTy0LqChVEaM4=s32-rw","Vallecia Risqi arvand XD","26 Desember 2025","tolong lah developer nya di benerin yang becus tentang masalah lag di awal season sehabis update ping saya selalu 207 ms trs sampai saya emosi tolong di baca developernya masukan kekurangan , dan masalah pada game mlbb ini !!!!","1 orang merasa ulasan ini berguna","Tampilkan histori ulasan"
"https://play-lh.googleusercontent.com/a-/ALV-UjVuL2Ec1DdjbrWFiudlriJhrwQ4QrucWQatxi3txfgskgnPOII=s32-rw","Ricimuki Raimon","18 Desember 2025","untuk game ini, tolong perbaiki permainannya, mungkin ini karena server, karena saat masuk pada game langsung lag parah, entah karena ada yang menggunakan cheat, atau memang hanya servernya saja, tolong segera diselidiki dan diperbaiki, SECEPAT MUNGKIN, karena Aku belum mendapatkan skin Spongebob nya 😭 terimakasih","13 orang merasa ulasan ini berguna","Tampilkan histori ulasan"
"https://play-lh.googleusercontent.com/a/ACg8ocJHpMrGYpAIx73xTwPYSHkRFipWRtzjvNEB7DfemcQ3gkEkRA=s32-rw-mo","Gadis Medan","26 Desember 2025","makin kesini ml malah makin parah jaringan nya, waktu main sama temen yang satu kota jaringan nya aman aman aja tapi waktu main sama temen yang luar kota jaringannya lag parah, ml di update bukannya makin bagus tapi malah bikin player nya kesusahan karna jaringan yang ga stabil, tolong dong masalah jaringan nya di perbaikin, kalo kaya gini terus bakal banyak player yang pensi","3 orang merasa ulasan ini berguna","Tampilkan histori ulasan"
"https://play-lh.googleusercontent.com/a-/ALV-UjXEYWgzCCgZnsvA62tBxFC_NHxQy-V8igUQBDeu-8z7b-lTj80_=s32-rw","Ijoood Ebeeew","23 Desember 2025","Semenjak update makin bermasalah ni Mobile Legend, padahal lagi main Rank tiba tiba lag, aplikasi lain padahal aman, jaringan bagus tapi delay pas in game, ngelag gara gara server di tuduh AFK, makin lama makin rusak ni SERVER MOBILE LEGEND","5 orang merasa ulasan ini berguna",""
"https://play-lh.googleusercontent.com/a/ACg8ocKb1ZNWzuIzdKEY9IfdN3HkGdGnt_YCEWgjPTqHBuAWyQ6AKww=s32-rw-mo","Yemima Anastasia","23 Desember 2025","Komentar saya tentang Mobile Legends: 1.Gamenya bagus 2.Gamenya ngasih playernya skin gratis 3.Collabnya pada bagus sama eventnya pada keren-keren. 4.Heronya banyak. 5.Gamenya heronya bisa dibeli pakai koin dari gamenya Kekurangan yang ada di Mobile Legends: 1.Timnya kadang jelek(tapi gak papa) 2.Pas main Rank kadang teamnya ada yang gak mau main. 3.Pasangan biasanya kalau di team bakalan jelek mainnya(gak semua pasangan ya) Itu saja komentar saja dari saya sekian terimakasih 😀","857 orang merasa ulasan ini berguna","Tampilkan histori ulasan"
"https://play-lh.googleusercontent.com/a-/ALV-UjXSqBzSfkdw4g1NT16qRpSKg__gD9_tcZa4jCERW5T492zhOIIi=s32-rw","Aida Asroini","20 Desember 2025","gameplay nya okelah,tampilan juga bagus, untuk grafik ok tergantung usernya setting kyk gmna ,tapi minusnya cuma pas rank saat mvp lose bintangnya tetap aja atau ga di tambah satu apalgi tulang punggung tim.tpi minus di game ini cuma ketemu player² nge troll tapi itu ga slh developer nya krna itu emng pemain kurng ajar aja","5 orang merasa ulasan ini berguna","Tampilkan histori ulasan"
"https://play-lh.googleusercontent.com/a/ACg8ocLPCljpmvcU8pLMxVHC8GbCFpj4doDXl7cNNvQt8o5Mcqf2Qw=s32-rw-mo","palenn rinn","24 Desember 2025","Sangat kecewa dengan layanan pelanggan Moonton. Akun saya diretas padahal saya punya banyak bukti kepemilikan termasuk riwayat top up. Namun tetap ditolak tanpa solusi jelas. Akun dirawat bertahun-tahun tapi tidak ada perlindungan yang adil untuk pemain.","5 orang merasa ulasan ini berguna",""
"https://play-lh.googleusercontent.com/a-/ALV-UjWCSYuz0qaijVcO6Ivg1ypSwTCMWKTCQAHQ6jrWPFvuexNlJVbW=s32-rw","M. Irham Daffa","19 Desember 2025","Kenapa setiap saya bermain ping saya selalu merah? Padahal jaringan internet saya bagus tidak ada kendala diluar game, tapi setelah didalam game selalu lag? Tolong dijawab dan perbaikan nya.. ini kenapaa nge laaagg yaaa????","13 orang merasa ulasan ini berguna","Tampilkan histori ulasan"
"https://play-lh.googleusercontent.com/a-/ALV-UjWMRe4SCUliNN28-xVTedbPbUOE6DLxAv0ueRgftjzzoSd1JU6n=s32-rw","Farhan Oktora","23 Desember 2025","game ngeleg mlu heran, udah mah dikasi dark system trus gk ad kasiannya am player tolong di perbaiki dong pihak monton agar di perbaiki system jaringan nya jangan dikit dikit ngestuck trus tiba tiba jalan ke tembok arah ke turet musuh trus sama di perbaiki system pilih tim jangan di kasi nya orang gabisa maen trus capek klo gtu playernya kehibur enggak stres iya tolong diperbaiki semuanya pihak monton agar semua player bisa menikmati permainan dengan baik dan senang sekian terimakasih gtu aj dh.","6 orang merasa ulasan ini berguna","Tampilkan histori ulasan"
"https://play-lh.googleusercontent.com/a/ACg8ocJITpgPKRemrHLmJLF6IIzzclFJp8HJnxpt5H0S-1BTn60CBQ=s32-rw-mo","REFAN","23 Desember 2025","untuk developer ini saya mewakili sekian banyak player yg mengeluh soal tidak bisa masuk match making, padahal sinyal bagus alhasil karena tidak bisa masuk berulang kali di ban tidak bisa mengikuti pertandingan selama beberapa menit 🙏","4 orang merasa ulasan ini berguna",""
"https://play-lh.googleusercontent.com/a/ACg8ocJphTpCYJK2Azk5Jb9vDq4Vt6voakZBnJT_UGXJJcmnofr4=s32-rw-mo","King Dyroth","26 Desember 2025","saya memang suka game ini tapi kasian top global rank dari 3000 an jadi 100 jadi tolong saat season yg udah ribuan bintang immortal nya kurangnya minimal 100 dan orang yg tidak sempat masuk event yang sudah kadaluarsa bisa masuk lagi ke event lama","1 orang merasa ulasan ini berguna",""
"https://play-lh.googleusercontent.com/a-/ALV-UjUsnd-XZfP9LR-bYEVv8iTwvlapvNhF6dOy-dBb0RbYpiT23g=s32-rw","MR Depriansa","21 Desember 2025","Halo Tim Moonton, Saya ingin berbagi sedikit keresahan sebagai pemain yang cinta banget sama Land of Dawn. Perbedaan level emblem yang terlalu jauh kadang bikin pertandingan terasa berat, terutama untuk pemain baru yang masih belajar dan belum punya banyak resource. Karena itu, saya punya beberapa harapan: 1. Samakan level emblem di ranked, biar skill yang bicara. 2. Atau hilangkan levelnya sekalian, supaya semua bisa nikmati talent tanpa harus grinding panjang. moba kompetitif kok pay to win","47 orang merasa ulasan ini berguna","Tampilkan histori ulasan"
"https://play-lh.googleusercontent.com/a-/ALV-UjWQkPTtvdpmAA7uasnyMKM9UcK5NaLPr-2S5HTfZh1WDuBYqpE=s32-rw","Simfonihitam 666","24 Desember 2025","tambah tahun bukan tambah bagus mlah tambah hancur,loading lama bnyak ngelag.skin gtatis banyak tpi dalem game yg utama adalah kecepatan kontrol,dulu enak sekarang kbayakan lag sama loading waktu mau maen lama anjr.","2 orang merasa ulasan ini berguna",""
"https://play-lh.googleusercontent.com/a/ACg8ocLqEDG1Pdx5oRdIuqBY1Lrd5AzPNmkjX75OgmxeRHSWMjeXGQ=s32-rw-mo","Firdaus Ahmad","18 Desember 2025","mohon maaf mobile legend saya kasih bintang 2 dikarenakan ada ngebugg, mohon diperbaiki bugg itu ya mobile legend, semua tim kena gr gr bugg itu dan sering terjadi juga tidak bisa gerak padahal wifi kita bagus bagus aja?, sekali lagi mohon diperbaiki bug bug tersebut. Sekian&terimakasih 🙏🙏","5 orang merasa ulasan ini berguna","Tampilkan histori ulasan"
"https://play-lh.googleusercontent.com/a/ACg8ocI7_BYTEtui4zYCkn_MJ5BiANIoGMmicMZbeWxWC83JVqo_5A=s32-rw-mo","Camelia Dewi Fortuna","23 Desember 2025","moonton kok saya ga bisa main lagi yah,soalnya ga bisa masuk dalam pertandingan keterangannya pertandingan udh ditemukan tapi ga bisa masuk,padahal jaringan bagus loh ini gimana?udh 2 hari ga main kangen main ml moonton tolong ya,apakah ini kena bug??","4 orang merasa ulasan ini berguna","Tampilkan histori ulasan"
"https://play-lh.googleusercontent.com/a/ACg8ocIaaDTTZhLDX0q1KAwVzDHMhWcUGpzAhrD9w05LIwsD7-MOig=s32-rw-mo","Tokora Yamizano","23 Desember 2025","Saat memainkan mlbb ngelag terus.Nonton video dari mlbb bisa diputar semua(Biasanya video dalam game 480p,720p dan sampai kualitas tertinggi kok bisa diputar),tapi saat main ngelag terus mau berapa kali main tetap ngelag","4 orang merasa ulasan ini berguna",""
"https://play-lh.googleusercontent.com/a/ACg8ocLMvs6JmKRB36OnzatXmFwOmBvgL_GbVZi0ApNq6aZ97rCVpw=s32-rw-mo","andyn adelia","25 Desember 2025","sinyal bagus tapi malah jalan sendiri gak tentu saja arah ,responnya telat,kadang analog serang ilang ini game kok kualitasnya jelek banget pensi gua kalau gini terus emang game bagus tapi sistemnya jelek banget,muak gua sama game ini","2 orang merasa ulasan ini berguna",""
"https://play-lh.googleusercontent.com/a-/ALV-UjWncGNYWzR9_Y30QCvFrPVORlm-uhK0kw_lzqrHdh909C2QttJ3=s32-rw","Zahran","24 Desember 2025","yang bener aja tun, gua tau device gua udh lumayan jelek untuk ml skrg (Infinix hot 10) tapi yg bener aja? semenjak update gua login in game di menit ke 1 lebih? udh ketinggalan 2/3 level. Pas draftpick aja lemot, please lah di ringanin dikit, minimal gua jgn dimenit 1 pas masuk gamenya. Kalo gini mulu bisa' gua pindah game lain co...","5 orang merasa ulasan ini berguna","Tampilkan histori ulasan"
"https://play-lh.googleusercontent.com/a-/ALV-UjWJTIPYpMW7Wc2Bqc1fnOEOOi4_OwucpO3iPQLl1gOUZGk2qofp=s32-rw","Zaid Zulfikar","19 Desember 2025","game ini sangat luar biasa sangat seru cuman semakin lama semakin banyak update nya semakin banyak down,error/kerusakan nya ini game!! tolong di perbaiki ya.. kasihan untuk yang menggunakan handphone dengan kapasitas penyimpanan atau ram nya yg kecil.","81 orang merasa ulasan ini berguna","Tampilkan histori ulasan"
"https://play-lh.googleusercontent.com/a/ACg8ocLOc6h7-L-YVgf5x5L-baHAm_sB3rCrJywrjXA16fFoW2Tbkg=s32-rw-mo","My History","20 Desember 2025","matchking tidak seimbang, berat sebelah yang dimana sering ketemu team dark system sedangkan musuh kebanyakan winstreak, tidak direkomendasikan jika anda bermain solo player di game ini.👎👎👎👎👎","12 orang merasa ulasan ini berguna","Tampilkan histori ulasan"
"https://play-lh.googleusercontent.com/a/ACg8ocKsVxUEZJgnHjzZvPDmauldfvkLwJWB4dGCLQ9yXZGE6Tum9w=s32-rw-mo","Fadlan Aridho","23 Desember 2025","saya dapat menghibur diri mungkin tAnpa game ini pastinya sangat happy jangan diragukan lagi ini game impian setiap ingin ada hiburan saya akan main setiap hari setelah pulang sekolah aku akan online seperti banyaknya jumlah pemain dengan skin bagus dan keren ada salah satu Hero favorit saya meskipun temenku sudah memperingatkan bahwa Hero itu lemah ternyata masih bisa ditingkatkan akhirnya Hero itu menjadi favorit ku karna saya dulu nya lemah mungkin tanpa Hero itu aku sudah diremehkan aku happ","1 orang merasa ulasan ini berguna",""
"https://play-lh.googleusercontent.com/a-/ALV-UjU5IuAlQ4YArz1Cs8DijCgotjppUTnkSXolU0MSizuhlNi7OnkH=s32-rw","Fandi 11","25 Desember 2025","game moba paling buruk, saya setiap bermain dikasih tim dark sistem namun di kasih musuh abang-abangan imo 200 ke atas, dan saya kecewa karena hal itu,untuk monton saya mohon untuk hilang kan dark sistem dari game mobile legenda","2 orang merasa ulasan ini berguna",""
"https://play-lh.googleusercontent.com/a-/ALV-UjXYNjlyqaxMyoJVHlqj87DD3N09Yje2WNsvLzpwDTBoKylLMCg=s32-rw","Mhd Sahrul","21 Desember 2025","game gak asik tiap bintang 99 pasti kalah 3-5x,pas pake Hero mmr selalu kalah giliran pake Hero lain menang Mulu,banyak bocah gak bisa main,game ini jelek,hitam,tidak bagus untuk dimainkan secara individu.kalo game ini di peruntukkan untuk bermain secara berkelompok mending lu ubah ini game.","8 orang merasa ulasan ini berguna","Tampilkan histori ulasan"
"https://play-lh.googleusercontent.com/a-/ALV-UjV_cMiTJSo8bhZdjNJV-xKGgRVWhecOgQJu6NqqGzAWVySudq1R=s32-rw","Fahreza Aldi","29 Desember 2025","Lag parahh!. main game udah kayak main tebak-tebakan awal jaringan bagus tiba-tiba jadi merah saat team fight!!. udah lah banyak dark sistem, tim musuh kompak jago tim sendiri ga bener isinya anomali semuaaa. ga seimbang banget. udah lah kalah MVP lagi! mending HOK kalah MVP masih di kasih bintang. mereka yang gendong dark sistem merasa di hargai.","","Tampilkan histori ulasan"
"https://play-lh.googleusercontent.com/a-/ALV-UjXN2sykmMS01A6hHSn0cIdYsUf--5Xt4Zm66u4mIz8WZuQWriw=s32-rw","Sevenuza Exel","18 Desember 2025","Jaringan sering lag dan adanya bug pada season ini. setelah update gamenya rusak gak bisa apa""..bisa login tapi hanya sampai di tampilan latar saja gk bisa ke rank. ke profil dan lain""","13 orang merasa ulasan ini berguna","Tampilkan histori ulasan"
"https://play-lh.googleusercontent.com/a/ACg8ocKEM368HfTcXWsfd7bxuSqeQz7Bc09CfpElkemwkjgazin3lA=s32-rw-mo","ainul yaqin","21 Desember 2025","tolong dong moonton kasih draft yg seimbang, semuanya sih udh bagus cuma klo matchmaking tuh team sama lawannya gak seimbang, masa saya yg rank tinggi team nya rank rendah, sedangkan musuh rank tinggi semuanya, gw kasih rating 5 karena biar muncul diatas dan karna game nya emang asik(cuma suka bikin stresl","4 orang merasa ulasan ini berguna",""
"https://play-lh.googleusercontent.com/a/ACg8ocIXSO5lKzKozzwyG33rdNTp8HJwkUsnOT5XK-BrzEweVBukUw=s32-rw-mo","San Sitorus","18 Desember 2025","woi monton ni ngasih bintang 2 dulu. ayo lah papi monton perbaiki jaringannya. masa ia jaringan data wifi. kadang data+wifi lagi. masih ngeleg gitu jaringannya. kita sebagai player jadi malas ngepush. mana gitu sistem jaringannya rusak draksistem nya banyak pula. ayo lah papi monton perbaiki sistem jaringannya kita player makin stres data bagus aja pas main leg di saat war😴","1 orang merasa ulasan ini berguna",""
"https://play-lh.googleusercontent.com/a-/ALV-UjUmisWXK28zu8LaBvlaqoZnwHJrN6vWW_CqB-yDHjgLYd8zwgp5=s32-rw","FadhlanCH","22 Desember 2025","Lumayan, bahkan dari segi gameplay juga bagus dan adil. Layanan pelanggan-nya juga gercep responnya. Tapi seperti biasa Moonton pilih kasih🗿 2 bulan lalu baru main enak banget banyak event dan hadiah khusus pemula. Eh pas udh agak lama main, mulai dah ""rumor"" orang-orang tentang Moontod🗿👌🏻 Oke deh sekian, abangkuh. Semangat bikin game-nya menjadi lebih baik lagi! ~Fadhlan","5 orang merasa ulasan ini berguna","Tampilkan histori ulasan"
"https://play-lh.googleusercontent.com/a/ACg8ocKjMzL4_p5xP5oKFr10Pe0K0PhkNu9EEWyIjJVAD-lXKqcbkA=s32-rw-mo","Muhammadzaini Zaini","26 Desember 2025","ini baru main kok mau respawn gak mau jalan ini kenapa kata orang orang ini game terbaik tapi kok kayak game tahun 2010 an kayak sengaja gak mau gerak padahal ping di bawah 20 ini bug atau gimana game doang kayak seru tapi aslinya banyak masalah","1 orang merasa ulasan ini berguna","Tampilkan histori ulasan"
"https://play-lh.googleusercontent.com/a/ACg8ocL5cYZ2O1rrt0qmr_3ebcpVCcapiwgYSGoySMBBBjEK58xdrg=s32-rw-mo","Muhamad Rakha maulana","23 Desember 2025","moonton, tolong dong, itu dark system musuh nya khusus dark system juga, kadang ga seimbang, tim nya dark system, musuh nya jago, capee bgt seriuss, ketemu tim modelan dark system, musuh nya jago sekelas esport, dark system meresahkan bangat","",""
"https://play-lh.googleusercontent.com/a/ACg8ocKjraQPxZEHVNVuBr23LEo0JeZF04nFQ28PAbd0qwL26zkImg=s32-rw-mo","Muhammad Rosi","22 Desember 2025","game rusak tidak pernah menanggapi player yang bermasalah, saya main di kasi tim yang gak jelas mulu, bilang nya mau buat lingkungan yang baik mana bukti nya jangan hanya omongan saja tapi bukti, membuat lingkungan yang lebih baik apa kalo dari sistem saja gak becus, dari pada buat skin banyak-banyak lebih baik perbaiki sistem nya","4 orang merasa ulasan ini berguna","Tampilkan histori ulasan"
"https://play-lh.googleusercontent.com/a-/ALV-UjXHt69faFod7sAFvoVRrDDUoMAj3KqRiv1PCcJU3jXwY9amfX-1=s32-rw","Septeriel Laia","22 Desember 2025","Makin update jadi makin banyak bugnya, ditambah makin berat juga sering banget ngeframe walaupun di fiturnya ada opsi download data yg diperlukan saja tetep ga ngaruh.","1 orang merasa ulasan ini berguna",""
"https://play-lh.googleusercontent.com/a-/ALV-UjWG_8W0LQ_p0vwRw8Ap-SrUYiSZTPvmeqJJYILOYU2Nfmf6svWb=s32-rw","K2 BROKEN","22 Desember 2025","good good sekarang udah mantep, semua udah bisa dibilang perfek, dari segi permainan, visual, suara, balance dari hero, sekarang udah ga bikin hero terlalu op pas awal rilis, skin gratis makin banyak, harga diamond terjangkau, mungkin untuk sekarang kekesalanku cuma di playernya banyak yang joki akun, secara tidak langsung membiarkan player belom terlalu ngerti soal permainan masuk ke rank yang tinggi, tapi bagus untuk sekarang.","696 orang merasa ulasan ini berguna","Tampilkan histori ulasan"
"https://play-lh.googleusercontent.com/a-/ALV-UjVuUcsHe_dyzXMCgxB_P7E1-592sGu53Tsl__O_arfizsEULFo=s32-rw","Wara Wahdania","23 Desember 2025","game aneh,sinyal lag mulu pas login apalagi kalau sudah main, padahal sinyal ku bagus dia pakai scrol tik tok, nonton yt,lancar aja tuh giliran buka MLBB malah lag banget!!!!!","5 orang merasa ulasan ini berguna","Tampilkan histori ulasan"
"https://play-lh.googleusercontent.com/a-/ALV-UjV35mFMIFLTFeQqaeJHvQPBnKq7tdWWS9D5duey-4EyQPNirWY=s32-rw","wagiono wagiono","26 Desember 2025","ini bukan tentang masalah gamenya tetapi etika playernya aku waktu jadi tank selalu dibilang beban,gak berguna,dan hapus aja Ml kalau gk bisa main.disaat itu aku berfikir untuk terus cari partyan yang bisa menghargai Roam dan hasilnya juga gak sesuai harapan,tetapi aku masih bisa memaafkan mereka meskipun sudah keterlaluan :)","3 orang merasa ulasan ini berguna",""
"https://play-lh.googleusercontent.com/a/ACg8ocLl-L_0St8DY3y8sA26AFc6P3AoiajKAFNiY3nyZqllXiZmeg=s32-rw-mo","Yuan Dika","21 Desember 2025","Moonton lgi gimana tadi saya lagi main trus mengalami lag sampai sekarang trus saya coba login ulang ga bisa login tulisannya memuat game,trus ada notif jaringan tidak stabil padahal temen gua bisa pake wifi gua,TOLONG DI PERBAIKI🙏🏻🙏🏻","",""
"https://play-lh.googleusercontent.com/a-/ALV-UjVBjSMp30lRtr7OrMegTHKSURWvIfasAf0pN3rQwwjrj1GDVbs=s32-rw","Ndraa","22 Desember 2025","game ini sebenarnya seru,bisa mabar bisa menjadi bahan saat gabut.Tetapi belakangan ini saya mengalami relog terus menerus di logo mobile legend saat interface mohon diperbaiki relog seperti itu agar tidak terjadi afk🙏","",""
"https://play-lh.googleusercontent.com/a/ACg8ocLHe6oXA9E-geUSXRr9j3aSAZIfizf37EtULVfg8g7pa3G4kQ=s32-rw-mo","Danielson Pugh Danielson Pugh","26 Desember 2025","gak ngotak kalau kasih musuh, tim saya di kasih yang jelek jelek sedang kan tim musuh yang bagus bagus tolong kalau ngasih musuh yang seimbang sama tim saya, setiap main ml naik turun naik turun terus , tolong di perhatikan lagi player player nya yang mau naik rank selanjutnya jadi susah kalau tim nya gak seimbang sama tim musuh","3 orang merasa ulasan ini berguna",""
"https://play-lh.googleusercontent.com/a-/ALV-UjW1p6tfTU7gTxJza-PnXLX1ihJ_x1ZizPDVXAsI9LW3zGfkyA=s32-rw","Ziyyy Standby","21 Desember 2025","jelek jelek game dikit dikit ngeleg mau sebagus apa sih sinyal nya biar gak ngeleg ???! pas main di game lagi war ngeleg tiba gak war gak ngeleg tu sinyal pasti selalu kayak gitu perbaikan jaringan nya tolong lah min gak nyaman gua main","8 orang merasa ulasan ini berguna","Tampilkan histori ulasan"
"https://play-lh.googleusercontent.com/a/ACg8ocJa_VWdhry5k-kgd8YH1l6_uxlsdqEAynba7Uc25y8XoiI6iw=s32-rw-mo","Alvadino22","20 Desember 2025","padahal sinyal bagus tapi pas main selalu lag parah bahkan masuk ke pertandingan harus relog 2 kali giliran pas udah masuk jadinya afk karna cuma main setengah game alhasil menang pertandingan tapi bintang nggak naik, kalo emang belum bisa perbaiki game jangan kebanyakan update, makin males buat main mobile lagend","12 orang merasa ulasan ini berguna","Tampilkan histori ulasan"
"https://play-lh.googleusercontent.com/a/ACg8ocJHE51_92fCm67TFQE6R93aXWGzjz6xQysZDmeY44i0A-U6JA=s32-rw-mo","Gibranza Alex Maulana","22 Desember 2025","game ini system nya gapernah dibenerin, lebih banyak dark system daripada yang jago,solo vs tim, lo bakal di kasih tim yang beban yang gabisa main tapi musuh nya jago yang bikin lo depresi, saran gw mending kalo sistem game ini belum diperbaiki mending gausah main game ini lagi aja, masih banyak game yang lebih bagus lebih murah daripada mobile legends seperti honor of king","8 orang merasa ulasan ini berguna","Tampilkan histori ulasan"
"https://play-lh.googleusercontent.com/a-/ALV-UjWQ13PYYi9WeuExQ31tfkvtl6xzPRQemlipY-wkNwUXhezdwp6t=s32-rw","_ Fahmi","20 Desember 2025","makin kesini makin sering nge bug, terutama masalah server, yang katanya sudah di perbaiki ko masih sama, tadi main padahal ping 15ms sering banget tiba-tiba jalan sendiri","",""
"https://play-lh.googleusercontent.com/a/ACg8ocI8ZhoOB-AC_V4NHoFHlMtikFItiY4HCZK-E7owSn71lmekWg=s32-rw-mo","Ilham Zaa","18 Desember 2025","mohon di perbaiki carilah lawan yg sama, sinyal sering lag, dan pisahkan lawan yang solo,duo, trio , party. harus sesuai Dengan yang dipermainkan. sistemnya harus diperbaiki.","12 orang merasa ulasan ini berguna","Tampilkan histori ulasan"
"https://play-lh.googleusercontent.com/a/ACg8ocKjDOfXYik9OAqURqLbudKPpTDZNLwPxQyxnK_AH3CiR1aSaA=s32-rw-mo","Khidieer As","25 Desember 2025","woi montoon ini mobile legend saya pas bagian loading screen stuck di 30% terus ada tulisan ""koneksi terputus"" padahal saya jaringannya bagus di in game, di update sebelumnya gapernah kayak gitu malah di update sebelumnya di bagian draft pick ngebug ngelag patah patah, fix dong montoon kalo gitu terus males main saya plis baca","","Tampilkan histori ulasan"
"https://play-lh.googleusercontent.com/a/ACg8ocLwmNzjcWoIAMjjXi4axGw8QOhUHNRCr7LFFJAZth9buGld-w=s32-rw-mo","Sherlambang","23 Desember 2025","saya mempunyai saran , jadi kalo kita bermain solo ketemu nya solo semua dari musuh hingga tim sendiri. nah jadi yang mainnya duo ketemu nya trio begitu pula sebaliknya di semua tim (khusus player solo di temukan orang yang main solo entah di team atau musuh). Biar adil dan sejahtera jangan campur kaya satu team solo, solo ,trio segitu saja saya harap dibaca dan dipahami semoga dilaksanakan thank you","2 orang merasa ulasan ini berguna",""
"https://play-lh.googleusercontent.com/a/ACg8ocLYYoegpShJdLxqDnlBuzLfNHn_AUCyS-KHJWI7FX12Fp2bPw=s32-rw-mo","Kiyya Jelek","26 Desember 2025","game ini sangat cocok untuk orang yg ingin meninggal cepat karena game ini mengandung unsur sakit jiwa dikarenakan development nya yg suka ngasih tim2 ga jelas dark sistem, jaringan buruk, bug2 nya banyak dan masih banyak lainnya","",""
"https://play-lh.googleusercontent.com/a/ACg8ocJ8AYe2H4QbfbCEv5mYYZPXaMYV6TefoFhWVjyi4ygSWyycEQ=s32-rw-mo","Robbi Azfar","21 Desember 2025","Mohon diperbaiki Moonton sistem matchmakingnya,apalagi kalo habis season, tim badak abadi musuh ex glory/imo,bahkan ada salah 1 tim saya yang gak ngerti item, musuhnya banyak magic dia buat full phsycal defend, bahkan saya ketemu layla sebagai jungler di tim saya, sedangkan musuhnya menggunakan Nolan, otomatis saya sebagai roam kewalahan membantu layla yg terus dirusuh sama tim lawan, tolonglah perbaiki sistem matchmakingnya, yg adil, bukan ky gni","2 orang merasa ulasan ini berguna","Tampilkan histori ulasan"
"https://play-lh.googleusercontent.com/a/ACg8ocJsvWbwZ7XoEL1s0vWFp8DRN-lUzLpuJC4tzMZa2HJzH_sRew=s32-rw-mo","Raisa Dewi","20 Desember 2025","gw sering di kasih kalah, tim kaga karuan, girilan tim musuh pada jago jago, gw sering stress main ni game, kalah Mulu menang kaga, stres Mulu gw kalo main ni game, mana tim gw kalo di suruh bantu malah toxic, hdehh, sangat sangat mengecewakan..","12 orang merasa ulasan ini berguna","Tampilkan histori ulasan"
"https://play-lh.googleusercontent.com/a/ACg8ocIV_3S6WQyJNpwVbPkYCg3VCoLLANGTkIBJ0Xn16Wcd2_BEUw=s32-rw-mo","Zaki Kece","24 Desember 2025","apa ni we monton sebelum update masih aman""aja ni game ko setelah update kemarin ko jadi gini,sinyal ijo ko jalan""sendiri ga bisa di gerakin,gua tau game lu tu laris tapi tolong la hargain yang hp nya kentangg,sori ku kasih bintang 3dulu kalo Uda seperti semula baru gua kasih bintang 5.","",""
"https://play-lh.googleusercontent.com/a-/ALV-UjUW2wnJgqoPOMwMWwN-S9EmMfUJ7xP8XrBtUD4TkCD45FnUjfc=s32-rw","Dex Amo","22 Desember 2025","Dear MOONTON, Dalam kondisi jaringan stabil, ping rendah, serta game versi terbaru, Mobile Legends masih sering mengalami lag saat pertandingan, terutama ketika menggunakan skill hero. Masalah yang terjadi bukan hanya penurunan FPS, tetapi keterlambatan respons bahkan skill tidak aktif sama sekali. Sebagai game kompetitif, hal ini sangat merugikan pemain. Dengan indikator jaringan yang baik, seharusnya masalah tersebut tidak terjadi. Ini menunjukkan perlunya perbaikan serius pada optimasi sistem","6 orang merasa ulasan ini berguna","Tampilkan histori ulasan"
"https://play-lh.googleusercontent.com/a-/ALV-UjXCffw3dXR-fUYQprDWwsXOcSRRJowN7os_TiYyrlYviElci25D=s32-rw","PRIA BERKUMIS","22 Desember 2025","sudah cukup sampai disini saya bermain game ini, semakin hari ini game semakin gak jelas dari segi match matching, tidak ada kata seimbang didalam game tersebut, player yang skillnya lebih rendah dari tier grandmaster pun ada di tier atas seperti glory, ini sudah membuktikan bahwa saat ini montoon tidak peduli pada kestabilan game, dan yang lebih membuat saya kesal ada pada match solo yang seharusnya dipisah dari match duo, trio, maupun squad karena itu hanya menjadi masalah baru.","6 orang merasa ulasan ini berguna","Tampilkan histori ulasan"
"https://play-lh.googleusercontent.com/a/ACg8ocLOUCDKZvDjrFV3O86COjr9iF61Jrvh5_6IiSZEAweYMQEGfw=s32-rw-mo","_neo 125","18 Desember 2025","ini knapa stelah update malah jadi lag?, padahal di lobby sinyal 12 dan lancar2 semua, tapi pas masuk di pertadingan malah lag parah, yg leg semua player bukan cuma saya sendiri gimana ini, kami semua butuh jawaban🙏","",""
"https://play-lh.googleusercontent.com/a/ACg8ocLB2EVFM5ftuGImXPTEU3LDjcpu3FQJdTpCgBlz3oId-xePRw=s32-rw-mo","Leo Ya","21 Desember 2025","games nya seru cuman kenapa setelah reset season jaringan nya ngelag parah,kalau lagi war tiba-tiba merah pas udah mati baru bagus jaringan nya,tolong di perbaiki lagi sistem nya biar para player nyaman","",""
"https://play-lh.googleusercontent.com/a/ACg8ocL4gUeVmUn-iJIctfBJZr34xWhe9C3nsQIiCCuSWuqtKs0ZYw=s32-rw-mo","dyah Wiranti","24 Desember 2025","tolonglah. untuk data hero sekin dll harusnya sudah masuk pada unduh pertama kali di playstore. masak baru download harus download lagi. mana gak bisa di hentikan download nya... ukuran download nya juga gak ngotak sampai 9gb. tolong di kompres lagi data yg harus di download. biar yang ram 8 kebawah bisa merasakan main ML tanpa adanya lag","4 orang merasa ulasan ini berguna",""
"https://play-lh.googleusercontent.com/a/ACg8ocLOjWUgsQb2ZwOEBgjDsr8xrSFFepDo5wlyBqJZ9PFc4inAcg=s32-rw-mo","Nikmatul khoiriyah","18 Desember 2025","kurang dari segi apapun, ketidaknyamanan saat bermain dan juga permainan/pertandingan yang tidak sehat menyebabkan pemain merasa trauma/merasa tertekan. saran, kedepannnya sediakan fitur yg lebih inisiatif untuk anak""!.","13 orang merasa ulasan ini berguna",""
"https://play-lh.googleusercontent.com/a-/ALV-UjVtfvEnvxwof4uI9whBVGzqqbx-nCg8CRNA9JUUjhamoM66Z_o=s32-rw","Zhilan Ansadila","24 Desember 2025","perlu di garis bawahi, perihal sinyal dibenerin lagi la ton monton banyak yang komplen game ini soal sinyal yang tiba tiba ngelag padahal pink masih bagus, masa lagi ngewar mau savag tiba tiba ngelag eek lah","4 orang merasa ulasan ini berguna","Tampilkan histori ulasan"
"https://play-lh.googleusercontent.com/a-/ALV-UjWEMkor2K8t5X8_kpZD77D-by0sjgpFpYW6uDv2LCEVNjOLnteB=s32-rw","Yulia Nuroktafiani","26 Desember 2025","Bintang 0 , tiba2 gabisa login dan pas diliat sama temenku lagi dalam antrean terus menerus padahal udah ku hapus ni aplikasinya dan download ulang masih aja gabisa login dan dalam antrean, gimana ini moonton","4 orang merasa ulasan ini berguna",""
"https://play-lh.googleusercontent.com/a-/ALV-UjXSKubW-2qNDHP3TDizU-FjCCqJBkxaspbv2D3piOc7aABUlvZB=s32-rw","Hilwan Aqila","18 Desember 2025","Dear moonton,pls kami ga perlu update fitur tambahan,kami butuhnya kamu improve atau perbaiki sistem matchmaking,penambahan update seperti interactive emote dan fitur yg lain,jujur itu ga ada gunanya sama sekali,dan juga mohon skrg kami player"" sangat lag bermain mlbb servernya sangat down dan jumping,dan juga tolong keadilan dalam memilih lawan dan rekan,kalau bisa setara. inilah yg membuat player merasa ga nyaman karena mereka lose streak,km maunya player itu kalah apa menang moonton?","6 orang merasa ulasan ini berguna",""
"https://play-lh.googleusercontent.com/a-/ALV-UjXyg5U_5B_fdqQe2rRADT5ct1vl-DUpkrl46syvUpa_kN6PgIX_=s32-rw","Oppo A17","20 Desember 2025","Game anj, game nya aja stuck, mendingan main game lain nya yg gak pernah stuck, seperti HOK, AOV, FF, PUBG, Blood Strike, ketimbang main ML stuck terus, perbaiki sistem lu moonton, kalau mau game lu gak stuck perbaiki dulu,mikirin skinnn muluu","12 orang merasa ulasan ini berguna",""
"https://play-lh.googleusercontent.com/a-/ALV-UjXYMGkix-CD9YVTD9PLdWYwjbiXju0YnRlXRDfsUxRflS1wA8a8=s32-rw","Arya Syah","22 Desember 2025","gamenya keren hebat, banyak Hero nya, bisa multiplayer, dan grafik nya keren serta skin-skin dan partikel efek nya sangat memukau.terimakasi atas pembuatan game ini.","2 orang merasa ulasan ini berguna",""
"https://play-lh.googleusercontent.com/a/ACg8ocId7l2x3Cydp43ToMn3nqkxdoS19EB_xjt68a47rxqK5biJmA=s32-rw-mo","Qisbulloh alfaris","26 Desember 2025","Game ini bagus,tapi tolong berilah tim yang seimbang sesuai dengan ranknya,saya beri bintang 5 karena game faforit saya,Semoga sistem bisa memberi tim yang layak,agar pemain lain bisa merasakan pengalaman bermain yang seru sekian terima kasih.","1 orang merasa ulasan ini berguna","Tampilkan histori ulasan"
"https://play-lh.googleusercontent.com/a-/ALV-UjUYVuhOWv6gfCplaV0ZP0H5HB-d_JzFJ9kqhoeUEfzFOs7i5sA9=s32-rw","Fajar Wibisana","22 Desember 2025","ini maksudnya gimana yah?, aku udah pake data terus sinyal nya udah bagus kok tetep ngeleg, lain kali kalo update itu perbaiki dulu masalah jaringan jangan nyusahin player, aku ga bermaksud berkata buruk atau hal lainnya tapi kasihan player yang main udah pake data tetep aja ngeleg","","Tampilkan histori ulasan"
"https://play-lh.googleusercontent.com/a/ACg8ocIulrjS9kqonGaBW0n0gI1F2c2xwxCsW80iNGD1F_tzP1UfdbsD=s32-rw-mo","Novan Eka","25 Desember 2025","kecewa dengan moba yang sekarang, ngasih musuh dan team g masuk akal, sekalinya dapat team enak musuh seimbang, jaringan yang lag, sampe skill bisa delay parah, tolong dikoreksi lah min,,,,","2 orang merasa ulasan ini berguna","Tampilkan histori ulasan"
"https://play-lh.googleusercontent.com/a/ACg8ocL6lp8p-4qM0-4wGeoluhA38clQYnNVRFKLI9xcP45GwssPpg=s32-rw-mo","Hasan Hasan","24 Desember 2025","game nya seru, tapi gak sesuai sya selalu di kasih tim gak bisa main, sedangkan musunya di kasih yg jago², saya mohon di perbaiki, soalnya teman saya enak dapet tim yg jago, sekali lagi mohon yg bener kasih tim","2 orang merasa ulasan ini berguna",""
"https://play-lh.googleusercontent.com/a-/ALV-UjUn4vzqC0hCkoGGMdYOh70tMjLnrhKBs6TNOJ2SwSXmxi0hSxI=s32-rw","DeRI","18 Desember 2025","gamenya lag pas awal season, lagi main sinyalnya bagus sekitar 30-50 tapi lag parah banget bukan cuma saya tapi teman-teman satu tim juga bahkan tim lawan juga lag. tolong benerin gamenya saya mau main seru-seruan jadi malah stress","12 orang merasa ulasan ini berguna",""
"https://play-lh.googleusercontent.com/a/ACg8ocITQpJ5ADtTNO-QhtvfCqNnDqFahDyixla9cyh6yLsOYf1FKQ=s32-rw-mo","Mm Dini","20 Desember 2025","Setelah membaca banyak komentar kritis, keknya bukan gue yg noob, emang matchmaking-nya yg agak ngawur udah latihan sebelum main eh malah dapat rekan setim yg gak seimbang karena bukan tipe yg suka menghakimi jadi gue klaim diri gue darksistem sekalinya emang gini kelakuan moonton tim sendiri dan tim musuh yg pro disatuin, apalagi solo player kek gue beuh siap** digoreng. Plus setiap kali war jaringan tiba-tiba turun drastis, pas udah dead jaringan langsung hijau (maksudnya apa begitu hmmm?)","2 orang merasa ulasan ini berguna",""
"https://play-lh.googleusercontent.com/a/ACg8ocJhV-9ffsX0Axi48XLPCAqD_rYPjFNdgk3j_BOJtOFZUr6f=s32-rw-mo","Fahri Anoa","21 Desember 2025","monton tolong perbaiki bug mu Lag 30% saat mau start match, sudah ramai banyak yang mrasakan bug ini perbaiki sebelum kita kecawa, soal device saya yakin ini bukan device sebelum update sangat lancar bermain tapi skarang stalah update stak di 30% perbaiki bug mu monton","",""
"https://play-lh.googleusercontent.com/a/ACg8ocLqiIpM0Sua5pUcHP4znaM7d5UJ5oA5Jf0cxjAwLNs5zwe_uQ=s32-rw-mo","Haziq Anditia","18 Desember 2025","sangat tidak dianjurkan bermain game ini dikarenakan dapat menyebabkan stres dan membuat otak susah fokus pada kegiatan sehari hari apabila sudah terlanjur kecanduan dalam memainkan nya dan tidak disarankan juga bagi orang yg belum menemukan tujuan hidupnya , juga game ini juga membuang buang waktu dan uang saja (developer kikir)","12 orang merasa ulasan ini berguna",""
"https://play-lh.googleusercontent.com/a-/ALV-UjVvKS8ZJNJQHB38poRnRFwOtRnXoiaGv8EDxeVyG8lLNCsWe_Ab=s32-rw","Prabu Adinata","24 Desember 2025","game nya bagus tapi banyak bug nya waktu lagi draft pick ngelag dan patah patah padahal jaringan nya bagus terus waktu selesai draft pick kan masuk pertandingan waktu masuk pertandingan nya malah 30% Mulu gak naik naik naik jadi 100% nya waktu udah 1 menit lebih jadi kalah gold terus dikira afk tolong di perbaiki plisssss🙏🙏🙏🙏🙏","12 orang merasa ulasan ini berguna",""
"https://play-lh.googleusercontent.com/a/ACg8ocItZ0HIDHhwlrKsFXSskSAD5X4ZJgB8U4TiEL_Zxkk94691=s32-rw-mo","Azriel Arya","18 Desember 2025","ml abis di update jadi eror pas mau main rank malah tidak ada koneksi jaringan padahal kuota masih banyak loh tapi tidak ada koneksi jaringan, pas hpnya di restart malah loading screennya malah sama kayak tidak ada loading screen. TOLONG MOONTON DIPERBAIKI MLNYA","5 orang merasa ulasan ini berguna",""
"https://play-lh.googleusercontent.com/a/ACg8ocIRcUGvtkcaco2XicweX-hf9GZ2V0K-RUODPM08BOyhhmg70w=s32-rw-mo","Har Miti","21 Desember 2025","Lag ga jelas, Awal season bukannya tambah bagus malah tambah Jelek, Padahal WIFI ok, masih ngelag. Delay 4 detik Lo, ga masuk akal. Upgrade Server Jangan cuma Bikin Skin","39 orang merasa ulasan ini berguna","Tampilkan histori ulasan"
"https://play-lh.googleusercontent.com/a/ACg8ocI_GkFlBFHHazG-V3LLRHjdKggcjBF71pmC45c-I3uT9Bd74w=s32-rw-mo","Ilham Fauzan","24 Desember 2025","lumayan tapi kalo ada masalah jaringan selalu nge bug padahal sinyal nya udah hijau tapi masih leg dan lama nungguinnya dan kalo keluar sendiri kalo masuk lama tolong di perbaiki ya moonton","",""
"https://play-lh.googleusercontent.com/a-/ALV-UjUnuUM_pVDLuGnxMaY00fhl3GD4MVOVBS-hsLl1-HEpiXdKmUY=s32-rw","Dian Elisa","23 Desember 2025","moonton,game ini bagus tapi kadang saat bermain jaringan suka ngelek dan mengganggu ,dan banyak yang pake chit saat bermain,tolong ya moonton hapus fitur yang dapat menggunakan cheet agar bermain dengan baik dan tidak curang dan jaringan nya agar bisa bermain dengan tenang","",""
"https://play-lh.googleusercontent.com/a-/ALV-UjWTAwOejfTIZdatSH6RuZyBMszUHnajOvZd3Hb7Fs-fAlLla1g=s32-rw","Bagus Setio","21 Desember 2025","setelah seasons baru.kita yang baru lagend epick, yg baru kemarin sore maen game ini. pas main rank kita di pertemukan dengan Lawan berlevel tinggi, yg udah ngerasain imortal. sedangkan kan kita mati2an naikin level emblem yang rata2 baru lvl 30.game gak ada otak.tiap hari maen ketemu lawan lvl tinggi.","8 orang merasa ulasan ini berguna",""
"https://play-lh.googleusercontent.com/a/ACg8ocIgfcDfRsdWgEg5l6z9WgGISnh5TbDH4C1YnFtQuNYM9K0Zkg=s32-rw-mo","Samuel Bambang","21 Desember 2025","sumpah no rekomendasi buat orang yang emosian seperti saya dan mungkin orang lain. juga. akhir2 season ini banyak banget server yang pingny ngga stabil bahkan membuat pengalaman bermain buruk. kalau mau game ini berkembang lebih baik tolong moonton di perbaiki lah sistem nya dulu baru realis season baru.","8 orang merasa ulasan ini berguna",""
"https://play-lh.googleusercontent.com/a/ACg8ocI8ZsJ1mTH9Fj4NVNK2CzPG31GDljHZKQaqfgfM2TrTK4NTTw=s32-rw-mo","Khaerul Putra","26 Desember 2025","mending jangan coba"" main game ini karena di awal game munkin kalian akan terhibur tapi lama"" setiap kalian bermain bukanya terhibur malah stresss! jadi mending jangan coba"".sistem game ini hampir sama dengan judol yang dimana senang di awal hancur di akhir. saya ingatkan sekali lagi jangan bermain game ini, contohnya lagi pemilihan tim saat bermain sangat tidak adil bisa kita ilustrasikan saat bermain futsal tim lawan 5anak SMA tim kita 4anakSD 1 anak SMA. JADI JANGAN MAIN GAME INI","3 orang merasa ulasan ini berguna","Tampilkan histori ulasan"
"https://play-lh.googleusercontent.com/a/ACg8ocJ0EeAjNgSD1bnm6T4m9uZmL0EEQQZ3HdA0hMb3sH4n5a6IFw=s32-rw-mo","YANZ x GZ","20 Desember 2025","apaan, setelah update jadi kaya gini suka lag jaringan merah, padahal wifi nya lancar"" aja, mana 200 ke atas lagi, tolong dong moonton kalo abis update tuh kaya jaringan lancar atau semacam nya, inimah udah update jadi rusak kaya begini","12 orang merasa ulasan ini berguna",""
"https://play-lh.googleusercontent.com/a-/ALV-UjUJoDnt2GJXj3GpJq5hjAwUXbT4BaCaOtPtlhBLj-V3qUVPQdM=s32-rw","Dimas Maulana ibrahim","25 Desember 2025","Apalah game 1 ini tiap awal season bawaannya ngelagggg terus padahal pas buka aplikasi lain aman² aja tuh wifi emang game rusak seharusnya sebagai developer lu cari solusi supaya player tiap main itu pingnya selalu lancar diluar internetnya","3 orang merasa ulasan ini berguna","Tampilkan histori ulasan"
"https://play-lh.googleusercontent.com/a-/ALV-UjUzh1iynN3cZ_XgyVjMmFLlteS9Kmjflpe94F8cLSi9yaHLaQlE=s32-rw","Aang Ang","21 Desember 2025","Semenjak turun seasons lag nya bukan main, pas draft pick aman tapi ketika match dimulai hero saya jalan nya berat tiba-tiba masuk turet, Mohon kepada pihak moontoon segera perbaiki kendala ini. Terimakasih","",""
"https://play-lh.googleusercontent.com/a/ACg8ocJslEOGaBpVtYYTyzXfH6bh8CJbBtQIjIHBEswQih5d_TbF0w=s32-rw-mo","Batam Tam","25 Desember 2025","gamenya sangat nge lag,terkadang aku terjebak di loading screen padahal jaringan koneksi ku baik baik saja,player kebanyakan cabul dan mesum,tolong lebih di perhatikan player² nya.","7 orang merasa ulasan ini berguna",""
"https://play-lh.googleusercontent.com/a/ACg8ocI-hNyJYlRdFiNhJfOMEmaocCIT3QfsOSLNeT1NDs7vZDtq5w=s32-rw-mo","Andan Muqofi","18 Desember 2025","ayolah moonton, perbaiki servernya abis update lag parah padahal di lobby sama onmic ga lag, tapi sekalinya main malah lag, tolonglah moonton gimana cara mainnya kalo ngelag? mabar berlima kirain cuman diri sendiri yang lag ternyata setim sama musuhnya lag semua tolong kerjasamanya moonton, makasi","11 orang merasa ulasan ini berguna",""
"https://play-lh.googleusercontent.com/a/ACg8ocKUus_jAYGpVJ72Ov6puKbJmUoeqqqkms6esSH6n3DWlfj70Jo=s32-rw-mo","AHMAD HENDRA","22 Desember 2025","katanya permainan adil, lalu kenapa dapat musuh yang pencapaian rank tertingginya lebih tinggi dari saya?, saat epic 2 bintang 5 akan naik ke epic 1, saat itu juga dua kali sudah kalah karena musuh lebih hebat dari tim saya, tidak seimbang, pencapaian rank tertinggi mereka lebih tinggi dari tim saya, menurutmu,lebih baik hapus aplikasi MLBB dan pindah ke Honor of Kings atau tetap main MLBB tapi dapat musuhnya tidak masuk akal sehingga membuat saya hampir stres,ini dari hasil party publik random","9 orang merasa ulasan ini berguna","Tampilkan histori ulasan"
"https://play-lh.googleusercontent.com/a-/ALV-UjUBP32sTtViysu964vPA1DjOSMCt9XbHJqwJtHmdcmdTZyAHEzg=s32-rw","erlga","21 Desember 2025","gamenya sudah bagus,namun yang saya benci ketika bermain solo rank mendapatkan tim yang suka ngetrol dan hanya mementingkan dirinya sendiri tidak mau berkontribusi dengan tim nya sehingga saya mengalami lose streak/kekalahan secara trus menerus saya berusaha bersabar namun kesabaran saya sudah habis.","7 orang merasa ulasan ini berguna",""
"https://play-lh.googleusercontent.com/a/ACg8ocIwMviqxQB6e7uyGb5LjYEwQL0G81-GHA83yxXvoWYzyR8RuA=s32-rw-mo","Marco Gabriel","26 Desember 2025","game ini sungguh membuat pemainnya stres, karena saat bermain tim yg di berikan kepada kita sangan pemula hampir tidak bisa main tapi pada tim musuh lawannya sangat hebat. game ini sungguh membuat pemainnya stres bukanya membuat pemain menghilang kan stres malah menambah stress.","3 orang merasa ulasan ini berguna",""
"https://play-lh.googleusercontent.com/a-/ALV-UjUa5dRaKmOf8ybygyjIyVe_VEPdHYsxR3jKXIuQ5psIN2THFdM=s32-rw","Rifky Setiawan","22 Desember 2025","waktu sison ini game tidak seru lagi dan pilih kasih , tadi saya main 3 marksman tidak di buat invalid , jika saya 3 mage invalid, dan saya sudah 19 kali saya main belum ad menang cuman 5 kali saya menang , karena di kasih tim ny dark sistem terus , jadi menurut saya sekarang game mobile legend tidak seru macam dulu lagi","3 orang merasa ulasan ini berguna","Tampilkan histori ulasan"
"https://play-lh.googleusercontent.com/a/ACg8ocK14EUEkrtjA9vS2o9YamOYHNt9wAugJEhsyjYrYsDywLiVMA=s32-rw-mo","Aqua Menn","21 Desember 2025","tolong basmi para cheater ,dan tolong tindak tegas para player troll,dan tolong saya saya lebih suka patch dulu,patch pemilihan awal role ini sangat menyusahkan para player solo,karena sering ketemu tim yg kadang ga bisa main dengan benar dan saran saya tolong banget win rate sekarang kenapa nambahnya dikit sekali kalo menang ,tapi kalo kalah kurangnya banyak,plis montoon","3 orang merasa ulasan ini berguna","Tampilkan histori ulasan"
"https://play-lh.googleusercontent.com/a/ACg8ocIH4-Jet-wkJwF6xuPf-B-9DmborNMnbC5QLd633AGCyNk_cQ=s32-rw-mo","rifan dragon","22 Desember 2025","kepada developer game ini yah di event anda skin lama saja harga gacha skin sudah jutaan uang keluar tidak bisa dapat, terlalu serakah akan uang tidak mementingkan para player di game ini disini bukan hanya remaja yang bermain tapi ada anak anak juga mereka sudah menabung uang jajan mereka untuk membeli satu skin saja tidak bisa,sungguh serakah yang luar biasa kalian bagi yang mau gacha tidak usah top up lagi biar sepi sekalian event mereka toh mereka saja tidak memperdulikan peminat game ini","6 orang merasa ulasan ini berguna","Tampilkan histori ulasan"
"https://play-lh.googleusercontent.com/a/ACg8ocIk0vrRapc714ikqr2Yt22J5j2_ZR5p4EkGryp1SuyPtgINUA=s32-rw-mo","fardian tawon","18 Desember 2025","masa abis update season ,malah main rank semua lag parah, padahal sinyal internet bagus buat lain lain,ini bukan cuma gua,tapi seluruh tim baik tim kawan sama lawan lag semua....apalah makin lama makin gak becus nih game","12 orang merasa ulasan ini berguna","Tampilkan histori ulasan"
"https://play-lh.googleusercontent.com/a-/ALV-UjW8O6wqiCSougH4IIizJYkmon8JOUGehPiPbNPf8jAUxMSbIe8U=s32-rw","Wahyu Yuni","23 Desember 2025","Setelah di update kenapa sekarang tidak bisa main di rank, classic, brawl, ataupun yang lain, kalok pakai data biasa bisa kalok pakai jaringan WI-FI tidak bisa, tolong montoon di perbaiki jaringan nya","1 orang merasa ulasan ini berguna","Tampilkan histori ulasan"
"https://play-lh.googleusercontent.com/a/ACg8ocIBt6cFIdPZ6R6QDVP4lb-KdgMK-Eq-YhHN0LtnZUtYZMjWmw=s32-rw-mo","Lordjokowi","22 Desember 2025","lebih parah lagi di dalam pertandingan hero nya di bicara tapi suara epek skil bersuara hero seakan akan bisu udah beberapa kali unstal download tiga kali coba sama dengan ngabisin berapa Gb data copa pikir bagusan game moba ini seperti dulu saya pengguna 2017 tapi di era taun 2025 ini saya sangat kecewa..","10 orang merasa ulasan ini berguna","Tampilkan histori ulasan"
"https://play-lh.googleusercontent.com/a/ACg8ocLGKtg0CAuHOiz1z_Wz1zyofzN-MegoKrwXgAb-T5gQHCvCMQ=s32-rw-mo","Yeti Saryati","22 Desember 2025","game nya lag gabisa sama sekali gerak, awal season orang mau push tapi terhalang dengan lag sistem server error dari kemarin ga pernah ada perubahan, untuk HP andro jadi sengsara","4 orang merasa ulasan ini berguna",""
"https://play-lh.googleusercontent.com/a-/ALV-UjW1PsNV9op8Fb3wPwGvlYAxKDTPVwqF3Gqcp_bbgOFPb7TLD0Q=s32-rw","Asep Awldn","26 Desember 2025","ini sinyal nya yg jelek apa game nya bug trs sih ko suka jalan sndiri diem sndiri tau tau mati aja padahal ping di angka 70 kbwah ijo trs game burik! matchmaking gapernah bagus solo makin susah bikin kepala mau pecah rasanya! ini season terakhir dah maen game ini mnding pindah game sblahh","3 orang merasa ulasan ini berguna","Tampilkan histori ulasan"
"https://play-lh.googleusercontent.com/a-/ALV-UjWZxL0i1iHk_9zcw4xtg--I78-NEitdvhvfRH_KImeglafaEu8=s32-rw","Hada","22 Desember 2025","wih keren sih gamenya,minimal kalo buat game yang niat kalo mau di kalahin kalahin aja terus dari pada menang kalah menang kalah ni akun gw Luku Infesmeno buat aja tu setiap match kalah terus dari pada kalah menang,developernya keren jadi saya kasih bintang 5","4 orang merasa ulasan ini berguna","Tampilkan histori ulasan"
"https://play-lh.googleusercontent.com/a-/ALV-UjWx-2RYHFyFLwe1W4RDxEJ0R7V82Vsbo2XPBsn7tHUFuT4rtqWG=s32-rw","malik","25 Desember 2025","moonton kasih gua dm 50.000 mau selesaikan quest play store plss game nya bzgus banget kalian kalo main terus ke terusan gua rekomend sih karna bisa melatih kemampuan strategi kalian jadi bukan hanya bermain kalian juga harus berpikir secara strategis sepeti di dunia nyata kalian musalnya butuh support berati yg menyenangi kalian dan jugnler mengumpulkan data untuk artian dunia nyata itu aja makasih moonton baik hati","","Tampilkan histori ulasan"
"https://play-lh.googleusercontent.com/a-/ALV-UjXS_RHww6SzddeJ7Vik1DA4DYahP9iuQtLNIb98ul6EvlyVpPc=s32-rw","Hafiz Gmg","22 Desember 2025","Buat Mas Moonton, Kenapa slot squad di mobile legends itu maksimal 25, kenapa ngga 50 aja, soalnya mungkin yang saya lihat di tahun ini makin banyak orang yang bermain mobile legend, jadi menurut saya, tolong lebih kan slot squad yang dari 25 ke 50 aja, biar makin rame juga squad para pemain, toh juga nguntungin mas moonton soalnya game ml jadi makin rame. terima kasih🙏🏻","1 orang merasa ulasan ini berguna",""
"https://play-lh.googleusercontent.com/a/ACg8ocK96btvxL4q3fjITUtofMpntmnJyV0QDwSFM3wZpUp5ezhhNyk=s32-rw-mo","YT MANN","18 Desember 2025","bug atau emang udah jadi sejarah monton setiap season itu pasti ada yang namanya lag sinyal kita bagus sinyal in game ngelag tolong di perbaiki server nya atau sinyal nya kita yang niat nya mau main malah nangung sabar ngelag","13 orang merasa ulasan ini berguna",""
"https://play-lh.googleusercontent.com/a/ACg8ocIFSW9rCsV0Wrj3ZO0n1TqI-vufqqhaMI3a-IS3tKDgn8AQcw=s32-rw-mo","Dendy Blee","21 Desember 2025","anehnya setiap war selalu lag dan saat ada kendala lag pasti kalah, jaringan hijau pas war lngsung merah, kalo di kasih win jaringan aman"" aja , season lalu g seperti ini, baru awal season sudah remek , serasa penuh setingan","7 orang merasa ulasan ini berguna",""
"https://play-lh.googleusercontent.com/a/ACg8ocIG4Rg5_ale0KUgGMob_xJgGP4_3D-J4Mi9DmLEremFJV--2w=s32-rw-mo","Eagle Nusantara Jaya","18 Desember 2025","game ini sangat bagus,banyak pengalaman yg sayadapat,walau sering ketemu tim tolol tapi oke GK masalah karna setiap orang memiliki hari bagus ny,game ini memberikan pengalaman bagu,mengajarkan kita membuat strategi,dan membuat kita belajar kompak.Trimakasih telah membuat game ini yaa ;)","3 orang merasa ulasan ini berguna",""
"https://play-lh.googleusercontent.com/a-/ALV-UjV8hWLbA_2KBLBuSFIeDDCkSeIuD2ixlDWzE41Cs_xLihUrzYZr=s32-rw","Naufal Shidqi Althaf Rizqullah","22 Desember 2025","jadi developer kurang tegas. Apalah main tiba² lag, sinyal hijau padahal, apasihh, lama² nggk jelas aja nih games, colab muluk, tapi jaringan gk jelas tiba², anehh.","6 orang merasa ulasan ini berguna",""
"https://play-lh.googleusercontent.com/a-/ALV-UjWFeI-C1t3_tSbr1a45FYitf0TJk6RB83Sp4hL94BY33kk5Agc=s32-rw","Nur Kholifah","24 Desember 2025","asli nya bagus ya tapi apa apa ini selalu patah patah padahal jaringan bagus bgt Deket wifi padahal depan nya pas lagi dan pas draft pick terakhir itu kan ada hitung mundur lah itu selalu aja patah patah sampai di penampilan nya. terus pas itu aku selalu ketinggalan Level karena patah patah itu aku sudah muak banget sampai nih hp pernah gue bantingin sangking kesel nya karena lama banget buat memulai permainan benci banget karena gitu bikin akun gue jelek di katain karena afk anj padahal skil ok","2 orang merasa ulasan ini berguna","Tampilkan histori ulasan"
"https://play-lh.googleusercontent.com/a/ACg8ocIx9QefRkAZTfY5E_xKZqALt76EsH4THASrG-yXL5pLKf1aNQ=s32-rw-mo","Mas Nyok","23 Desember 2025","capek sekali gua main dari tadi dikasih tim bot,terus padahal sinyal gua lancar,tapi buat main langsung berubah menjadi ngelag,habis di upgrade kok malah gak enak buat main yah,trimakasih","3 orang merasa ulasan ini berguna","Tampilkan histori ulasan"
"https://play-lh.googleusercontent.com/a/ACg8ocISQFjwS4Wwzsi2OFB8ztCFQQBLsiqLdA7JloxxqII5qs2kyg=s32-rw-mo","Fizrah Satrio Pratama","26 Desember 2025","game bodok, habis update kebanyakan ngelek apaan coba. mau cari hiburan bukan cari emosi, sdh cukup lah ketemu tim saber roam, musuh full tank. gini di fix kek apa kek, biar makin nyaman orang main. sibuk Collab sana sini bug gak di urusin mana tiap bulan update trs lagi. next di perbaiki bug nya biar enak orang main jangan mau di untungnya aja","4 orang merasa ulasan ini berguna",""
"https://play-lh.googleusercontent.com/a-/ALV-UjWbGbExHkgpTadNxFAWuwSCCDwfAqWrAaCRHKWX3hqJl3wodv09=s32-rw","belex madab","22 Desember 2025","gamenya bagus dan juga seru buat rame² ataupun sendiri, tapi plis buat moonton setiap matchmaking buat solo, duo, trio, plislah kasihlah lawan yg seimbang, rank saya glory saya pernah nabrak imo, sedang tim saya malah dapet honor sama Romawi, plis lah moonton kasih lawan dan kawan yg seimbang jangan asal pilih, setiap saya solo timnya malah gak sekuat lawannya, dan saat saya party, lawannya malah di atas kami semua, jadi buat moonton plis lahh di perhatiin lagi waktu matchmaking","7 orang merasa ulasan ini berguna","Tampilkan histori ulasan"
"https://play-lh.googleusercontent.com/a-/ALV-UjVtWEJYLM-3twKZfFZSFWUma6Xx7ZjsgIhulix-xCCRNPALB4TDDw=s32-rw","Rex","22 Desember 2025","teruntuk moonton saya punya beberapa masalah terkait dengan hack akun. semenjak season baru ini banyak akun teman saya yang kena hack entah bagaimana caranya, saya harap pihak moonton bisa memperbaiki masalah ini agar para player merasa tenang dan aman. saya harap untuk sistem keamanan akun di perkuat lagi.","",""
"https://play-lh.googleusercontent.com/a-/ALV-UjXNaWxrNuVqE09A-VRRWxLAMzL-CZrDJywp-N4F2dth3aKPB-g=s32-rw","Tri Kustanto matori","24 Desember 2025","Semakin parah gamenya. teman satu tim tidak seimbang. update semakin gak jelas, setelah update lag parah. tapi player yang kena hukuman dan pengurangan angka. jika ada yg feeder tidak langsung di kenakan sangsi. uninstal saja gamenya. main game lain..","3 orang merasa ulasan ini berguna","Tampilkan histori ulasan"
"https://play-lh.googleusercontent.com/a/ACg8ocIwnPnCv-kyWF-1eYWkHdv-OOx1wIVBEu4hTcdPRzBDrzoj7Q=s32-rw-mo","Hsiq Farhan","22 Desember 2025","game bagus tapi kadang kadang banyak cheater wifi lancar tpi lag terus pas main wifi dirumah lancar jaringan merah banyak bot yg joki juga jadi gatau cara main terus jaadi lose streak mohon diperbaiki sama kalo ada orang yg stuck epic/legend terus bisa immortal dalam waktu yg cepat mohon beri hukuman soalnya itu merugikan orang lain kalau dia tidak bisa main terus buat orang lose streak gimana game bakal sepi","5 orang merasa ulasan ini berguna",""
"https://play-lh.googleusercontent.com/a/ACg8ocJTl3SWP6tX3vLDAeMxtY-IseMZBfEC3_yRkYmq-H6vOlueMw=s32-rw-mo","Jansen Loveldo","20 Desember 2025","servernya lag ping saya bagus tapi di dalam game tidak seperti itu, lalu untuk pembagian tim nya tidak adil karna di tim saya banyak yg tidak bisa main sedan kan musuh lihai dalam permainan","11 orang merasa ulasan ini berguna",""
"https://play-lh.googleusercontent.com/a/ACg8ocI2VuqWQloX77eA1pqd3tfFn4Ffm0gn4THzeG14LYfTYC1viA=s32-rw-mo","jemmy lie wibowo","24 Desember 2025","game nya udh oke dari segi apa pun keren tapi ada masalah saat akhir draft pick yaitu kalo mau tuker Hero sama player lain itu ribet bahkan Hero yang harusnya xp jadi pake retri sedangkan asasin kusus jungle malah pake spel lain","1 orang merasa ulasan ini berguna","Tampilkan histori ulasan"
"https://play-lh.googleusercontent.com/a-/ALV-UjXwYitE9-cyeFk3GJ99bF72NHzpZhs3X5DyKZAtJMN0VFYs4O9c=s32-rw","DEKA MAWANSYAH","23 Desember 2025","game terburuk sepanjang masa; -tidak ada keseimbangan antara hero pada game -kebanyakan item tidak cocok dengan Hero yang ada -nerf Hero yang berlebih-lebihan dan penyesuaian yang sangat tidak sesuai pada kebanyakan Hero dalam game -pembagian rekan team tidak sesuai dan sangat tidak seimbang -fps sangat buruk -setiap update terbaru memberikan layanan terburuk berupa informasi tentang penyesuaian,nerf dan buff pada Hero tertentu seharusnya nerf dan buff hanya berlaku pada item saja! konyol!","3 orang merasa ulasan ini berguna","Tampilkan histori ulasan"
"https://play-lh.googleusercontent.com/a/ACg8ocKK8fopUM_g7_af6MHkioGt1S91QHcRtFfzu96UgcQDNbq1=s32-rw-mo","Frikha Augustina","24 Desember 2025","ini kenapa ya sinyal saya oke banget tapi ngga bisa masuk rank match pke segala ktanya gangguan internet giliran mode lainnya bisa lancar banget malah mana kredit skor berkurang mulu perkara ga bisa masuk match, game aneh mau hapus akun jga sayang banget udah top up berkali kali","",""
"https://play-lh.googleusercontent.com/a-/ALV-UjVQ8irSZ-6Lv_sM_i1gawrx8jbWIUdHbmLWFv_pjl-vLbBRPdEk=s32-rw","Herdiansyah Permana Soziallity","18 Desember 2025","Beres update langsung ngelag jir ping merah patah patah padahal sinyal bagus pake wifi juga pas di cek nonton yt bagus di pake main ml lag, kayaknya servernya bermasalah dehh... tolong diperbaiki secepatnya. 🙏🏻","15 orang merasa ulasan ini berguna",""
"https://play-lh.googleusercontent.com/a/ACg8ocLzmnOzy8JCIdBZMQCkgGm08zRK43lEKgLMG-s0A4dLRnhKig=s32-rw-mo","Agus Agustian","21 Desember 2025","apa apaan ini monton setelah saya main rank tiba-tiba lek parah gak bisa gerak padahal jaringan gw lancar banget , terus sudah update tapi tetap gak bisa masuk game monton game ampassss😡😠😠🤬 andai bisa memilih tidak ada bintang gak ikhlas gua kasih bintang walaupun hanya satu mengecewakan.game mu bermasalah monton tolong lahh","6 orang merasa ulasan ini berguna","Tampilkan histori ulasan"
"https://play-lh.googleusercontent.com/a/ACg8ocJq740FaiEKYRq7pEVeRRdjbtn7l9iliCkt54mvWZi9Twrlvg=s32-rw-mo","Chelsea McDonald","18 Desember 2025","GAME ANCUR!banyak bug sekarang,sering lag,dapat tim yang gabener,sedangkan tim musuh malah kompak,SEGERA DIPERBAIKI!!","559 orang merasa ulasan ini berguna",""
"https://play-lh.googleusercontent.com/a-/ALV-UjVfyNqqsYjpKXoycknANE1EB9l3N8L5eA42Z_cImE5SKsjC_u-M=s32-rw","dwiaris","25 Desember 2025","mohon diperbaiki untuk sistem waktu tunggu matchmaking yg terlalu lama butuh waktu minimal 1 menit untuk mendapatkan sebuah pertandingan belum lagi ada pemain yg dengan sengaja tidak masuk ke pertandingan alhasil harus menunggu lagi untuk mendapat pertandingan baru","5 orang merasa ulasan ini berguna","Tampilkan histori ulasan"
"https://play-lh.googleusercontent.com/a-/ALV-UjUE3CGqg4irO-TOxwNiRNl5_mIKsCtkLmH-sYUvhZIDeJ0aU4IV=s32-rw","Syailendra Wijaya","18 Desember 2025","sangat tidak menyenangkan, sehabis season main sinyal sangat tidak stabil & sangat mempengaruhi pertandingan. lebih baik benahi sistem dulu agar player bisa bermain dengan nyaman. terimakasih","11 orang merasa ulasan ini berguna","Tampilkan histori ulasan"
"https://play-lh.googleusercontent.com/a-/ALV-UjWls5vXIEZAl1_9uQ3tb9xaHIXBVZAyqFCj6dQ2U5wM5Wo3dGc=s32-rw","Keylendra Ahmad","23 Desember 2025","assalamualaikum warahmatullahi untuk aplikasi mobile legends ini kenapa selalu kayak ngesetuck di ml nya seperti kaya pas lagi login nih terus tiba² ngestuck logonya, meskipun saya udah ulangin lagi tetep ngestuck logo ml. mohon kepada mobile legends benerin lagi biar gak ngestuck lagi terima kasih.","3 orang merasa ulasan ini berguna",""
"https://play-lh.googleusercontent.com/a/ACg8ocJdINJhVvLC6SoBJaDAbcRAJZNgeHWZhwtjqHJigY12NUfDFg=s32-rw-mo","Reli Religious","25 Desember 2025","Game ini sangat tidak bagus. Banyak masalah dan sama sekali tidak menyenangkan untuk dimainkan. jadi saya meminta anda untuk jangan pernah bermain game ini. kalo anda memaksa untuk memainkan ini game itu hanya akan membuang-buang waktu anda dan anda dapat merasakan ""setres"". *TERIMAKASIH*","",""
"https://play-lh.googleusercontent.com/a/ACg8ocLk9LmMMW25QuDvdkPoV_Cr0RevQxmm_vac2njABPpR9z-slw=s32-rw-mo","seruni zalll","26 Desember 2025","mohon untuk segera di perbaiki, entah bug atau apa, tapi pas di draft pick suka ngelag mulu jadi suka susah kalo mau ganti emblem, harap di perhatikan lagi, sama match making suka gajelas suka berat sebelah","2 orang merasa ulasan ini berguna","Tampilkan histori ulasan"
"https://play-lh.googleusercontent.com/a/ACg8ocLltOHUZCD_3dbgo4EWkjwZJZnBaya-OPPPtVunFv5b9c6gTg=s32-rw-mo","Rama Kader","21 Desember 2025","apasih mulai nga baik ML ini, sementara main ko, menghubungkan kembali, jika anda mmasih mengalami masalah, silakan hubungi customer,,, dari game sampai aku coba relog malah gitu Mulu sampai sekarang,,, coba buka apk lain lancar"" aja","5 orang merasa ulasan ini berguna",""
"https://play-lh.googleusercontent.com/a-/ALV-UjUE6r-4RHva62a9NNZ9p-yrAo9ub5apVTXhOA0zWBCi6wJSreDm=s32-rw","MY YOUR NAME","25 Desember 2025","kepada pihak moonton yang terhormat mohon sistemnya di perbaiki yaa soalnya setiap mau masuk dalam battle nya pasti terjadi lag sehingga masuknya lama saya sering masuk didetik 40 keatas dan itu sangat berpengaruh sama peforma main saya bersama tim.","2 orang merasa ulasan ini berguna",""
"https://play-lh.googleusercontent.com/a/ACg8ocIOF_14HmDSImniLATUa-DmHlrweQZy370eS-J8ojuLVhK6qQ=s32-rw-mo","resti damaiyanti","23 Desember 2025","lama main game moba memang sangat menyengkan tpi sering juga rasa nya terbawa perasaan saat solo rank ngga adil di epic sampe berbulan² dapat musuh keras² dapat tim aduhai bikin ngelus dada berkali² sering kalah dari pada menang saat loading aman jaringan saat main lag minta ampun pengen banting hp rasa nya tolong lah yg seimbang kami juga pake modal main ini selain top up kuota juga tolonglah monton yg seimbang kalo kasih lawan","3 orang merasa ulasan ini berguna",""
"https://play-lh.googleusercontent.com/a/ACg8ocKzoaDoBG5YJicTdPvQcd6kItAL6bVzVDnvTaFzFN2BZSf-=s32-rw-mo","rizky Alkahfihh","22 Desember 2025","game nya mudah , tapi kalah terus Udah kalah hampir 10 kali bikin mood orang rusak lain kali bikin game benar dikit ya , bukan bikin orang terhibur main game nya tapi bikin naik darah sama stress kalo gak niat buat hiburan gak usah buat game lagi.. moonton...","5 orang merasa ulasan ini berguna",""
"https://play-lh.googleusercontent.com/a-/ALV-UjXYJkkOSasxAFfx160M5Tjju5JwEJnNgu5QYjURDftkS3WFmbfUqw=s32-rw","Aldo Davianata","20 Desember 2025","Moonton please laah kasih menang masa saya sudah menang MCL kemarin terus pas main di rank di kasih tim yang tidak pas dengan playernya kalok bisa samain lah biar adil samain tim dan musuh jangan dikasih tim yang tidak sama dengan mainya player yang hebat kalok bisa adill lah please makanya kok no 2 kwkwkwk sini dikasih team bot sedangkan musuhnya player hadeuhhh cape main game ni","9 orang merasa ulasan ini berguna","Tampilkan histori ulasan"
"https://play-lh.googleusercontent.com/a-/ALV-UjV-qPCyX4qpBhRrSziiaxnbSWvClExyKzc85Pqli_PWilb8w6C0=s32-rw","Liamipa Lestari","22 Desember 2025","geme hina sekali , selver ga bnr , pembagian tim juga asalan ,geme gajelas benerin dong selver nya udah pake wifi aja leg parah , pembagian tim beda banget ga adil , gua mythic biasa ketemu musuh mythic imortal sangat ga adil , sedangkan tim gua pangkat nya legend sampe lebih rendah , ini geme di kasih bintang 1 tetep ga patut , nih geme juga update muluk tapi selver ga di benerin juga , leg parah banget pake wifi/Kouta sama aja leg nya padahal bgs sinyal gua , developer nya ngapain aja coba","5 orang merasa ulasan ini berguna","Tampilkan histori ulasan"
"https://play-lh.googleusercontent.com/a/ACg8ocJM_l3tP4EiJGP_JA3JyhojIowLNCGPrOkS9Dpx_uFpQNcv4A=s32-rw-mo","Edi Susanto","20 Desember 2025","ini game makin ke sini makin jelek apalagi pas turun season masa pas main gw lag parah sedangkan wifi gw bagus hijau hijau aj. terus dapet tim ga berguna semua sedangkan musuh jago nya luar biasa nyesel gw mainin ni game sama top up buat ini game.","9 orang merasa ulasan ini berguna","Tampilkan histori ulasan"
"https://play-lh.googleusercontent.com/a/ACg8ocK2o2emGfUtEvlBZXZTZ7kFtPuP_Vlq0x94_RGj0NJKIOYrDg=s32-rw-mo","Juna Game","25 Desember 2025","gimana ya, soal nya pas aku masuk game nya lama banget dan harus loh ulang trus pas lagi draf pick lag parah mau ganti skin patah patah. padahal HP lancar internet lancar cuma game nya aj g lancar. trus tim nya milih janggel malah pick miya apa ga bundir gw kalo gini trus","",""
"https://play-lh.googleusercontent.com/a/ACg8ocKtbjqnHdLz9se6WZj9Sko6IXJZqkwlk9k3mTBCe5SxUYMt1Q=s32-rw-mo","Yoko Aryo Bimo","19 Desember 2025","monton tolong kalo kasih tim itu yg waras , aku main dapet timnya serasa bot/komputer males main jadinya ,setiap main kalah teruss lagi , sama tolong kenapa kalo main sekarang suka ngeleg ngeleg padahal sinyal nya bagus🙏🏻🙏🏻","",""
"https://play-lh.googleusercontent.com/a-/ALV-UjX_ZxLiscRxIcmYqcHUPdkj1x9S5N3a8hxdHG77jp7WQzs7VCio=s32-rw","Al-Khay Hakim","21 Desember 2025","jelekk, grafik dah burik,losetreak mulu, dikasih team yg isinya beban, jelekkk banget dah pokoknya,padahal aku player epik (badak) tapi musuhnya dikasih yg udah pro, pokoknya pengalaman aku maen game ini burukkkk, jelekkk, gak nyamannn, udah dah kalo boleh ngasih bintang 0 aku ngasih bintang 0 , kalo disuruh rate, aku bakal ngasih -1/10","7 orang merasa ulasan ini berguna",""
"https://play-lh.googleusercontent.com/a/ACg8ocKE7gkOS1fEJVnMOs8WkPmpw_hbw8TKuUkR_3lyZ3YSz1H6ow=s32-rw-mo","Daud Candra","19 Desember 2025","Aku main kemarin tiba tiba leg semua gamenya bagus sih tapi tolong lah masalah jaringan diperbaiki leg nya gk kayak dulu masih bagus,dapet tim gk imbang woi plis lah jan kasih tim yg aneh lah entah julian roam fanny roam ngaco bet nih kalau ngasih tim","10 orang merasa ulasan ini berguna","Tampilkan histori ulasan"
"https://play-lh.googleusercontent.com/a/ACg8ocLW6xcZcpbWqkauGr9hGAq_nfcLm96DbhQJwtxj0DG9duGmMQ=s32-rw-mo","Bodong Samiren","18 Desember 2025","kenapa disaat menemukan pertandingan TPI tidak bisa akses masuk . dan ada pemberitahuan sinyal tidak stabil padahal sinyal baik2 saja","165 orang merasa ulasan ini berguna",""
"https://play-lh.googleusercontent.com/a-/ALV-UjVRaT5z_qrybLdXRo3WGsme7Sb42UvazA-LJSfU6wise8qNxspK=s32-rw","Donquixote Akbar","26 Desember 2025","apalah moonton ini. setelah update kemarin, susah sekali masuk gamenya. loading di walpaper sora mulu lah aku, stuck disitu. udah aku perbaiki konten, hapus cache, restart hape, bersihin ram. semua sudah ku coba tapi gak bisa masuk mlbb-nya. ini pihak moonton gimana solusinya? ku kasih bintang 1 dulu lah ini. kalau sudah di fix ku kasih bintang 5 nya. terimakasih","4 orang merasa ulasan ini berguna",""
"https://play-lh.googleusercontent.com/a-/ALV-UjX078l_mht1SdAv2hvO4xe9HjBTwLTi2cXiwg2pc5gfBZQbgzI=s32-rw","Ihsan Lsm","24 Desember 2025","ini game udah mulai hancur,, lelet tiba tiba padahal sinyan bagus,, kalo udah kalah sekali pasti kalah berkali kali sampai 10 x kalah dan habis kalah pasti macting nya sangat lama ada yng 10 menit lama nya macting,, saya yakin banyak player mulai jijik sama game ini,,,smoge semua nya pindah ke game sebelah ,, lebih masuk akal,, kalo main kita bagus gak akan turun. rank walau kalah akibat tim lol,,yg penting poin bagus gak akan turun rank,,, engak kayak gem asu ini","9 orang merasa ulasan ini berguna","Tampilkan histori ulasan"
"https://play-lh.googleusercontent.com/a-/ALV-UjVStHoalnf9Iw1PMe2C2xzIQumfNWw49rt1wosJslxJfbmqljw=s32-rw","noob player","19 Desember 2025","Gua saranin ya monton Server lu di tambahin lagi kapasitasnya masa game Segede ini Setelah update jaringan ga stabil Mulu.Lu gak kasian sampe player lu yang ngeleg Dan akhirnya pindah game? eh moonton seharusnya lu lebih kembangin sistem dan difitur buat game lu bukan nambah skin Collab Mulu kita pemain itu butuh Sistem dan fitur yang baik kalo skin itu nomor 2.","11 orang merasa ulasan ini berguna","Tampilkan histori ulasan"
"https://play-lh.googleusercontent.com/a/ACg8ocIS-kTmzBurrZuEnS72G0yMPWRyk-H8iXcuj03MvZiaA7DBIw=s32-rw-mo","Muliyani","19 Desember 2025","game ampas. woiii knp servernya lemot ini.. sebelum jam 12 malam woii kalo mau restart di umumin dong jangan seenaknya saja. servernya di perbaiki server ampas ini bener bener masa game besar server ampas kayak gini gak bisa jalan sama sekali haduh parah nie servernya. .","",""
"https://play-lh.googleusercontent.com/a-/ALV-UjVQGHaPKM6bbAqr352J4NAx1GM9gQwn3kBMJLm-PtfB2zMAUts=s32-rw","Kanaya Khairunisa","25 Desember 2025","makin aneh, kalau update itu gausah nambah nambahin fitur fitur gajelas yang bikin game makin berat, terutama di lore nya, banyak banget yang di ubah, couple hayabusa sama Kagura malah di ganti jadi hayabusa dan Hanabi, apa apaan? gajelas banget moonton","2 orang merasa ulasan ini berguna","Tampilkan histori ulasan"
"https://play-lh.googleusercontent.com/a-/ALV-UjW02XLlKJ6tZDHPK5XxQFRXMnPaU1cRuKxl7ubXvXshmpW48Q0=s32-rw","Ega Arjuna","10 November 2025","Game tambah berat, jaringan sering tidak stabil, matchmaching juga patah patah padahal divice saya sudah oke, sejak update patch baru kerusakan sering terjadi seperti ngefreez saat masuk ke game, keluar saat saya melihat- lihat quest di event. saya harap developer dapat menangani kerusakan yang terjadi sekarang. mobile legends sudah tidak seru jika seperti ini terus.","297 orang merasa ulasan ini berguna",""
"https://play-lh.googleusercontent.com/a/ACg8ocJohd3VSnz0ha7EkJGi0Lo13DxmJnyVFL8wXn0iZItIB8-QSg=s32-rw-mo","Borank Takahara","23 Desember 2025","tim ga seimbang mekanik tim yang aneh mulu & dikasih sinyal yang jelek mulu bikin game makin susah sama ngeselin banget kalah mulu bikin stres banget ditambah lagi kalo pake pulsa tiba tiba suruh hubungkan apa hubungannya sinyal sama pulsa sinyal buruk game ngeleg mulu","21 orang merasa ulasan ini berguna","Tampilkan histori ulasan"
"https://play-lh.googleusercontent.com/a-/ALV-UjWqEOZy4tYhMe5FjELHkVGy-hRoVdjTYuB-KQO2d2kd6cBhMRlx=s32-rw","Gung 23","25 Desember 2025","game nggak enak sangat susah untuk naik rank, sekali menang di kasih kalah terus Ampe kita stres karna di kasih kalah trs, trs satu tim nya pun di kasih dark sistem terus, bikin emosi trs Ama di kasih musuh yang lebih jago apa lagi selalu di kasih musuh partian gw sebagai player solo sangat emosi karna moonton kek seolah sengaja di seting seperti itu agak kita emosi kek di bikin emosi ajh terus Ama moonton, lama"" jdi agak males main ni game ☹️","2 orang merasa ulasan ini berguna",""
"https://play-lh.googleusercontent.com/a-/ALV-UjUZe8FMErJyxCT20qZqhUD4fP-F1exWNWRxz1vISbdL_KWrYxlT=s32-rw","Agatha Septian","20 Desember 2025","kenapa ketika rank masih gm atau epik tim nya gak ngerti main ada yang mati Mulu ada yang retri nya gak pas tolong moonton jika ada player yang seperti itu di hilang kan saja atau tidak di perbolehkan bermain rank sebelum main nya jago, pemain yang seperti itu sangat merugikan player yang ingin push rank","11 orang merasa ulasan ini berguna",""
"https://play-lh.googleusercontent.com/a/ACg8ocKh_LqF5CSn4CPLgDxOQtpR3V0p1BZonhgbFyEW082WjNEONg=s32-rw-mo","Rainol Ajo","21 Desember 2025","saya tidak suka saat saya login menggunakan akun moonton untuk pindah akun lain email saya sudah benar dan juga passwor tapi tombol login itu tidak berwarna bahkan saya menghubungi cs anda tapi kalian menjawab akan mencoba memperbaikinya, mana padahal itu akun kesayangan ku","7 orang merasa ulasan ini berguna","Tampilkan histori ulasan"
"https://play-lh.googleusercontent.com/a/ACg8ocK0x08e2Y4e38foM4u9dPJTwiI1AChxfJFevM6432jk_MsUIw=s32-rw-mo","Nur Yulia","24 Desember 2025","Untuk yang merasa keseimbangan match making ga adil kalian bisa main HOK, percuma main kalo di kasih perbedaan tim bagaikan langit dan bumi. musuh mantan imortal tim mantan legend, gimana mau imbang. perbaiki dulu nilai 5 untuk mu.","3 orang merasa ulasan ini berguna",""
"https://play-lh.googleusercontent.com/a/ACg8ocK3dkOD_ml-8R98WaOSufJGeICWNc53W_CUvIX1_-RpbFClQw=s32-rw-mo","muzaky rendra","24 Desember 2025","gamenya sudah bagus tapi tolong klo maen solo ketemu musuhnya juga harus solo ini ketemunya yang partyan mlu, apalah kena mute padahal cuma ngetik ""minta ajarin sm fny"" gjls bintang satu ls terus capekdan juga perbaiki untuk masalah jaringan padahal data saya bagus² saja terus tiba lag lag dan maju maju sendiri apalah nih game, ngeleg mulu anying updatean terbaru","3 orang merasa ulasan ini berguna","Tampilkan histori ulasan"
"https://play-lh.googleusercontent.com/a/ACg8ocI4afdA9mN9wEOjnC6OSebpz6-JBWuunaI_dCUvz75PVtioiQ=s32-rw-mo","Flycess Flycess","21 Desember 2025","Perbaiki JARINGAN nya, jelek bangett.. giliran war pada lag, giliran udah mati malah lancar, pdhal pake wifi + data!!! GAME RUSAK!","6 orang merasa ulasan ini berguna",""
"https://play-lh.googleusercontent.com/a-/ALV-UjUp4_C3W6pwtkcOrobL0Gc8GZ9KSVIK5BratnMXIUAqU9eHkJs=s32-rw","Deihan Ayub","19 Desember 2025","banyak bug, leg jaringan yang tidak jelas. jaringan bagus Season ini dengan naik turun mythic 4 x dan baru kali ini saya merasakan nyaa .. dengan game memberikan team solo yang sangat tidak jelas.. untuk nickname saya Lumiere​᭄এ😊 sekian Terimakasih","11 orang merasa ulasan ini berguna","Tampilkan histori ulasan"
"https://play-lh.googleusercontent.com/a-/ALV-UjWvmlKaAXW76NUjABTC1lA1MCSDlLlaIot6FZAsXITz17SDMtpM=s32-rw","Agung Suryo","18 Desember 2025","Tolong dong kalau mau nambahin Hero baru jangan bentukan manusia terus kesannya kayak bosen aja gitu dengan konsepnya moba fantasi, kedepannya tolong tambah hero yang berbentuk selain manusia dongg seperti monster, atau robot mungkin.","","Tampilkan histori ulasan"
"https://play-lh.googleusercontent.com/a/ACg8ocKwSNmssiklshVRBwQ7HlSfmjPi928mzDyQ3c68hjRAMYoMVA=s32-rw-mo","pebalap","23 Desember 2025","kau buat game ngotak laa, main random publik ga sesuai sama musuh, tim kau kasi spek hewan, gabisa kau filter yang mana yang bisa main sama yang dongo ppk. mikirin skin cepat, mikirin player gada samsek makin aneh ni game","3 orang merasa ulasan ini berguna",""
"https://play-lh.googleusercontent.com/a-/ALV-UjVuFR-6IsLpeecvdA_OwhVE36aqk6mdlua8KK2QUrvz4AcxJYMO=s32-rw","Cyrey Adrian Pratama","20 Desember 2025","woy developer klo mau buat event atau gk update, bnerin dlu server lu tlol. setiap ada event atau gk update patch terbru pasti ada aja kendalanya kyk sinyal sering naik turun, sering relog sndri, yang terakhir sinyal internet udah bagus tapi pas ingame atau war malah langsung lag. SEKALI2 DENGERIN PLAYER LU MONTOD","14 orang merasa ulasan ini berguna","Tampilkan histori ulasan"
"https://play-lh.googleusercontent.com/a-/ALV-UjW5YDlgDhJas_7n-oETi_hPXPeIexaUFbsMJJYFkZkr5dnEsAvz=s32-rw","Alfrendra Harianto","20 Desember 2025","GAME GJ udah jaringan lag GAME BUAT ORANG STRES BUAT MAKIN GILA!!! tim kita bot buanget musuh nya jago nggak ADIL!!! udah jaringannya lag buangett tolong diperbaiki sistem nya, MENDING HAPUS AJA GAME INI!!!, kalo nggak mau dihapus perbaiki jaringannya montoon aku stres montoon gara gara KAU!!!","2 orang merasa ulasan ini berguna",""
"https://play-lh.googleusercontent.com/a/ACg8ocJrPRAk-Cr_pwcslsIya934IT2ghoL0AEES6__SoFuNyFrpJA=s32-rw-mo","RIZAL Aja","22 Desember 2025","Saat ini saya sedang stress saat main ml,saya jadi gila karna tim yang jago dan bisa gendong saya saat bermain renk,dan untuk jaringan nya sangat lancar sampai lancar nya saya sampai nangis dan stress ringan,dan untuk game nya sangat di rekomendasikan untuk orang yang menderita ganguan jiwa jadi game ini rekomen banget untuk orang yang terkena ganguan jiwa seperti saya.","2 orang merasa ulasan ini berguna","Tampilkan histori ulasan"
"https://play-lh.googleusercontent.com/a/ACg8ocIvkq0pZCHeoqDNQY8KZ6rRdwRQkv5MUKdRXT73WT8A1MyB_A=s32-rw-mo","indraa K.","20 Desember 2025","Terimakasih moonton telah menciptakan game ini, sangat seru dimainkan dan dapat menghilangkan stress, saat saya ingin naik rank tinggal 1 bintang lagi di kasih tim yang benar benar kompak, lincah, dan jago bermain alhasil saya tidak jadi naik rank oleh karena itu saya berterimakasih sebanyak-banyaknya saya harap game ini lebih berkembang ☺","3 orang merasa ulasan ini berguna",""
"https://play-lh.googleusercontent.com/a/ACg8ocJnisn8B07b12baup0JwjBUzLpS0VxjsL3aFwkqMUhHFNfjKA=s32-rw-mo","Ngurah Arya jaya","22 Desember 2025","game nya bagus tetapi sering ketemu player ga guna epic abadi dan ga bisa maen , setiap penurunan season selalu Nemu tim ga guna berat bagi saya yang pejuang solo rank tapi tim di kasi beban terus tolong lah perbarui setiap penurunan season kasi tim sama"" yang turu dari rank sama contoh glory ,kasi tim"" glory ,kalo yang turun dari legend kasi tim legend aja , jangan kasi tim epic abadi terus yang ga bisa maen jadi membosankan dan capek kalo kayak gitu terus","","Tampilkan histori ulasan"
"https://play-lh.googleusercontent.com/a/ACg8ocINTt0rU2z-wIgaOwMf4YGn3H_FFevXKSerQUzV3DfzXkxTNg=s32-rw-mo","Moch toyib","22 Desember 2025","skrg saya suda malas main game ini padahal ini game kesukaan saya dr dulu sampai skrg tapi semenjak season 38 ini game nya semakin parah sinyal bagus tapi gk bisa gerak bukan merah bukan kuning tapi ijo saya yakin ini perbuatan para cheater di MLBB tapi kenapa pihak game membiarkan perbuatan yg dapat merusak permainan game ini","4 orang merasa ulasan ini berguna",""
"https://play-lh.googleusercontent.com/a/ACg8ocLi9PEQAtgZnyqtGtS69irjO9ro8ZLAvgxfmxtPogi9RlsjCg=s32-rw-mo","Roni Syahroni","23 Desember 2025","game sangat buruk, tidak memberikan lawan yg setara dan sangat tidak layak di download karna bisa membuat mu gila selalu di kasih lawan yg GK ngotak apalagi pas turun season tim juga kadang main nya kek bot pas main brawl aja menang pas rank langsung kalah karna musuh yg tidak setara, saya menyesal mendownload game ini untuk kalian yg sudah download hapus aja ya sekedar peringatan","2 orang merasa ulasan ini berguna",""
"https://play-lh.googleusercontent.com/a-/ALV-UjW6I25tfnueGs47vcN03q127s4fmfVP368NEqt33KMWyMBAZPK1=s32-rw","Jaya Wijaya","18 Desember 2025","perbaiki dong game nya, baru update kok lag tiap main game, buat main gk nyaman aja kasihan yg main, padahal game ini banyak peminat nya jadi tolong moonton di perbaiki game nya, update bukan nya lancar malah buat emosi","12 orang merasa ulasan ini berguna","Tampilkan histori ulasan"
"https://play-lh.googleusercontent.com/a-/ALV-UjWxOsAiqY-P_kuRuJXJUWNO0QBUQHt3YfLIawqGsBlATqOeg-Ov=s32-rw","Naafi Andikapratama","25 Desember 2025","kenapa yah setiap kali main solo rank pasti lose streak terus kalau dapet tim juga pada dark sistem udah lah tim gue sama tim musuh gk setara tim musuh pada jago jago semua udah lah gue gendong mati Matian ujung ujungnya kalah juga,saya harap moonton menyeimbangka musuh dan tim nya dan diharapkan untuk pengurangan player dark sistem","2 orang merasa ulasan ini berguna",""
"https://play-lh.googleusercontent.com/a-/ALV-UjWTYQXS_B5vtzcIYkfvHM6B7dQxMkwQBsNVy04haASrRUGC4KM=s32-rw","Justine Orlando","21 Desember 2025","Pemberitahuan Sistem Gagal memuat sumber daya. Beberapa sumber daya kemungkinan hilang. Apakah Anda ingin memulai ulang game dan mengekstrak ulang sumber daya? tiba"" g bisa login ada apa ni moonton gw hapus download lagi tetap kek gini","1 orang merasa ulasan ini berguna",""
"https://play-lh.googleusercontent.com/a-/ALV-UjX4MG7-tmoqToBCnn6UWApS-RKhew2TXcMkm7bex_LmdkPzsA=s32-rw","Blasius firli Herianto","20 Desember 2025","halo moonton sorry bgt ni minta tlong dong perbaiki jaringannya aduh prh bgt pas dalam game lag parah dan juga menggangu mainnya, serta rekan"" juga yg merasa ngaruh yg pakai android yg pakai iphone katanya sih nggak lag. pliss moonton plis bgt!!!","10 orang merasa ulasan ini berguna",""
"https://play-lh.googleusercontent.com/a-/ALV-UjXykmL1WhI_-WKx-rCVQ4dHPPxYfapFELnOz25KXeO_NzjHh_YV=s32-rw","Gillan P","26 Desember 2025","tolong kepada pihak mlbb untuk memperbaiki permasalahan jaringan internet yang tiba tiba lag atau menyebabkan jaringan patah patah pada saat bermain dalam game. Semoga kedepannya dapat lebih baik lagi, terima kasih.","","Tampilkan histori ulasan"
"https://play-lh.googleusercontent.com/a-/ALV-UjWB9DXDc0mZ60JQwKDqD7rdqPhfvfI6wdstLx-MpCjs4vyY_Qfa=s32-rw","Nando Putra","25 Desember 2025","Bagi yg main ml hapus aja,masa saya epic 1 bintang 5 GK bsa naik ke legend naik turun dibuatnya kalau mau nyari duit jangan begitu moonton.saya di kasih tim yg g bsa main dan musuhny yg jago juga apa maksudnya itu.saya sangat kecewa karena saya sebagai player merasa di permainkan oleh sistemnya moonton,bukan cuma saya tapi masih banyak orang lain seperti saya.kalau mau rating game lu bagus,perbaiki dulu sistemnya jangan membuat orang lain menjadi tambah stress.hahahah DASAR GAME SAMPAH.","2 orang merasa ulasan ini berguna","Tampilkan histori ulasan"
"https://play-lh.googleusercontent.com/a-/ALV-UjWurCBIOnXYQbFMZQA6IPsekpXHQaUi1zwktX8K8NBhoDPuFC0=s32-rw","Mukhammad Iqbal Yusro","24 Desember 2025","aku GK tau yang aneh gamenya atau jaringan ku posisi malam gk hujan yang make aku aja,aku coba maen HOK lancar, tapi pas maen kadang ping bagus kadang jelek tolong moonton saya hanya ingin bermain🙏.","2 orang merasa ulasan ini berguna",""
"https://play-lh.googleusercontent.com/a-/ALV-UjVW9Ywgef2gUfuF2548Dt6UO25Wt4pQjg9RKddpGO6fpf-8hrQ=s32-rw","Oki kristianto","23 Desember 2025","capek dan frustasi main game ini karena sering losestreak bahkan pin jaringan terkadang tidak stabil , masa gini Mulu , jadi males main nya kalau tidak ada perubahan , ayolah perbaiki sistem nya","61 orang merasa ulasan ini berguna",""
"https://play-lh.googleusercontent.com/a/ACg8ocLASguB8jU6Zn9bDh35-o-kNzztZoWe-3LtgUgVouBU2uPK-w=s32-rw-mo","Doni Ja","21 Desember 2025","sinyal bagus nga bisa login, terus pas kain afk setelah updet. tolong di perbaikannya kami sebagai player..... merasakan dampak nya","4 orang merasa ulasan ini berguna","Tampilkan histori ulasan"
"https://play-lh.googleusercontent.com/a-/ALV-UjU_JXZgy3ektB25NAPFMRlWT3G_uN4XmqEDCRCJ3dU8T0GBI8k=s32-rw","Hilal Ramdani","19 Desember 2025","gamenya bagus sekali, ping tiba-tiba jumping tanpa sebab. speed mode sangat berguna dan stabil, saking bergunanya ping tetap stabil di 2 digit","1 orang merasa ulasan ini berguna",""
"https://play-lh.googleusercontent.com/a/ACg8ocIujo0AWg8d5qrPFqH39dkcg1vMX2mOHYVwVqMPhHikeIBI4Q=s32-rw-mo","Ibra Okta","25 Desember 2025","saat sangat tidak suka dengan game ini karena pembagian tim sangat tidak adil tim musuh rank tertinggi IMO dan honor sedangkan tim saya merupakan seorang dark sistem yang dimana rank tertingginya hanya legend bahkan epic dengan wr rendah 50-40 tolong diperbaiki karena hal itu bisa merusak kesenangan dalam bermain dikarenakan pertandingan yang tidak adil tolong diperbaiki","2 orang merasa ulasan ini berguna","Tampilkan histori ulasan"
"https://play-lh.googleusercontent.com/a-/ALV-UjWWqUKEv_oibPPP2ai85NhoOrK6Et2uO39-gJjQa3C5US-J2m1R=s32-rw","zetsu zee","19 Desember 2025","tolong lah minta tolong banget. kami ganti akun via google tapi kenapa malah di mintai kode verifikasi dari akun moonton, it s Oky lah kalo akun monton nya masih aktif ,lantas bagai mana sepeti saya ini yang sudah tidak mempunyai akses ke akun montoon ,tolong lah di notice di yt banyak akun yang terkena bug ini ,minta tolong banget ,harap secepatnya di fix ketika kami ganti akun ,via google.vk.fb.tt tolong jangan di alih kan ke via monton Karana kami tidak bisa menerima kode nya 🙏🙏🙏","10 orang merasa ulasan ini berguna",""
"https://play-lh.googleusercontent.com/a-/ALV-UjViM_bLM_6LoTlkq0r-71IJNRCQfrutf9kpVmZ8Xn5kHvci4FQ=s32-rw","Dherill","21 Desember 2025","game apaan ini bikin susah ajah naik rank gara gara nge lag ini bukan soal jaringan yahh moonton tolong yahh klau update itu yang jelas jelas ajah yang buat player nyaman ini update merugikan saja orang lagi push malah tiba tiba ngelag mana ngelag nya ndk main main sampai beberapa menit loh klau jaringan paling beberapa detik doang ini beberapa menit loh moonton jadi tolong yahh klau update buat yang player ngerasa nyaman lah mainnya","4 orang merasa ulasan ini berguna",""
"https://play-lh.googleusercontent.com/a-/ALV-UjXmt0_Mzh2V0mwx87jcQQ3VVnqhHGPAbOz_dqYcz7EXVeMa_ww=s32-rw","Al- Rhifki junianstah","23 Desember 2025","game nya bagus tapi ada masalah membuat aku menjadi kalah aku mau ngebasic attack ku musuh malah ke monster kan agak Laen aku sebenarnya kasih bintang 2 tapi aku kasih bintang lima agar ulasan ini di paling atas biar devoloper bisa melihatnya","1 orang merasa ulasan ini berguna",""
"https://play-lh.googleusercontent.com/a/ACg8ocK2meuDek1SDbP4P8C1xP2h1ZsZVKtxMddYDxef50xwvULtgA=s32-rw-mo","Abbas com","26 Desember 2025","jelek update ganti tapi pemain ga ganti sekil masa mm ga mau jaga jarak di kasih tau malah ngelunjak. saran klo ada yang nge riport honor sekor nya di kurangin banyak biar dia ga bisa main lagi drak sistem nya klo mau bintang 5 harus nurutin perkataan ku ini titik!!","4 orang merasa ulasan ini berguna",""
"https://play-lh.googleusercontent.com/a-/ALV-UjWaIZB5dsi3Xg3mAThjI5kD1SSp_SA3taUWStDYQoCQZhBXrvI=s32-rw","Rahmat Bae","23 Desember 2025","tolong moonton hapus verifikasi ke 2 nyusahin kalo mau ganti akun saya jadi gak main game ini lagi semenjak akun ada verifikasi ke 2 karena gak bisa login ke akunya dan kalo minta kode verifikasi tidak muncul di email jadi saya hapus ini game dan tidak memainkannya lagi","2 orang merasa ulasan ini berguna","Tampilkan histori ulasan"
"https://play-lh.googleusercontent.com/a-/ALV-UjWMlp7Zpj3b9N6cLOlgdXjexjNPpbycYPlDGGCQ1YLOXVP3zcTt=s32-rw","Firdaus","18 Desember 2025","burriikk... jaringan gua hijau.. buka apk lain lancar... milih hero lancar.. pas di game lag parah... maksud lu apa montoon... bukannya memperbaiki bug.. malah nambah2 event.. gak jelas lu...","10 orang merasa ulasan ini berguna",""
"https://play-lh.googleusercontent.com/a/ACg8ocLn-Qv4YoJnbwr2AI379dSvElaBacNm4eEkBVucO8vDTTYJlCk=s32-rw-mo","Abidah Abdullah","21 Desember 2025","Matchmaking rank sampah, saya selalu main solo tapi terus²an ketemu enemy yang party, sering lag ga jelas padahal jaringan bagus, aneh.","",""
"https://play-lh.googleusercontent.com/a/ACg8ocJH-xESxfWgRsY5Vtzqdak6ONkt5G89ZpwV91OGG_w5-kpjvQ=s32-rw-mo","Hamdi RMD","20 Desember 2025","game apa ini,,,bodoh sekali pencarian pemain nya,,tidak adil,,setiap mau naik rank selalu di kasih tim beban dasar dark system we saya tidak terima hadiah ulang tahun mu kasih tim beban terus lawan kuat sekali,,,game ampas","66 orang merasa ulasan ini berguna","Tampilkan histori ulasan"
"https://play-lh.googleusercontent.com/a/ACg8ocKZe9MEdRtvj5vzf6p4MntyqIlkFD-QVq-AmeEJM_gOIiV0wQ=s32-rw-mo","Gilang Putra","24 Desember 2025","Kenapa mobile legends sekarang kalau udah di update gak bisa masuk pas loading nya dan tambah maju malah tambah gak jelas buat war aja ngelag terus gimana nih maaf aku kasih bintang 1 dan update bukanya bagus Mlah jelek terutama buat sinyal nya bagus tetep lag","3 orang merasa ulasan ini berguna","Tampilkan histori ulasan"
"https://play-lh.googleusercontent.com/a/ACg8ocLLs_O2goRo9etHHkXngwXaRaaaJ0Frygyk-HCzFAhIk5VEIA=s32-rw-mo","Toni Toni","20 Desember 2025","woi montot hero Benendeta pasif nya ngbug anying perbaiki lah, hero favorit gw malah banyak bug nya selesai update bulan ini, mana ulti lelet keburu kena cc hero musuh , dah pasif macet macet perbaiki lah anying","10 orang merasa ulasan ini berguna",""
"https://play-lh.googleusercontent.com/a/ACg8ocK7KrELIYWzCbW5FyH2ICVogSOTZBYAdqcx6UzfPkLp7tlajg=s32-rw-mo","Bodrex Sin","26 Desember 2025","game ini seru tapi ada banyak player yang ngetrol, untuk player yang di trol itu ada 50% orang yg sakit jiwa, stres, dan lainya dan itu di sebab kan oleh game ini ok jadi tolong lah beri teman rendem yang gk ngetrol dan kalo main rank jangan nemuin player yang jago temui lah player yang setara dengan rank nya di bawah epick","",""
"https://play-lh.googleusercontent.com/a/ACg8ocL3z9FgALidoDKBcr1QTbCD3zPT2WY1HpyNhDD2eYr4pmzSqQ=s32-rw-mo","Hasa Natull ibral","19 Desember 2025","maaf moonton seperti nya moonton banyak menambahkan fitur yg tidak terlalu berguna samasekali ,fungsi nya biar apa moonton apalagi skrg server sering lag ,kenapa moonton sangat lalai dalam memperhatikan pelayanan untuk para pemain nya sama sekali bukan. game yg stabil untuk dimainkan","8 orang merasa ulasan ini berguna","Tampilkan histori ulasan"
"https://play-lh.googleusercontent.com/a-/ALV-UjV3JZzfam8VRiB2OBhjxyhPOwZ0kQ54rcHxXb5cTmgqaemDb0mT=s32-rw","Zainal.M","21 Desember 2025","sejauh ini saya memainkan game ini dari 2020 hingga sekarang cukup menyenangkan bahkan saya sudah banyak top up untuk membeli atribut seperti skin dll, tapi yang sangat di sayangkan adalah sistem match making nya yang cukup aneh, kadang ketika bermain selalu di pertemukan dengan musuh yang tidak seimbang, tapi di tim sendiri player nya sangat merepotkan tim, mohon di tindak lanjuti lagi match making yang seperti itu karena beberapa kali saya mengalami hal seperti itu.","28 orang merasa ulasan ini berguna",""
"https://play-lh.googleusercontent.com/a/ACg8ocKYq5rtNX3lZasQbtkw3yZjGq7ky47agHYo2i4U8JLW6JMD9A=s32-rw-mo","Dongkak Keren","22 Desember 2025","GAME RUSAK!!! masa jaringan lemah padahal depan'an sama wifi udah gitu patah' lagi tolong dong moonton diperbaiki game segede dan selaris gini betulin bug aja gk bisa","3 orang merasa ulasan ini berguna","Tampilkan histori ulasan"
"https://play-lh.googleusercontent.com/a/ACg8ocLklVeSG7inO5vgGGYELr3Lopp6SgyBHVp4xG_vkJaw6RgLcQ=s32-rw-mo","Muhammad Mardiansyah","22 Desember 2025","ini ada yang mengganggu saat main tiba-tiba jaringan leg. dan pada awal season tolong jika tim ada yang asli player epik jangan di satuin ama computer lagi itu membuat saya berasa main 1v9 dan musuhnya malah mantan immortal dan glory *79","",""
"https://play-lh.googleusercontent.com/a/ACg8ocLAPIsJLnFAZpkS5ERgJw_2cBhXSwWAT1issFOwS3cqvMH0Gi8=s32-rw-mo","Ari Dwi Utami","24 Desember 2025","game nya bagus tapi kadang waktu mau masuk ke welcome to mobile legends nya itu gak bisa masuk tapi aku kasih bintang 5 coba even selanjutnya adalah mlbb X plants vs zombies pasti seru","",""
"https://play-lh.googleusercontent.com/a-/ALV-UjWj7NqvoFoWTsbY6lsjgvN21xgo8Gida0S0FJ_03bLi0ZRX4jUy=s32-rw","Roman Syah","20 Desember 2025","game buriq hapus aja dari play store, kebanyakan kalah bayangin aja dari pagi sampe sore main cuman mentok bintang situ doang mana banyak lagi top up di game ini nyesel main/top up udh banyak laporan dari pemain perbaiki sistem , monton cuman cuek Yang penting cuan hapus aja dari play store ulasannya juga kebanyakan bintang 🌟 1 nanti pas sepi baru nyesel.","7 orang merasa ulasan ini berguna","Tampilkan histori ulasan"
"https://play-lh.googleusercontent.com/a-/ALV-UjXS5HJ2eQPwUk_p2ENTaRrJknkti3mSoLM7Uu0MhsyYySfWNyF0=s32-rw","abudardak siregar","23 Desember 2025","Montoon...jelek x permainan gini di kasih lawan selalu di atas kita level nya jadi susah naik level ..ini game maen nya kebanyakan kalahnya dari pada menangnya ..kalian selalu jawab akan adil...adil dari mananya...game nggak benar ini...","1 orang merasa ulasan ini berguna","Tampilkan histori ulasan"
"https://play-lh.googleusercontent.com/a-/ALV-UjV51OAJAbJpWR1rOgSht3UuWOF_QX77KQ3i9pplnZutJFU7krqr=s32-rw","Maulana Andika","23 Desember 2025","banyak darksistem nya apa lah guna nyaa fitur milih role makin banyak player darksistem, apa sih game ngelag gak jelas sinyal 4 ms malah ngelag, apa lah gak jelas gamenya, udh gw hapus game nya 🤣🤣🤣 udh upgrade season bukan nya dark sistem hilang malah makin banyak,, masa reset season dapat team GM sihh gak jelas banget, percuma ngasih masukan gak akan di respon juga","1 orang merasa ulasan ini berguna","Tampilkan histori ulasan"
"https://play-lh.googleusercontent.com/a/ACg8ocIGHcjSAAWF9IlgcJfFwo5WEM5Cx_m5I-ZyLNkCHur8pYY-Yg=s32-rw-mo","NABIL Prasandi","24 Desember 2025","game jelek selalu jumpa satu tim dark sistem musuhnya malah jago² saya main selalu menang,kalah,menang,kalah dan seterusnya,lagi pula saya ketika main selalu lag banget saya beri bintang 1 game jelek","1 orang merasa ulasan ini berguna",""
"https://play-lh.googleusercontent.com/a/ACg8ocLjeUOlKwOMm0IO_G1B6NB3UCPlrabOxSpdGKuekqhMn4BoYg=s32-rw-mo","Putra Moubang","18 Desember 2025","kurang puas dengan Hero cincilion yg sudah ketingalan top global malah nga ada perubahan kecewa. sudah manahnya cepat habis kil nya tdak bisa di sesuaikan jarak..ancur semuakecewa sekali","7 orang merasa ulasan ini berguna",""
"https://play-lh.googleusercontent.com/a-/ALV-UjXCaMcBRHVxWsZ4Q7hU6ctrKK6cWylvEXBv6DtP76JJ6tbyp40=s32-rw","Alvaro Tri Nugroho","22 Desember 2025","Moonton lama lama ngelunjak udahmah suka lag, susah dapat duitnya, skin gratisan nya sedikit lagi, Apalagi kalo turun season anjir jauh banget turunnya apalagi di epic waduh buta map semua timnya kadang bagus kadang juga jelek","3 orang merasa ulasan ini berguna",""
"https://play-lh.googleusercontent.com/a/ACg8ocI9H8FISzz2DDVMN28E1X-jxpNK9Z1n2_UWVAOxUxhcNd2QSQ=s32-rw-mo","Reza Sugianda","20 Desember 2025","gema ini bagi saya begitu tidak adil kadang mendapatkan teman gang begitu agak kebawah(bot/egois)dan terkadang mendapatkan musuh yang begitu susah dan masih ada yang menggunakan cheat bikin tim musuh ngeleg","6 orang merasa ulasan ini berguna",""
"https://play-lh.googleusercontent.com/a-/ALV-UjWhREuTtEvSRrxFOEfU8HmIYWFYEcMVV8EUdIO1jcAGgDgxC5A=s32-rw","Lingking Part","25 Desember 2025","Dari dulu untuk stabilitas jaringan selalu buruk ga ada perubahan sama sekali. tolong lah di perhatikan kembali soal jaringan. saya main PUBG lancar aja tapi knapa giliran pengin main ML kita di loby aja jaringan sudah merah. makin aneh ML","1 orang merasa ulasan ini berguna",""
"https://play-lh.googleusercontent.com/a/ACg8ocJnaHu47AlnmE9lwf4OAMCCakmFVdzHSughEp3tozwVtvpndA=s32-rw-mo","Muhammad Adil","25 Desember 2025","tolong lah ya 1 BLN ini kek nya di perhatiin banyak kali kesalahan ni game saya sebagai pemain lama turut kecewa sih ,saya server indo tp entah knp banyak yang masuk tu server luar kek Malaysia itu ,feforma main buruk banget selalu buat kalah kalo udah jumpa ma tu Malay ampun dah ,tolong lah di perbaikan LG ,boleh lain server masuk kan ,tp liat liat Jan draksistem nya yang di jadikan tm tinggi ,misal nih glory eh malah jumpa server lain yang epick saya udah sweirn ni macam","1 orang merasa ulasan ini berguna",""
"https://play-lh.googleusercontent.com/a/ACg8ocJSgPKet-9-isaGkt7pUbQjcGqOgkazEGPYRt0hTLXQChgpBg=s32-rw-mo","Nani","26 Desember 2025","game nya memang bagus tapi stiap saya mau main knpa ya sering ga bisa main aneh tolong di perbaiki lagi sinyal bagus tapi ga bisa main aplikasi lain lancar knpa ya kira² kadang ga abis fikir","1 orang merasa ulasan ini berguna",""
"https://play-lh.googleusercontent.com/a/ACg8ocIAuXa8Z4ueHJZd8At9lek-ajJOZ_GmeE97RdzqaNHJrvo3yw=s32-rw-mo","Khafa Maulana","18 Desember 2025","setelah update mobile legends kenapa jadi sering lag? padahal sinyal oke device ya agak aman tapi kok ngelag ya, padahal pas season kemarin kagak,,tolong atasi segera🙏 meresahkan soalnya","","Tampilkan histori ulasan"
"https://play-lh.googleusercontent.com/a-/ALV-UjUpF4HC2Zvv5gxoz7F-RQbkERFpPMvnOkJHJFSJIVCYjL78jxzE=s32-rw","Azka Hafizh.","22 Desember 2025","pliss gua kalo rank selalu di anggap afk Mulu padahal udah main lagi, karena hp gua gak mendukung untuk draftpick, jadi tolong perbaiki draftpick nya agar hp saya bisa main rank sampe mythic🤭, nanti ku kasih bintang 5 kalo Udah di perbaiki","1 orang merasa ulasan ini berguna","Tampilkan histori ulasan"
"https://play-lh.googleusercontent.com/a/ACg8ocL7TYSXWLVH17FjgjM_7gEfmk3zQ6gBuzYZaw9bTnJzxodX=s32-rw-mo","Miftah Nur rohman","24 Desember 2025","makin sini makin ngawur wkwkw,ga adil sm sekali matchmaking nya, tolong benerin dong,ada ya,orng push rank,setim lejen5 epic 5, sedangkan musuh lejen 1,lejen 3,padahal baru turun season loh ini,baru update juga benerin dong wkwk, mndingan pindah aja ke game sebelah","1 orang merasa ulasan ini berguna","Tampilkan histori ulasan"
"https://play-lh.googleusercontent.com/a/ACg8ocIg_Tax38aC8neBs6Z6Oz7YTkTPmOJYYNy1ey1F_ughszE2Bg=s32-rw-mo","Epul Hungkull","23 Desember 2025","udah di update bukannya makin bagus malah jadi parah jaringan stabil tapi main leg. kesel nya tuh pas lagi war pas war tiba"" jalan gk jelas ayolah monton perbaiki lagi biar mobile legends makin rame kalo kaya gini gmna mau makin rame malah bikin turun pemain mobile legends.","2 orang merasa ulasan ini berguna",""
"https://play-lh.googleusercontent.com/a-/ALV-UjV71WlxeIjlOmut8GICAbLa94Vo1mJWpjtemW3QulUiI6s6otk=s32-rw","Muhammad Arfa Zahran","20 Desember 2025","Kekurangan: •Walaupun sudah memakai Wi-Fi/kuota dengan jaringan yang bagus, masih ""PATAH-PATAH SAMPAI TIDAK BISA DIGERAKKAN"". •Skin ""COLLECTOR"" Silvana malah efeknya seperti skin ""ELITE"". •""TOLONG DENGARKAN KELUHAN PLAYERMU MOONTON"".","7 orang merasa ulasan ini berguna","Tampilkan histori ulasan"
"https://play-lh.googleusercontent.com/a/ACg8ocJ8iWSBe4nC49v6T78VFnXUKKS3PPcR4joVYw5-3ZZnDINLeQ=s32-rw-mo","Charlan Silitonga","24 Desember 2025","game ini bikin emosi dapat tim dan player ngak tau main kadang pemain solo tetap aja di situ situ aja ngak bisa naik bintang Lo streak truss , jaringan bermasalah teruss padahal pakai wifi game ini harus di perbaiki dan di tinjak lanjuti oleh moonton para player solo juga butuh hiburan pas waktu senggang bukan bikin emosi aja","","Tampilkan histori ulasan"
"https://play-lh.googleusercontent.com/a-/ALV-UjWhDrkt7cnMEK40DeUQ1BBZUPWpzuXduyulHaNiJU6kIN9XkG5r=s32-rw","RIZKI PUTRA PRATAMA","20 Desember 2025","game ml sekarang udah gak enak jaringan bagus tapi gak bisa gerak, sama juga pas lagi war kadang gak bisa gerakin analog nya gak bisa di kendalikan, kadang juga jaringan tiba"" jelek pas lagi war.mohon tolong di perbaiki lagi game nya","17 orang merasa ulasan ini berguna",""
"https://play-lh.googleusercontent.com/a-/ALV-UjVzc4etHodTWjrngrVAx5qllp8L91xifb7ZPqJ69Xfsi-_Cuydn=s32-rw","keyy","23 Desember 2025","moonton jangan sibuk update terus lah tapi bug bug ga di benerin, masa gw ga bisa bisa masuk pas matchmaking?? padahal buka aplikasi lain lancar pls lah benerin jangan update terus tapi bug ga pernah di benerin","1 orang merasa ulasan ini berguna","Tampilkan histori ulasan"
"https://play-lh.googleusercontent.com/a-/ALV-UjXnH52QdKI3iTXUEzYQXsnbmMUhzb4u_Sp8QHfz-d36sJNRvLE=s32-rw","kucing garong","22 Desember 2025","stelah updet jaringan gk stabil. waktu main tiba"" sinyal ngelek parah skitar 3 dtik. sinyal ada, yang hilang koneksi datanya hilang 3 dtik trus muncul lagi.","",""
"https://play-lh.googleusercontent.com/a/ACg8ocJW4NbibKqDwVkyN_XybyuRhWYWbLsKfOhvIcmLwMGdUZdm0g=s32-rw-mo","Na Zar","23 Desember 2025","sangat bagus game nya tapi sayang game ini terlalu berat untuk pengguna HP ram 4GB apa lagi ram di bawah 4GB sangat lag sekali saat ber main!!","",""
"https://play-lh.googleusercontent.com/a/ACg8ocKbMp7KhrSWv-urvCo5O-rsU9kitqF9efUyDR80kg2K-zxmFw=s32-rw-mo","Fikriy Alrasyid","23 Desember 2025","moonton kalau gasuka liat saya menang bilang yaa soalnya cape juga lama lama main bintang turun terus, mana tim ga seimbang musuh jago²tim sendiri kek kurang jelas. bilang ya kalau gasuka liat orang senang menang banyak biar ga ku mainin lagi ni game sia sia buang waktu loh makasi dah kasi saya stress yg luar biasa makasi","2 orang merasa ulasan ini berguna",""
"https://play-lh.googleusercontent.com/a-/ALV-UjXr3VuYAeIFBDUomca1hJLMFOkd6e4senVrWOVQCg6k5uNXtA-c=s32-rw","32_Wisnu Arya","24 Desember 2025","Tolonglah moontoon kalo mau ganti akun lewat akun moontoon kenapa selalu jaringan anda tidak stabil padahal buat yang lain lancar, tolonglah segera di fix merepotkan sekali belum lagi kebanyakan login gagal jdi harus nunggu 5 menit kalo gagal lagi nunggu lagi jdi 10 menit apa maksudnya kek gini","1 orang merasa ulasan ini berguna","Tampilkan histori ulasan"
"https://play-lh.googleusercontent.com/a/ACg8ocKjLEOQdTB7LvIKQAIqiabMxPOe4b0wfz6lBCjtEaS_0jQWtQ=s32-rw-mo","Fzn Capenda","23 Desember 2025","game apa ini masa 1 squad tiba tiba gak gerak pas dalam pertandingan padahal awal awal bagus bagus aja pas udah mau menang langsung nyangkut 5 orang lagi yg nyangkut padahal jaringan bagus stabil nih game update tambah gak jelas hde","1 orang merasa ulasan ini berguna",""
"https://play-lh.googleusercontent.com/a/ACg8ocJQHl-FSLyBiKt5E3-kcp2kFUdP1MHEZ0pTAABC53YJ5oxKqg=s32-rw-mo","Kadek Aryawan","24 Desember 2025","game nya ga rekomendasi banget ya, kita main serius tim nya kek apalah, saran gua mending lu semua main hok dah gamenya enak banyak skin gratis, player ny ramah gak ngetroll, saran mending ke hok ya soalnya gua ngalamin main hok itu permainan nya enak banget","1 orang merasa ulasan ini berguna",""
"https://play-lh.googleusercontent.com/a/ACg8ocKYKxrPqxC7K7-1V7272NGIlmLf8q5cJMakOSEB3XG1c_XeYw=s32-rw-mo","RESHLEE Datulangie 444","18 Desember 2025","tolong bantu hilangkan masalah jaringan buruk koneksi yang saya pakai tidak bermasalah tapi banyak player di dalam game mengeluh jaringan buruk sampai bisa afk tolong hilangkan🙏","8 orang merasa ulasan ini berguna",""
"https://play-lh.googleusercontent.com/a-/ALV-UjVwE9ukKuAGJ5MJ7486Gc84s7mcprcxa3AYv3WwUDTwv-zFSOoo=s32-rw","Awan Setiawan","22 Desember 2025","selalu GK pernah berubah sistem nya.. bisa awal nya enak jaringan, tiba2 GK ada jaringan patah2.. memang GK pernah berubah. aneh.. ML sekarang lucu,. player biasa di bikin rusak sistem..","3 orang merasa ulasan ini berguna","Tampilkan histori ulasan"
"https://play-lh.googleusercontent.com/a-/ALV-UjW9s-QFadNXWrCXfnP26t8cntIAeQE1IHim50DY8L1pzH19cL8=s32-rw","SYAZA GALAXY","22 Desember 2025","game seru banyak rank bahkan banyak event menarik untuk dicoba game seru bahkan bagiku Roblox kalah kalau bisa coba mobile legend x Boboiboy aku ingin tahu bagus atau tidak moonton kalau bisa coba buatkan Hero baru selain Sora atau obsidia tolong kalau bisa semoga dibaca sama devoloper atau moonton","2 orang merasa ulasan ini berguna","Tampilkan histori ulasan"
"https://play-lh.googleusercontent.com/a-/ALV-UjWEEEnQTg2ra8wplWkJCLQ3bgD_SrZ_4JHVd3vtDXue0Dlk5HC6=s32-rw","Ardhi Kurniawan","26 Desember 2025","Ini game udah betul-betul ga ramah untuk player solo, mau ke mitik awal season aja harus 80 match anjir gila-gila. ada aja ide bikin game kita kalah, game rusak udah kayak judi, beda nya moonton yg atur bukan bandar","1 orang merasa ulasan ini berguna","Tampilkan histori ulasan"
"https://play-lh.googleusercontent.com/a/ACg8ocLGSaucx5ErtXOfb9Z-2phPs5aUY3YOtuOvOGPEohz63M06Iw=s32-rw-mo","Riska Aulia","21 Desember 2025","permisi, plis monton kenapa sih setiap main hp jadi ngelag mulu padahal jaringan lumayan bagus, trus suka suka jalan sendiri lagi, arah nya ga terkendali.. balikin ml yg dulu, gara sering ngebug rank ku turun terus","",""
"https://play-lh.googleusercontent.com/a/ACg8ocLuu-L9OcT_mUtCE9fpxQUgCMqTZQCRQp-xaOqK9SYaZOygZw=s32-rw-mo","Nish Aa","20 Desember 2025","sinyal nya jelek padahal 23 ms dan HP saya juga gak kentang tapi jelek banget sinyalnya mana udah afk 2 kali lagi karna hero gabisa gerak padahal sinyalnya bagus","8 orang merasa ulasan ini berguna","Tampilkan histori ulasan"
"https://play-lh.googleusercontent.com/a-/ALV-UjVS0_Qh__eZxkjw09xpS48kYVXvWSExSw2-Th1IzcgQnXwewlEk=s32-rw","Jazinan Ahmadan","22 Desember 2025","DEAR BUAT DEVELOPER ML. akun saya hilang sejak tanggal 18 desember 2025 saya mau pemulihan akun akan tetapi harus ada pembuktian top up pertama pembuktian top up pertama saya hilang karena sudah lama sekali dan saya kini sudah berganti hp.Saya binggung bagaimana caranya untuk memulihkan akun tersebut.tolonggg sekali buat dev ml bagaimana saya bisa memulihkan akun tersebut 🙏🙏","2 orang merasa ulasan ini berguna","Tampilkan histori ulasan"
"https://play-lh.googleusercontent.com/a/ACg8ocJ_qSPivGx0c-UvqTwcE8YmVEbG826Ix6ehzvAFBIg4TD-2UA=s32-rw-mo","rizky Rahmansyah","24 Desember 2025","padahal udh lose streak 5 kali tapi tetep mush nya di kasih yang jago jago Ampe balik epic 4 bayangin dri epic 2 bintang 4 kek epic 4 bintang 4 udh mana tim nya suka ngetrol GK pernah di kasih menang sumpah masa ada Layla mid lane miya mid lane terus juga suka nge lag padahal wifi nya lancar dan udh main di Deket wifi kan aneh ya Ampe loading nya masih 0% terus pas balik udh nurun bintang nya . pokoknya di kasih lah menang biar player ml seneng jangan skin terus ama di perbaiki itu nge lag nge","","Tampilkan histori ulasan"
"https://play-lh.googleusercontent.com/a/ACg8ocJSdfwk3SBU7T2BRH_FLcF2vqmfrKNCMVdbU33IXIKF1zzh8w=s32-rw-mo","AkbarRiski","23 Desember 2025","game nya bagus ,cuman sering lag parah terus mau masuk gamenya juga gak bisa ,,pas mau warr ngelag padahal jaringan bagus tapi ping nya merah Tolong perbaiki bugnya🙏","1 orang merasa ulasan ini berguna","Tampilkan histori ulasan"
"https://play-lh.googleusercontent.com/a-/ALV-UjWgE2W_vOlQuYl04VekI0fu85CJJwV_DO7qSQ-Tw2yq6bKXaSlr=s32-rw","Harapan besar","18 Desember 2025","emg harus bgt di update yah gw yg gatau langsung maen rank dari early sampe late gamee sinyal nya jelek Mulu padahal kuota udah beli,asalnya gw pake wifi mungkin karna wifi ngelag jadi gw beli kuota dan masih sama.","8 orang merasa ulasan ini berguna",""
"https://play-lh.googleusercontent.com/a/ACg8ocKXvZ_ctrHZFkn0fPts_7BWp0ncnMAX4JaWe1xdvBWQQ9cy6w=s32-rw-mo","Husni Yadi","23 Desember 2025","game seperti judi dibuat candu dengan 1kali kemnegan setelah itu lose dan lose ga jelas lebih parah ternyata dari game bocil sebelah,lebih burik dari ff sinyal ijo masih lag aja heran mana ga bisa opsional buat chat cs perbaikan game udah 9tahun katanya masih aja lebih burik.makin parah lagi (solo)ketemu tim nya boot pada sedangkan lawan sebalik nya game bodohh ini","5 orang merasa ulasan ini berguna","Tampilkan histori ulasan"
"https://play-lh.googleusercontent.com/a/ACg8ocKBpeG_0I4VKn0D4ezX0Tb-Av39eB78AoKC1a7RPoPPgtULEA=s32-rw-mo","Roblox VIP","20 Desember 2025","gamenya bagus sihh, tapii BANYAK DARK SISTEM. Ya kadang kadang ada sih yang berguna juga timnya tapi ya perbaiki ssedikit aja moonton ya bug nya juga moonton aku mau main dengan santai ngga dark sistem Pliss moonton ya perbaiki sedikit saja AKU NGGA BISA MAIN KALAU AKU ADA DARK SISTEM MAU Main RANK MAU MAIN CLASSIC SAMA AJA OK🙏","",""
"https://play-lh.googleusercontent.com/a/ACg8ocLKxp6mXmc_Pr8E2wdleIHAeoUFIV_cpskd9HYqfySD96BKGg=s32-rw-mo","Ridho Firman saputra","26 Desember 2025","eh monton taik,ini gue kasih bintang 5 ya, tolong lah kenapa di temuin sama player yg baru download dan baru main,gue capek di satuin sama yg drak sistem gitu,tolong lh perbaiki monton,KLO gini terus yg ada ML GK ada maju maju nya buat player baru nya ,tolong lh ya jngn yg udah miytik di satuin sama mech yg baru main dan baru download.","1 orang merasa ulasan ini berguna",""
"https://play-lh.googleusercontent.com/a-/ALV-UjV2a_D1eMhU39upwJJ6Wb4x-boFrDqZswKIr8nGUdi60JKDjVv7=s32-rw","Rifan Maulana","24 Desember 2025","game gajelas team berat sebelah game kadang suka patah"" pas draft perbaiki lagi woy monton kadang in game ngelag padahal jaringan bagus perbaiki lagi woy bug nya tu masi banyak ga work banget ni game","1 orang merasa ulasan ini berguna",""
"https://play-lh.googleusercontent.com/a/ACg8ocLoaucBdOQ7HZLEzk5QJ0SpwRoX6ZQn0KO1dPT83-J7h4kRfSk=s32-rw-mo","Mohammad Padli Tose","21 Desember 2025","Mobile legends Rusak, jringan bagus tiba"" lek, kukira emang jring, setelah gw reload eh malah gk bisa kebuka lagi ml ny loading terus, giliran saya coba buka game laineh bagus jringan ny lngsung ke buka, pdhl jringan bguss full lagi, mohon pihak Mobile legends d perbaiki lagi Game rusaknya ini","3 orang merasa ulasan ini berguna",""
"https://play-lh.googleusercontent.com/a/ACg8ocLw_TkQFJbHSH8QbN3n4aoJWKvMz6ltIgQtnA_uhrfp0SJjbw=s32-rw-mo","Komang Budasih","24 Desember 2025","kalo mau drafpick usahakan ketemunya sama tim yang performanya setara dengan tim musuh agar permainan menjadi lebih seimbang bukan malah musuh hebat tim beban buat game itu juga liat kondisi game dan player","1 orang merasa ulasan ini berguna",""
"https://play-lh.googleusercontent.com/a/ACg8ocIzRMFuEiItB7vKhImK2nGGksLsI6qMQtRm8NO09i2O4aSWBw=s32-rw-mo","Wardiansyah Arya","21 Desember 2025","skin skin nya bagus trus banyak giveaway skin gratis tapi tidak di sarankan di download oleh orang yang mudah stres karena loostreak nya ngak maen maen. dari jam 8 pagi saya main di epic IV 4 bintangnya nggak nambah satupun. sekian🙏🙏🙏","5 orang merasa ulasan ini berguna",""
"https://play-lh.googleusercontent.com/a-/ALV-UjVCA3zM6r8PzHlgU8jlqSOiAK1abDV4KYkZ3gNuiO5X49GYjvX-=s32-rw","dewi umaningrum","18 Desember 2025","banyak chit lag diawal season 39 tolong diurus ya moonton kalau Uda kukasi bintang 5 gara gara chit lag atau sistem yg lagi bermasalah saya kalah 5 kali saya kira gara gara jaringan ternyata semua tim saya ngeleg sekali tim musuh lancar aja sinyal nya tolong diurus","7 orang merasa ulasan ini berguna","Tampilkan histori ulasan"
"https://play-lh.googleusercontent.com/a/ACg8ocK9KK3Qi5GZZAYer4z1t-_B-v3Vo_Do7Aux88pjznDPpGft=s32-rw-mo","Haidar Shiddiq","22 Desember 2025","game ini rank aja cuman lawan nya susah kalau tim dark system makanya aku kasih bintang satu moonton jelek karena aku selalu dpt tim dark system mulu dan setiap naik season selalu download data nya lama bgt pas saya main Clasik nah tinggal 41 persen nah pas selesai main malah berkurang jadi 18 persen makanya ini game agak lain","3 orang merasa ulasan ini berguna","Tampilkan histori ulasan"
"https://play-lh.googleusercontent.com/a/ACg8ocLUndmKCrDuErt5uTCWD77tGQ-HiPkyeeEgkJiG1o4-KguQAw=s32-rw-mo","Rosna Yulia","25 Desember 2025","kenapa saat lag saya main selalu aja lama tiap gerakan responnya lama tunggu sampai bermenit menit selalu karakternya diam sampai saya kesal kenapa bisa seperti itu itu bikin main saya menjadi jelek dan kredit skor saya turun karena sedikit lambat masuk.","1 orang merasa ulasan ini berguna",""
"https://play-lh.googleusercontent.com/a-/ALV-UjWSYjerpz_zj9rkZmanB--AqLB_CO-FQxo-2abrpCYPywFW4Ypz=s32-rw","Lisa Khrn","24 Desember 2025","game setan jangan di download kalau download bisa stres bahkan gila bikin ngomong kasar terus jg banyak membawakan dampak negatif, sering kalah karna tim nya kaya dark sistem kayak setan sistem tim nya harus di benahi lagi jangan kayak setan, kalau aku ws 5 kali baru tak kasih bintang 5","1 orang merasa ulasan ini berguna","Tampilkan histori ulasan"
"https://play-lh.googleusercontent.com/a/ACg8ocISmgO-rGSlOWCBDeyrU6kbh8zjDWjLOf87UUnCz_abK9Jy=s32-rw-mo","Alvin Alfahriza","21 Desember 2025","MOONTON anj, gua di kasih lost 9x padahal itu party, di kasih musuh ga ngotak....pas war di kasih lag, dilay, gua stres tot frustasi gara"" game ini, di kasih menang 3x doang apa-apaan.","4 orang merasa ulasan ini berguna",""
"https://play-lh.googleusercontent.com/a/ACg8ocIsRaudEj3b0hdWeKIomkXHahw97f0PpOzTJaQW44h_OfrysA=s32-rw-mo","Moh.anggara Maulana","19 Desember 2025","we moonton! game ku dah bagus cuma ya ada cumnya ni tolong dikitin atau grafiknya dikitin arau dibilang standar soalnya buat gw hp kentang dan player lain meledak jir main ini apa lagi kalo ada update","2 orang merasa ulasan ini berguna",""
"https://play-lh.googleusercontent.com/a/ACg8ocL0IODf5qEERH2vtDjLlbPByP07cHoUxK9TF0-6nVNE_Md-Gw=s32-rw-mo","Darbot Derta","20 Desember 2025","makin lama makin gak bisa nyaman buat main, sejak reset season sekarang (19/12/25) pas di loading screen stuck di 30% itupun pas di tunggu baru mulai gerak di menit 2:50 paling cepet 1:50, benerin dong muntun","",""
"https://play-lh.googleusercontent.com/a-/ALV-UjUS_Ft9wp3wTsd46qKhOfjG2FbZJtehdr3Qh1udv-faGypaWSM=s32-rw","M.satria Leonardi","23 Desember 2025","awal mah bagus, pas seson"" awal, tapi pas udah seson sekarang makin parah, suka ngelag, patah"" dan suka ada bug gitu...padahal wifi ku bagus,nonton video dan WhatsApp an aja bisa 🙄🙄","1 orang merasa ulasan ini berguna",""
"https://play-lh.googleusercontent.com/a-/ALV-UjUQQO59POFylKAT8fQFXPqjktvhZBddm7iV-AHEs2rOVRvt35Op=s32-rw","Chorry Ferlinda","26 Desember 2025","Gua Saranin Jgn Pernah Nyentuh Ini Game Karena Apa?. Game ini bisa bikin kita lupa waktu karena setiap game pasti kita dpt kekalahan/kemenangan. Jika kita mendapatkan kekalahan dari game ini kita dapat dibuat depresi atau stres karena kita tidak dapat menggapai sesuatu yang kita inginkan misalnya kita udah sampai legend tapi teman kita udah pada glory nah kita mau juga glory tapi sering dikasih kekalahan nah disitu mulai gejala kita lupa waktu, stres dan lainnya.","5 orang merasa ulasan ini berguna","Tampilkan histori ulasan"
"https://play-lh.googleusercontent.com/a-/ALV-UjVj_o2zt1cF-4GxVkWMynvQT-BWKjwBe72qIiANGBakfb6LAsbr=s32-rw","光• Noe","20 Desember 2025","Tolonglah, buat penggunaan Hero baru janganain di clasik 2 kali. Dati tadi rebutan Sora gak dapet-dapet saya Jangan menyarankan main dengan team, ikut discord lah, apalah. hargain juga yang main sendiri dong","8 orang merasa ulasan ini berguna","Tampilkan histori ulasan"
"https://play-lh.googleusercontent.com/a-/ALV-UjWS_F3Jb_YykyBgr2tRegGaQbhOvGmAiosGIJ6tm052qDVuh_U=s32-rw","Nando","18 Desember 2025","game ny udah rusak apa, abis reset season semua player jadi lag padahal aku sampe naik ke atas rumah biar ga lag tetep lag, analog buat gerakin Hero juga ga mau dipencet sampe aku hidup in ulang hp ku, ini serius bngt harus dilirik pihak montoon karena sudah kacau, saya cuma mau imbalan nya starlight card biru😋😁","1 orang merasa ulasan ini berguna",""
"https://play-lh.googleusercontent.com/a-/ALV-UjUY0ZhyCA-EdSyTBuUfOiuY1gRhLd2vD6QWgMxsph7zT-7U0bA=s32-rw","apa aja","24 Desember 2025","saya kasih bintang 1 makin kesini makin gajelas nih game, masa sinyal full bagus pas di game ijo kadang merah sangat mengganggu saat main mode rank klo bisa perbaiki lgi, biar yg main nyaman kembali","1 orang merasa ulasan ini berguna",""
"https://play-lh.googleusercontent.com/a/ACg8ocLhQqwSEZSshOezYqyTsDs4_yqpR248b5zVszSEfdN2Yuwyuw=s32-rw-mo","Riyana futri","21 Desember 2025","suka ngebug padahal jaringan saya bagus tapi tetap aja ngeleg juga suka jalan sendiri terus gk bisa jalan padahal saya wifi baru jaringan nya bagus. saya selalu gk bisa main rank","4 orang merasa ulasan ini berguna",""
"https://play-lh.googleusercontent.com/a/ACg8ocLmXHk2I7xBZuC28f3TWd4IqNg2kcfzMtNcyXlnfSaDTMhvxQ=s32-rw-mo","Asep Rahman","23 Desember 2025","woii moonton kalo ngasih tim yg setara lah , jgn sama yg baru main , system lu rusak woii , masa player 2016 di satuin sama yg baru main , masih mending kalo dia ngerti , ini malah ya ampun , tolong lah moonton di perbaiki lagi system match nya , kasian yang solo kalo setim sama org yg ngga ngerti","1 orang merasa ulasan ini berguna",""
"https://play-lh.googleusercontent.com/a/ACg8ocJykiTgMX8-FEgSGCiO_mKXPKiSs1GituIcest6IrYgaMtTvg=s32-rw-mo","Trade Premium","21 Desember 2025","saya stres karena di beri tim yang tidak seimbang secara ber turut turut saat bermain rank tolong nonton kasih tim yang seimbang secara winrate pertandingan jangan di beratkan sebelah pihak saya selalu player solo dann penggendong sejati keberatan","6 orang merasa ulasan ini berguna",""
"https://play-lh.googleusercontent.com/a/ACg8ocIBpwKkBH6Km1SUp1Ymly4OGTaTaTqnddDh9ehOlHAqQAgStA=s32-rw-mo","Florenzz","25 Desember 2025","apa apaan servernya, ngelag mulu. giliran ga gerak 3 menit dibilang afk, padahal salah server kalian. minimal di fix lah lagnya, game bagus tapi server murahan","2 orang merasa ulasan ini berguna","Tampilkan histori ulasan"
"https://play-lh.googleusercontent.com/a/ACg8ocKYfvv5YtADBxvX9JqI9UmLI6cb_-pzYtPotI2CJzrEG1_0ag=s32-rw-mo","meta Trader","19 Desember 2025","Game suka lag rusak ini game masa ping 3 tiba tiba langsung merah gua kira gara"" wifi gua trus gua coba ganti pake kouta sama aja ngeleg ini game rusak ga usah di mainin udh manna banyak bug","8 orang merasa ulasan ini berguna",""
"https://play-lh.googleusercontent.com/a/ACg8ocJlynmdtkLyiu8cRoDwtD3F7VyfGHEu-iEO4viwnbO3EPWSgA=s32-rw-mo","Ridwan Hadi","21 Desember 2025","biar di baca klo ngasih lawan yang seimbang dong..masa dapat lawan yang rank nya tinggi..dan satu lagi sinyal nya betulin padahal udh pake wifi sama data..","1 orang merasa ulasan ini berguna",""
"https://play-lh.googleusercontent.com/a/ACg8ocJb8llmG5cetT77pJeVR2BV7qHzOPt83an9M-tn6cKgI4CuSQ=s32-rw-mo","Irvan Cahaya","25 Desember 2025","game yang sangat menyenangkan sekali, saya main dari kemarin total kalah 17 menang cuma 5 kali, dan selalu mendapat tim yang waw omaygad gad deym awikwok teramat cupu contoh (hanabi midlane, Lukas gold, dll) dan musuhnya selalu main gila jir mereka berpikir onic, walaupun aku juga setara kiboy kalo tim-nya ampas sama aja boong dong bang moonton, plis bang moonton kasih aku tim yang serius gitu atau setara, kalo tim-nya setara bahkan onic indo dan onic ph pun kulibas semua ini. salam akal sehat.","",""
"https://play-lh.googleusercontent.com/a-/ALV-UjXHXE0fSq9oiGYHrOSJ2PR6RTAwOyNU9YMZAgmyL_vK6t-S6ERm=s32-rw","Yusuf Arya","20 Desember 2025","dimohon untuk perbaikan bug seperti sinyal hijau tapi kok jalannya g stabil, kalo ngasih tim itu yg bener min rank ku naik turun gara"" musuhnya g adil kalo bisa musuhnya adil mohon dibenerin min g cuma update skin doang 🗿ini kenapa musuhnya dari indo Mulu dh itu update ap gimana admin ml benerin gakkkkk gemes aku😭🤬","9 orang merasa ulasan ini berguna","Tampilkan histori ulasan"
"https://play-lh.googleusercontent.com/a/ACg8ocLLbK2jDnJLZNZmHpnIxiQ2Ce8edLHHkMzfDwgYTdQMvyouSA=s32-rw-mo","Daffa Azkari","25 Desember 2025","Gemnya bintang 1 karna gemnya suka ngeleg sering ngebug lalu Mechmeking nya suka lama di kasih timnya gak imbang sering kalah / Lostrek 15 kali trs wr nya juga turun terus pelayernya juga suka ngatain dan suka toxic please montun perbaiki sistemnya Gw dah capek lostrek terus monton pls 🙏 benerin siatemnya biar imbang dengan gak ngelag ngeleg","5 orang merasa ulasan ini berguna","Tampilkan histori ulasan"
"https://play-lh.googleusercontent.com/a/ACg8ocKuyvMEouIu6iKAgIjQ9ebhrhNToCB1c2oj15IFXabWHfLcwg=s32-rw-mo","Farel Febrianto","23 Desember 2025","gm MOBA ini bagus tapi bagi hp kentang ini gm jelek karana geleg tapi menurut saya ini gm bagus tapi saya ingin semua Hero di gratis kan kalo boleh 1 Hero legends aja biar orang yang g punya Hero bagus bisa gerasain Hero yang mantap dan yang skil y bagus buat main farti sama temen","",""
"https://play-lh.googleusercontent.com/a/ACg8ocJGB5shcjGV4Xdvy8VMKDU947jTrH-JHHm1xBQ0xjuEGg9-5w=s32-rw-mo","Martin","22 Desember 2025","game aneh, main solo teamnya kek bot dari dulu sistemnya ga dibenerin yg ada malahan makin menjadi dan lebih anehnya lagi gua main solo di awal season ini di rank legend lawannya romawi semua, sedangkan temen team gua legends semua anehh anehhhh gamee anehhhhh sistemnya ga jelas","3 orang merasa ulasan ini berguna",""
"https://play-lh.googleusercontent.com/a/ACg8ocKX0_NLNvVZD5zLNCZdHux_PhjYj0PRhxOL0AqwUwUovYIflg=s32-rw-mo","Ferdrico Lim","22 Desember 2025","sangat tidak bagus gamenya, dulu masih lumayan dikasih team nya yang bener skrg uda makin gak bener dikasih tim nya yang bot semua sedangkan tim musuh pro semua dikasih nya jangan donlowd saran ku ak uda kalah 5 kali","3 orang merasa ulasan ini berguna",""
"https://play-lh.googleusercontent.com/a-/ALV-UjWraZB_X7x_C2EqGqHu-Ioe30W2GfDBhThQbOrkpa-Y79jjXoQ=s32-rw","ALFARY RK","18 Desember 2025","setelah update kali ini sangat nge lag parah, padahal hp dan wifi sudah bagus tetapi kenapa Hero tidak bisa bergerak didalam permainan dan kebanyakan player mati tertembak turret atau creep, game yang sungguh membuat stres, aku bermain game ini sampai aku stres parah karena mendapat team yang sangat tidak kompak, aku sungguh tidak suka dengan game ini 🙂👎","8 orang merasa ulasan ini berguna",""
"https://play-lh.googleusercontent.com/a/ACg8ocIaVjN8LBDvbw8G2UfvbiICtbbS1dtH3lsrrBNzQbRJlobjtA=s32-rw-mo","Brooo","24 Desember 2025","untuk montoon, saya ingin protes terhadap montoon. saya bermain game ini untuk menghilangkan stres tapi bnyak player satu tim saya yang melakukan feeder dan suka troll. saya sudah muak dengan player tersebut. tolong berikan musuh yang adil dan setara dengan rank player jangan di kasih player satu tim yang rank nya lebih rendah dari player lain. saya sudah lelah dengan player yang bejat seperti itu. terima kasih","1 orang merasa ulasan ini berguna",""
"https://play-lh.googleusercontent.com/a/ACg8ocKeJUsQewpzeMcBYh2G5pSuF6FT1x-Lgile-JduXbA5Srvzfw=s32-rw-mo","Cici Chika","26 Desember 2025","seru banget plis, sebener nya main dari dulu tapi ganti hp dan sekarang main lagi makin seru event nya juga asik² banget, keren, dan juga bagus skin nya mantep deh pokok nya","1 orang merasa ulasan ini berguna",""
"https://play-lh.googleusercontent.com/a/ACg8ocLZPKKovgWFQgT7mUz2zGL96xS_cdpXIizE9xGQYeH5XDGMPA=s32-rw-mo","Ndhrvv v","18 Desember 2025","jelek bnget jaringannya kenapa ya? padahal udah make wifi+data loh, dan ya lancar2 aj klo buka apk lain tpi klo udh main nih bener2 merah bet, smpe setim+musuh pulak, tlong diperbaiki","",""
"https://play-lh.googleusercontent.com/a-/ALV-UjUQnb3rFgAcBshitXe9Fkz5pFjnB2leV4Pz1fpf2-ihiFEu-WJXZA=s32-rw","dessy trisnawati7ioo","18 Desember 2025","bagus bgtt, tapi untuk perlu jaringan di perbaiki lagi, contohnya seperti awal season pasti banyak yang login, jadi menyebabkan jaringan ping tidak stabil,itu akan sangat menggangu game play, jadi tolong di perbaiki lagii","25 orang merasa ulasan ini berguna","Tampilkan histori ulasan"
"https://play-lh.googleusercontent.com/a-/ALV-UjUY8mFYDA4MSqR5DLYO3k4vXx1QbTbAzjgVFnlhFRglN8C-frv0=s32-rw","Iqram fahrezi edsa","18 Desember 2025","Kenapa awal season ini lag nya parah banget,sampe semua org kena getahnya ,plis lah apk game kalian tu dah termasuk game berada minimal sistem kayak gitu cepat2 diperbaiki,hilang mood orang gr2 ini.","9 orang merasa ulasan ini berguna",""
"https://play-lh.googleusercontent.com/a-/ALV-UjXgy_HXgpIQAp_skIxOVJLAVWBYHDFMsCBdxjcZNgwcI5vQgMqj=s32-rw","MAGE GAMING","18 Desember 2025","Awal dlm game jaringan lancar,, pas tiba pertandingan tiba"" Ngelag sendiri padahal wifi bagus. Tolong di perbaiki lagi sistem jaringan nya montoon. jaringan kayak babi montoon asu ksh tim gak jelas signal slalu naik turun kalo war ke musuh. game buruk signal rusak taikkk","7 orang merasa ulasan ini berguna","Tampilkan histori ulasan"
"https://play-lh.googleusercontent.com/a/ACg8ocJtS5KpcTQNfdS0dUl59z4lorISF7gV5FtI7l1JwmcnhMxJhw=s32-rw-mo","Cindy Patrecia","18 Desember 2025","gamenya seru,tapi semakin update ngelagnya berat,mau kartu 4G atau 5G tetap sama,tolong pihak MLBB,admin,owner tolong diperbaiki,1 server mengalami hal yang sama yaitu ngelag parah","",""
"https://play-lh.googleusercontent.com/a-/ALV-UjUrmBcsZygLcrIPS3fDBfR3BtfUqxYXEOJSD86o6xSfrlWJ0SI=s32-rw","warman bul","18 Desember 2025","setelah Session ini, banyak para player yang mengalami kendala dalam bermain jaringan tidak stabil, hero tidak bisa gerak makin tidak baik game ini game taik jaringan gw pas drafpcik lancar tiba main lelet nya minta ampun","7 orang merasa ulasan ini berguna","Tampilkan histori ulasan"
"https://play-lh.googleusercontent.com/a-/ALV-UjVIx1n5v_0qYcSrolLAkkQGmsOjnWKJOP6sjSS8epUSwEt2u54=s32-rw","Rama Putra","23 Desember 2025","tolong moonton kasih lawan itu yang seimbang. setiap saya bermain solo rank. banyak orang yang pick Hero sembarang. jadinya rank bintang saya menjadi turun drastis. gara - gara musuh yang terlalu berat. dan tim saya yang terlalu ego😭😭","",""
"https://play-lh.googleusercontent.com/a-/ALV-UjXeS60eCY6jv8PvnrVrII0qJiWdCzqr5xPbQYm6hBCSKotg_-UG=s32-rw","Eldi Rivaldo","18 Desember 2025","Tidak pernah mendengarkan keluhan para pemain, tentang perubahan lore seenak nya, seperti lore kagura dan hayabusa yg diubah dgn seenaknya dan paksaan dari para user hanabi, saya harap lore lama kagura dan hayabusa kembali","8 orang merasa ulasan ini berguna",""
"https://play-lh.googleusercontent.com/a-/ALV-UjUv2dEFbQ1CrDs2GFNwWefk46iaaSx9FAbDWde5EidggAC9ZAA=s32-rw","Fikry Chairuz","23 Desember 2025","kalo mau ngasih tim yg niat jangan yg gak bisa main gua udah Reng tinggi masih aja dikasih tim yg gak bisa main kalo mau kasih tim yg gak bisa main kasih musuh yg gak bisa main juga ini gem menguji kesabaran batin tersiksa","1 orang merasa ulasan ini berguna",""
"https://play-lh.googleusercontent.com/a/ACg8ocKhwmEqk1x9kaMzF71eCx7JLcwmgI8I8qVoznubP-nmZDKx3A=s32-rw-mo","Syafiq Kamal","25 Desember 2025","game penyiksa pleyer, pleyer lama tidak dihargai pleyer baru hanya seseorang yg di beri kemenangan yg banyak lalu pleyer baru tersebut menjadi lama dan pleyer lama tersebut akan kalah secara bertubi-tubi seperti saya, saya sangat tidak menyukai gem ini","1 orang merasa ulasan ini berguna",""
"https://play-lh.googleusercontent.com/a/ACg8ocI03LKkXqXRXqpBBN8qblF-IxgJ_f7aviAdYUj7T_Oe6mpd2Q=s32-rw-mo","Bagus Budi prayoga","26 Desember 2025","pertandingan tidak adil misal nya saya solo tetapi musuh nya pada party smua, tim nya juga tidak adil masa pada bot smua gw terus yg gendong kgk ada yg bisa main terus musuh nya juga pada ngeri, sumpah gak adil ni game","4 orang merasa ulasan ini berguna",""
"https://play-lh.googleusercontent.com/a-/ALV-UjUgiOioVZfbqurSLDlqSV0fjzEUhnjT_NcddG3TPADH1y5jiEnq=s32-rw","Wildan Hanindito Firdaus","26 Desember 2025","bagus,tapi tim nya gak adil banyak yang ngetroll,ping nya juga padahal make wifi lancar lancar aja tiba tiba ping nya jadi 200-300 terus jadi jalan sendiri kalo ping udah sekitar 150 keatas","3 orang merasa ulasan ini berguna","Tampilkan histori ulasan"
"https://play-lh.googleusercontent.com/a/ACg8ocJdue4xXPf3mJKvzoNCHsSdQAnq4X3WTqBMXf6vjlr_ZmDcLg=s32-rw-mo","EVOS angki angki","26 Desember 2025","seru sih seru cuma menang pas awal awal main doang gw akhirnya kalah terus bikin gw APUS download APUS download minimal kasih menang sekali aja moonton gw juga usaha buat naik rank tinggi kalo dikasih musuhnya ga imbang tolong banget jgn udah 16 kali Lo streak gw","2 orang merasa ulasan ini berguna",""
"https://play-lh.googleusercontent.com/a-/ALV-UjW8GUKA11rKCqZzlrQUiDA-yrn1mLmC6RArkpoH3CV5_B9EjBg=s32-rw","Arcello _29","24 Desember 2025","dari gamenya sih udh bagus yah TPI saya mohon SM moonton untuk memperbaiki stabilitas pemainya terutama untuk pemain solo saya mohon jika player sedang main solo dipertemukan dengan player solo jg jngn dipertemukan oleh duo atau trio biar stabil","",""
"https://play-lh.googleusercontent.com/a-/ALV-UjWifSZWqVsiei48L4l0PTrRzb3HNJNGBqpNQS9BWp4qbFTqHjyQ=s32-rw","Gilang Saputra","18 Desember 2025","Perbaiki game kalian, update-an terbaru merusak sistem, lag parah dari awal game hingga menjadi kekalahan bagi tim yg di rugikan, bintang ikut turun, tercatat afk oleh sistem","",""
"https://play-lh.googleusercontent.com/a-/ALV-UjWyjElHNu8Fwa35fWIMT0Ck3G4XyK9rAr2OtSqkp6b9V2UGaBLf=s32-rw","Sergio rangga rangga","24 Desember 2025","kalo ngasih tim yang sepadan sama musuh apa susah moonton,gw begadang ngepush tiap hari ngestuck mulu,udah gendong gendong parah tim anomali kasih yang sepadan kenapa sih capek tiap hari begadang ngepush mulu,dapet tim warga asli mulu heran,sama benerin sistem sinyal Wifi lancar kebiasaan waktu war tiba tiba merah HP masih kuat juga","1 orang merasa ulasan ini berguna","Tampilkan histori ulasan"
"https://play-lh.googleusercontent.com/a-/ALV-UjWy_T9n-T_whtRdGHgD_eLlWk_rhkGPJAWQwQNaCnmaf6tgKyk=s32-rw","Eko Ahmadi","25 Desember 2025","saya asli nya mau kasih bintang 1 tapi nanti tidak akan di baca. monton knp saya selalu di kasih tim yang bot, saya merasa kesulitan jika terus bertemu tim menyusahkan jadi kasih lah perlindungan buat yang MVP kalah kikir","1 orang merasa ulasan ini berguna",""
"https://play-lh.googleusercontent.com/a/ACg8ocIxvQFay8EQizJXASZaKFuKE0Rit3m2fowZJaHE4rKKvFzG=s32-rw-mo","Ahmad Sabroni","24 Desember 2025","aku suka game ini tapi kadang kadang suka ngelag padahal jaringannya bagus dan tolong kasih tim yg seimbang kadang kadang ketemu tim yang gak bisa main jadi tolong perbaiki","","Tampilkan histori ulasan"
"https://play-lh.googleusercontent.com/a/ACg8ocLRSDogc8AITE8k7XBQrepDFrwiaFGKc7zkYvdHLpwakUjMcQ=s32-rw-mo","Ardi Dirgantara","25 Desember 2025","jangan download nggak rekomen game bikin stres game nggak bisa di maenin down server Mulu sinyal bagus tapi nggak bisa pencet skill intinya jangan download nggak gw rekomen tapi kalo lu udah capek hidup download aja nih game mesin lu upgrade nggak di upgrade²","1 orang merasa ulasan ini berguna","Tampilkan histori ulasan"
"https://play-lh.googleusercontent.com/a-/ALV-UjUqL-EritmN8HQOfmjQcHGGnTVSvGf7TvWPbyQHFP5-cAxF10TA=s32-rw","Muhammad Junaidi","24 Desember 2025","gua pindah maen game moba lain fix, gua keluhkan maen solo berat banget di epic, team gua bot max epic 1 di season sebelumnya, lawan nya gua cek udah pada glory2, fix sih no debat matchmaking hancur banget moonton, lu ga ada niat buat pertahanin player, kalo duit buat gacha lu urusin, makin kesini makin rusak game lu, cape gua di season ini, Hancur maen solo","1 orang merasa ulasan ini berguna","Tampilkan histori ulasan"
"https://play-lh.googleusercontent.com/a-/ALV-UjWO1qGIJnh6zwG_wHbO9ce5Gwm8i_AaGuy0kyveWDDtOTq5HGo=s32-rw","Raihan Faizi Bahry02","21 Desember 2025","saya beri bintang 5 karena gamenya bagus sekali dan banyak colebnya dengan anime² keren seperti Naruto. saya sangat sering bermain ml dan saya banyak belajar dari player ml yg mempunyai skil yang jago seperti skayler udh itu doang dan makasih buat monton udh nyiptain game yang bagus ini dan keren banget.🙏👍............................ ................... .................................................................................................,.................... .......................","1 orang merasa ulasan ini berguna",""
"https://play-lh.googleusercontent.com/a/ACg8ocJxaS31sNV9sfg0BYOAKDb-J15zD6eoTdICE-vq1NbeXopbLA=s32-rw-mo","Bintang Gunawan","18 Desember 2025","game sampah uinstall aja gak adil untuk player solo,masih banyak pemain yang suka troll dan bot, sama sekali tidak bikin asik ini game malah makin pusing permainan nya ibaratanya 1vs9 bukan tim,tolong lebih disortir matching nya kita cape sebagai player solo selalu dapet tim bapuk dan kalau bisa player yang memang sengaja troll mending ban sekalian biar gak banyak bocah sampah","8 orang merasa ulasan ini berguna","Tampilkan histori ulasan"
"https://play-lh.googleusercontent.com/a-/ALV-UjVWmKpPdqV7nGHko39wjkica3BJl76Jim_Apc_EBpl5sqjOpv0=s32-rw","Nabila zafira","24 Desember 2025","game nya bagus berkualitas dan geravik yang bagus semenjak upgrade jadi makin bagus semua hero seperti nyata🤩dan skin dari hero seperti dunia nyata yang benar benar real walau sering ngeleg tapi gpp, dan satu kata buat mlbb:bagus👍","","Tampilkan histori ulasan"
"https://play-lh.googleusercontent.com/a-/ALV-UjUKg1JTxfnwNsO1PbTAk49MH_P5-oTAIswZcuze5BI3-1f3Zf4=s32-rw","Dessy Natalia","22 Desember 2025","montoon knp setiap ganti akun harus minta verivikasi sii!!?? ga semua orang inget gmail yg terkait, plisss tolong jgn bikin aturan yg bikin player jdi kesulitan untuk pindah pindah akun!!","4 orang merasa ulasan ini berguna",""
"https://play-lh.googleusercontent.com/a-/ALV-UjUcxvzW1WLlh1ke5p8EUuQ5SFSAMHgI49-Z986EXLTOqM5hzNU=s32-rw","Naryo Saputro","22 Desember 2025","Gual uninstal mlbb, Jauh enakan honnor of king, soalnya aku user lama di mlbb, honnor of king Match matchingnya, seimbang, soalnya seniornya udah banyak di sebelah, biar pun kalah tapi puas, soalnya permainan yang imbang, gak kaya di mlbb, solo rank suruh gendong publik gak jelas.","1 orang merasa ulasan ini berguna","Tampilkan histori ulasan"
"https://play-lh.googleusercontent.com/a/ACg8ocIpwpV_4E42VtpeNBc1nRWkku5dfV2MQwDMy5Cm6vjdTDQMhQ=s32-rw-mo","Dede Piski","21 Desember 2025","tolong masalah jaringan di perbaiki lagi dong, masa wifi sama data seluler sama saja lag parah gada kenyamanan sama sekali nih game waktu ke waktu","5 orang merasa ulasan ini berguna",""
"https://play-lh.googleusercontent.com/a-/ALV-UjUEX6yOhCCbV-0aI9bndNSTfvjMWFJmZ4YG2K0F0vtf1iAyVqk=s32-rw","Jeremia Marpaung","23 Desember 2025","tolong kondisikan setiap org bermain moonton, setiap habis season selalu ngasih team dark sistem. dan tolong itu hapus dan ubah kembali ke semula. saya khusus jungle jadi susah untuk bisa jungle. pakai otak sikit pihak moonton 60 pertandingan minimal sudah bisa mitic ini asik mentok di legend 5/4 ujung2 nya turun mmr gua binatang.","1 orang merasa ulasan ini berguna","Tampilkan histori ulasan"
"https://play-lh.googleusercontent.com/a-/ALV-UjXjjbJKqCuD9GtLDuzTokoM7LPw9cyO3GVaOb_GkMAkqA0G3wE=s32-rw","Gustiawan Sptr","26 Desember 2025","makin kesini makin berat ini game, gw sampe reset hp ke pengaturan pabrik sampe 4x hapus ulang ML terus terusan tetep aja malah nge stuck di lobby kagak bisa di pencet pindah-pindah sama sekali, mungkin emng harus pindah game kaya nya.","3 orang merasa ulasan ini berguna","Tampilkan histori ulasan"
"https://play-lh.googleusercontent.com/a/ACg8ocLAhbZz-ZRCSNwqd_hJ-JTph6bOqpqiy3tdrwS5INTIWBRh=s32-rw-mo","Jeral Padaela","22 Desember 2025","ada terdapat bug yang seperti jaringan saya bagus namun panel gerak nya tidak bisa di gerakkan yang membuat saya di nyatakan afk terus menerus jadi mohon di perbaiki","",""
"https://play-lh.googleusercontent.com/a/ACg8ocLBCQd-DPjBsZdC9iNUo1XPHuWa3nKI8zOWlGSYzb2-02Py1A=s32-rw-mo","Famas Gans","22 Desember 2025","Saya Kalo Main Pake Wifi Hijau Tapi Ga Bisa Gerak Hero Saya Terus Kalo Nonton Yt Dll Lancar2 Aja Wifinya Giliran Main Ml Ngeleg Parah Padahal Wifi Hijau Ping Saya Juga 35-40ms Kalo Begini Terus Bagaimana Saya Enak Mainnya Semoga Cepat Di Perbaiki Gamenya","4 orang merasa ulasan ini berguna",""
"https://play-lh.googleusercontent.com/a/ACg8ocLJ4RWb71CiRRnWACdkr6JFa4JRMVay4I_of1dEf9JUNVjsIw=s32-rw-mo","Miguel 05","26 Desember 2025","jaringan sudah oke Wi-Fi lancar team fight tiba2 lag ,gua main solo rank mytik selalu ketemu trio ada yg gua ga terima masa ada2 epic udah lh bodoh mereka main setelah reset season gua main solo selalu ketemu duo/ trio otomatis lawan nya pun sama mangkin ancur saja ni game","3 orang merasa ulasan ini berguna",""
"https://play-lh.googleusercontent.com/a/ACg8ocIUbhC4lVaBAGgkYbH4kCY-aKOye4MoPxWaIAQf-xSeYumF5Q=s32-rw-mo","pawos geming","25 Desember 2025","sumpah bikin muak game nya habis season makin gajelas apalah masa dapat tim yang baru main sedangkan musuhnya alumni ini semua apaan coba kalau kasih musuh tu yang serasi sama kita lah bukan tiim kita poke semua musuhnya pro semua aduh lama²bikin muak ini game","","Tampilkan histori ulasan"
"https://play-lh.googleusercontent.com/a/ACg8ocKHUZ9cvPcMypL6tjqHSe5z_b4o2_yKr72W-EjNp7XgRJGcDw=s32-rw-mo","Alvin","21 Desember 2025","monton tolong lah gw main ni game buat ngurangin stres malah nambah stres, misal nih ya main solo ya lawan nya solo semua jangan ada yang trio Ama duo ga ngotak anjir,gw main 5 match ga turun ga nambah bintang malah kurangi waktu doang nambah stres doang 🙏","4 orang merasa ulasan ini berguna","Tampilkan histori ulasan"
"https://play-lh.googleusercontent.com/a/ACg8ocLPnt4tE0bQ_MN0WxjeVFvn3JhrNahkuHbj3nV9KAQEFVJNcA=s32-rw-mo","Herorihantandi 19","25 Desember 2025","TIM YANG GUA DAPAT POKE SEMUA ENGINE GAME BIKIN NGELEG (meskipun sinyal gua pingnya bagus) positifnya mungkin gameplay yang dikasih itu bagus dan membuat orang ketagihan namun bisa aja bikin orang jadi naik darah sekian :) W montoon","",""
"https://play-lh.googleusercontent.com/a-/ALV-UjU5tqKYi7XfkJRGa-9fqX4eeEnw_qbQR5ZoOypbJFe4uJa6GnOj=s32-rw","Pratama Radit","22 Desember 2025","semenjak update internet nya jadi gak stabil. saya loading pertandingan stuck 30% + berisi tulisan internet terputus. padahal sebelumnya aman-aman saja. tolong diperbaiki segera, karena bukan saya saja yang mengalaminya.","",""
"https://play-lh.googleusercontent.com/a-/ALV-UjXH--fwJ3ajNVU7b3SwifyN8H_Qiswhney57TgUl1KTwiJAbbF0=s32-rw","aditya pratama","18 Desember 2025","Moonton setelah update ini kok ngelag² ya apakah servernya, saya sudah main di mode ranked tidak bisa gerak karena lag, bukan cuma saya tapi 1 map merasa begitu","",""
"https://play-lh.googleusercontent.com/a/ACg8ocKrADyX8GiTGIromeVl88b_vAe80CQXaBdZP4_RSoKhtxup=s32-rw-mo","Nadhief Ghazali","19 Desember 2025","moonton, saya mau request, bisa gak fitur transfer data nya di update jadi HP yang berbasis android 7 juga bisa transfer data. soalnya saya mau transfer data gak bisa, jadi tolong ya moonton🙏🙏🙏","",""
"https://play-lh.googleusercontent.com/a-/ALV-UjWADg2CDMT5oHvCYuFSDEQ0PAVQJf7JNKTwS82Jy4yOkLI6qJA=s32-rw","Dickrequen queen","24 Desember 2025","ini game makin kesini makin berat nge lag mulu padahal wifi dirumah di pake buat apa aja lancar jaya, tapi pas main mobile legends kacau ternyata emang banyak yang ngeluh nge-lag benerin dong sistem nya 😞😞👎👎👎","","Tampilkan histori ulasan"
"https://play-lh.googleusercontent.com/a/ACg8ocJzax92clgGAOYS3dqPfFIz0JAXpZxdJtp1zneyhXWHW-1hnA=s32-rw-mo","Akun Ml","25 Desember 2025","lumayan banyak mekanik nya, tapi ad sedikit yang gua ga suka asal ngasi tim. tim nya pdaa ga bener gua cape main kalah terus udah 12 kali kalah tolong la monton di perbaiki klau begitu terus banyak player NNT pensi","2 orang merasa ulasan ini berguna","Tampilkan histori ulasan"
"https://play-lh.googleusercontent.com/a/ACg8ocLgkWbEp7Dtbs85V9_Bnu6lgLi6FAmegJYU2ar5h5xEJV-3sQ=s32-rw-mo","Marvel Naibaho","21 Desember 2025","Maaf aku kasih bintang satu,tolong moo ton turunin kredit skor itu -5 aku cuma afk 1 menit setelah itu aku kembali lagi kedalam gamenya, akhir pertandingan aku dibilang afk dan dikurangi -15 kredit skor,pemulihan kredit skor pun cuma 3 kali jadi nya saya di 76kredit skor mohon ditamba dan dikurangi main kredit skornya","","Tampilkan histori ulasan"
"https://play-lh.googleusercontent.com/a/ACg8ocKZmCSlPPlhaTmiC0C2C87otUI9eK9h2H_Ffe7KmH6eke4upg=s32-rw-mo","Cindo","23 Desember 2025","developer tolong perbaiki lag nya, karena update akhir² ini kalo udah ban dan pas udah mau pake hero kadang lag, tolong di perbaiki agar bisa di mainin yang punya kapasitas sedang rolong🙏🏼🙏🏼","1 orang merasa ulasan ini berguna","Tampilkan histori ulasan"
"https://play-lh.googleusercontent.com/a/ACg8ocKTlCoLla8IG2KMjU3-hgn0VOh7byE4fCMWeeHHMTPp0XDU=s32-rw-mo","Akbar Yt","19 Desember 2025","apa nih monton semenjak update 2025/2026 season 39 network selalu ngelag padahal network dari wifi udah di atas normal saya dan rekan party termasuk semua pengguna mobile legends sangat terganggu dengan buk ini tolong di perbaiki n","7 orang merasa ulasan ini berguna",""
"https://play-lh.googleusercontent.com/a/ACg8ocIC4e9S0NT0mxb_3fYu5cLCX3bJunb_PZ5xCWBIMVjdOYrkvQ=s32-rw-mo","Ricko Febio","26 Desember 2025","Mohon perhatikan masukan player dalam apps,atas pemain yang tidak berkontribusi/membantu rekan timnya dan tim yang tidak seimbang,jangan bikin game ini membosankan, mobile legend tidak untuk solo player itu akan terasa menjenuhkan,""TAK PERNAH MENDENGAR MASUKAN PLAYER""SISTIM MATCHMAKING YANG SANGAT BODOH,OTAK TIDAK DIGUNAKAN,MOONTON BODOH""","3 orang merasa ulasan ini berguna","Tampilkan histori ulasan"
"https://play-lh.googleusercontent.com/a/ACg8ocL1D_52xG_L9TlacHrcfct6rgkbPF2JvcSZTQVu9aaU-DRE=s32-rw-mo","Aliyun tatang","22 Desember 2025","game paling rusak sedunia, GX enak lagi mainnya, mending ml yg pertama dari pada yg sekarang, dapat team GX seimbang GX jelas mainnya, kayak bocil semua, game GX berguna lagi, kebanyakan dart sistem semua, sesudah itu sering lag, bnyak yg menggunakan ceat juga","3 orang merasa ulasan ini berguna","Tampilkan histori ulasan"
"https://play-lh.googleusercontent.com/a-/ALV-UjXG69lQ52Oy-Bzn-mF6edTnSFvi0Ku5b-yhBhQkgKo5PWv_LaZq=s32-rw","Kesya Rizqi","21 Desember 2025","gak jelas lah sekarang makin banyak bug nya. update bukan nya makin bagus malah makin busuk, kalo update jangan cuma ngejar internal nya doang tapi liat sisi lain nya ada yang bermasalah gak","4 orang merasa ulasan ini berguna","Tampilkan histori ulasan"
"https://play-lh.googleusercontent.com/a-/ALV-UjWc2Bu6DDoLVFH6wKg1zIc_qj0pAQimc8xAMaDK32AomIAi3GgE=s32-rw","Soultan Dandy","23 Desember 2025","jujur game lo bagus, tapi kenapa pas promosi match atau bisa dibilang mau naek rank contoh gua epic 1 bintang 5, 1 lagi dong buat ke legend eh dikasih tuh tbtb anomali tim yang maen ga bener lah, ini ga cuman sekali tapi berkali kali dikasih kalah abis itu menang pas mau naek lagi dikasih kalah lagi abis itu menang, eh gua ga percaya kebetulan dah ini udh kejadian banyak kali dah, biar apa dah?","2 orang merasa ulasan ini berguna",""
"https://play-lh.googleusercontent.com/a-/ALV-UjVG56ayWv9TXWPv0DAJ078EggCqWmXc-WYsKAZAAi-JBZIHdkSb=s32-rw","Rafida Rafida","19 Desember 2025","keluhan:mengapa tim saya tidak pernah menang saya berasa sedang mengangkat beban yang sangat berat apa lagi jaringan saat seoson kemarin semua player tidak bisa bergerak karena jaringan padahal jaringan saya baik 8ms dan musuh semakin jago saat saya myitic pun tim saya bot dan musuh seperti melawan rrq sama onic jadi mohon buat game nya lebih gampang dan 1 lagi tolong ubah ticket Spongebob Squarepants saya menjadi 1","8 orang merasa ulasan ini berguna","Tampilkan histori ulasan"
"https://play-lh.googleusercontent.com/a-/ALV-UjUG7jMXrwxhkPQhEDiGWF5bdFeM319ol8gEiAFCO4bqRDlOD9M=s32-rw","Ramdhani Dheni","27 Desember 2025","BENER BENER GAME SAMPAH SOLO SELALU DIKASIH FULL SQUAD PARTY 3 ATAU 5 TRUS DISELIPIN BOT DI TIM KITA ASTAGA MOONTON GAME SAMPAH MENURUT GUE INI KAGA ADIL SUMPAH","5 orang merasa ulasan ini berguna","Tampilkan histori ulasan"
"https://play-lh.googleusercontent.com/a/ACg8ocLzWTa9ZMqHq3UTxy8qC6OW6JyzVlmF4O6-6HLtpNYSOKhtHw=s32-rw-mo","Fathan Raka","23 Desember 2025","moontoon kenapa ya saat saya sudah berada di pertandingan Jaringan saya selalu leg padahal wifi lancar di aplikaai lain lancar tapi kenapa selalu leg banget tiba tiba saat sedang war tolong di perbaiki!","1 orang merasa ulasan ini berguna","Tampilkan histori ulasan"
"https://play-lh.googleusercontent.com/a/ACg8ocKlPoARW48KBX82CE-Pd-fpxX5ZjKKg9v6d6C_yvKctO8Gd-Q=s32-rw-mo","Shiera Alviani","18 Desember 2025","Tadi abis update ml jadi tidak jelas dan tidak bisa dimulai karena ada beberapa player yg tidak bisa masuk dikarenakan bug dari ml nya langsung. mohon untuk segera diperbaiki agar bisa menjadi semula lagi terimakasih","",""
"https://play-lh.googleusercontent.com/a-/ALV-UjVWuMGfGblMxedAv53A12VBIerJsXlhe1efrEDUhZClX_oYdcU=s32-rw","Bakol Misterius","19 Desember 2025","geme nya si bagus ada Hero baru cuman game nya lag banget padahal ping lancar sering Hero nya jalan di tempat coba tolong monton untuk diperbaiki lag itu mempersulit rank","","Tampilkan histori ulasan"
"https://play-lh.googleusercontent.com/a/ACg8ocLSax48b5jfY90hVDZT9WaLmgsUPQajdu0oNSVQZ1OTOQ7IX34=s32-rw-mo","ARKAGEMING ARYAGEMING","21 Desember 2025","sebagai user roam gua ke cewa berat. awalnnya udah enak ada perlinduangan 1 bintang per hari eh sekarang di ganti cuman dapet beberapa poioint perlinduangn ga seutuhnnya melindungi bintang. Tolong perbaiki seperti semula MONTON kalau gini caranya jadi males main roam mending main hok aja dah. 💔","4 orang merasa ulasan ini berguna","Tampilkan histori ulasan"
"https://play-lh.googleusercontent.com/a-/ALV-UjU91B8BXPc57W6JQY9bmhbYyk0hMzE3q5y8CoRUkQtURLWRm-wp=s32-rw","Alief Fajri","27 Desember 2025","Punya kartu perlindungan tapi ga guna , punya masalah apa sih, ya minimal kalah itu dilindungi pake kartu , gw kalah main ga guna tu kartu, kalau bikin kartu perlindungan yang bener,bikin masalah aj , sering juga lag , plis lah Montoon mau lu apa sih udah susah main kalah Mulu, capek loh , plis lah Montoon perbaiki kartu perlindungan lu, main menang terus kalah, besok main kalah , dan pilihan Lane gw pilih mid samaa roam tapi kenapa lu pilih roam sih gw mau mid . plis lah Montoon perbaiki.thanks","7 orang merasa ulasan ini berguna","Tampilkan histori ulasan"
"https://play-lh.googleusercontent.com/a/ACg8ocI6LmV44x723XZD9Gba3PGJFEqCbmLuxFNOfTCGRWWuxGNhig=s32-rw-mo","I Kadek Darmayasa","24 Desember 2025","ini kenapa kok saya terdeteksi afk padahal saya sinyal tidak jlek dan saat mau login ke game lama bnget malah terdeteksi afk kenapa ni tolong tanggung jawab kredit sekor ku yang kena nuduh prilaku afk itu!!!!!!","1 orang merasa ulasan ini berguna",""
"https://play-lh.googleusercontent.com/a/ACg8ocKTQ0cR1jpIRqrIbCpLioTlAWgoaHoMtJIh3mJ8qv-NF3buuA=s32-rw-mo","amalia selvi","22 Desember 2025","aduh sekarang up dat nya saya suka atapi tolong sistem pemulihan akunya diganti dengan sistem yag lama karena menurut saya sistem yag lama lebih bagus untuk mengecek ID akun bila hilang atau lupa dan Yap sekarang akun saya hilang mau saya pulihkan tapi harus isi formulir pemulihan pakek ID akun dan ID server hlpp me","",""
"https://play-lh.googleusercontent.com/a/ACg8ocIGiZoStdJzIM2AftEvljrRl6-am6DxpMBLNvsXzNqGzM6Fdyw=s32-rw-mo","Herru Wijaya30","23 Desember 2025","susah sekali sekarang ganti akun harus keluar dulu dri mobile legend untuk buka email untuk liat kode Verifikasi, setelah buka mobile legend kembali malah terulang dari awal, dan begitu terus. jadi malas main","1 orang merasa ulasan ini berguna",""
"https://play-lh.googleusercontent.com/a/ACg8ocLsgfxG1-yKGFQhQF7RYZsh7ZZZrZLGDQy4D4IpEXtqoMoOWQ=s32-rw-mo","Kontol Udin","25 Desember 2025","banyak dark sistem jir klah mulu tidak cocok untuk dimainkan yg lagi setres dan tolong untuk pemain yg sangat merugikan di pertandingan harus diberi hukuman yg setimpal tapi dari sisi lain gem ini ok bagus dan semoga terus berkembang terimakasih tolong buat dark sistem di kasih pelanggaran yg berat dan untuk yg player solo renk jangan dikasih yg yg pada ngetrol monton kasih saya team jago etdah gem penyebab setres ah tolong kasih team yg jago monton ayolah muntun kasih menang ngapa ini gemtolol","3 orang merasa ulasan ini berguna","Tampilkan histori ulasan"
"https://play-lh.googleusercontent.com/a-/ALV-UjUouzN7HqFgrFcF3fNMOSgAvyQiKWdmGwPDMnLYY2c-g5n-SIL4=s32-rw","Yasin Noer","29 Desember 2025","game drak system habisin duit. gak jelas 20x solo dapet team drak system.. menang susah solo, server aneh game ini. gk cocok buat yg seneng solo yg suka solo minggir aja dri game ini.. system gk jelas bnyak AI system aneh game gk jelass","21 orang merasa ulasan ini berguna","Tampilkan histori ulasan"
"https://play-lh.googleusercontent.com/a-/ALV-UjUHRivkbhgu_8_LYPMDILtlCwn-ogqDJ7MHhONc2-foIYsK_sr9=s32-rw","Sean Santoso","23 Desember 2025","Banyak sekali dark syatem, main rank, classic bahkan brawl sekalipun ketemu tim ngetroll dan musuh yang jago. Saya sudah mencoba bermain brawl 5 match dan 5 match tersebut kalah.","1 orang merasa ulasan ini berguna",""
"https://play-lh.googleusercontent.com/a-/ALV-UjUWXhOajHwTjwgY8Fq74u0WSBHzv9t5ExWyskcw9Uajjf6lZRU=s32-rw","Raisya Ayuandira","24 Desember 2025","Hai moonton ini game keren banget namun yang kasih bintang 1 tolong di megertikanyaaa, soalnya jaringan kalian aja yang burik, aku juga pernah kayak gitu malahan aku dapat darksistem.Dari situ aku pelajari jadi mohon di megertikanyaaa sekian terima kasih","","Tampilkan histori ulasan"
"https://play-lh.googleusercontent.com/a/ACg8ocImuBku7cYqxCF6YRUwLW6-cK_8z3XlvLNLFC26ak4yOYFNVg=s32-rw-mo","Mba E","26 Desember 2025","bug nya di kurangin monton, masa draft pick cl mau ganti set emblem aja ngelag, ping ijo tapi ngelag, buat buka apk lain lancarr, kirain hp saya yang kentang, ehh ternyata ganti hp pun tetep aja ngelagg ahh sudahlah","3 orang merasa ulasan ini berguna","Tampilkan histori ulasan"
"https://play-lh.googleusercontent.com/a-/ALV-UjV9ns46EL_y1kdPSR1qpa1pjpAN0ah7DNjA2R2uRNfOoffXi3fr=s32-rw","Edwin Juliyan","21 Desember 2025","monton. ini udah 50 match, dikasih team boot semua. tolong kejelasannya. setiap di cek. player yang lama udah gak main satu team sama saya. tolong permudah kita yang solo player. kalo kayak gini. banyak yang bakal pensi main ini game","4 orang merasa ulasan ini berguna",""
"https://play-lh.googleusercontent.com/a/ACg8ocJKP0K39yNGmtzP-cnvHyOPNfYLz_ZZ8BCaTylJnw5VwpFN6w=s32-rw-mo","Farida Oda","23 Desember 2025","gamenya bagus saya suka tapi akhir-akhir ini lainnya kurang bagus kadang suka Heng juga pas lagi main tiba tiba balik ke loby tolong di perbaiki dikit lagi ya. tapi aku tetep suka gamenya.","",""
"https://play-lh.googleusercontent.com/a/ACg8ocIDOvj39iZqk5MU4K9luI5zLf4jBy-9MUKXDT7kavLSGM1n6w=s32-rw-mo","krisa panggalih","19 Desember 2025","layanan pelanggan tidak berfungis dengan baik, sering berputar putar lama, ingin melaporkan tim yang suka feed dan afk sekarang sulit masuk ke layanan pelanngan. buruk sekali.","7 orang merasa ulasan ini berguna",""
"https://play-lh.googleusercontent.com/a-/ALV-UjXORYITfPpxE9VmmfccxnyCtMRo20MGUxQS5AkJANUYBEeulpg=s32-rw","Andi Widiyanto","23 Desember 2025","wkwkwk lucu banget nih game,masa game sebesar ini tapi gak becus sama sekali bikin Matchmaking yang seimbang 🤣 harusnya sih ni game ratingnya di bawah 3 itu dah paling bagus,kalau rating 3,9 gak pantes sama sekali buat nih game karena game sebesar ini tapi gak becus sama sekali bikin Matchmaking yang seimbang 🤣","4 orang merasa ulasan ini berguna",""
"https://play-lh.googleusercontent.com/a/ACg8ocIQxYmNhdtZmsh67e9O8qkkk7x8xgw8IhFNu6n0Lns83D_MuA=s32-rw-mo","Sadam Fahlevi","19 Desember 2025","gamnya pasakal sah bagus tapi tolong kasih fitur buat kasih alasan kenapa kita bisa afk karna yg dibilang afk itu bukan hanya yg keluar langsung dari game tetapi karna internet yg lagi ngeleg juga dapt pelanggaran","7 orang merasa ulasan ini berguna",""
"https://play-lh.googleusercontent.com/a/ACg8ocLyfmEjGRzc8nQ-DtPFHdaM-sv0QMKbkYVDJFj5dBJeqsECHw=s32-rw-mo","Kenziyafiq","18 Desember 2025","game ini sangat seru dan menarik saya suka main game ini tapi ada sedikit nyebelin karna ketemu dark sistem dan bisa Mabar sama temen juga.dan menarik nya adalah saat temen bawa jonshon aku ikut naik mobilnya dan aku nabrak orang langsung mati. dan parmain nannya seru banget kalian harus nyobain.","5 orang merasa ulasan ini berguna",""
"https://play-lh.googleusercontent.com/a/ACg8ocLuCS2qycSmWIh1klj6B_YzvH-S2MSBnuv_oRPrJ2LlD_3O6g=s32-rw-mo","Muhammad Umar","20 Desember 2025","game nya seru kok!! tapi tolong benerin dikit hehe, pokoknya game moba yang terbaik!! aku suka game ini karena seru trus ya kadang gampang kadang susah, pokoknya game ini my favorit!!","1 orang merasa ulasan ini berguna","Tampilkan histori ulasan"
"https://play-lh.googleusercontent.com/a/ACg8ocKItZx9m8mH-wIYlZcTS2YA_kL1TUl43HEZ9pocXqrWk9JkRg=s32-rw-mo","Fahru","25 Desember 2025","game yg sangat ramah,sopan,gak ada kata"" kasar. satu bintang lagi mau honor eh malah turun balik di LEGEND WAUUU game ini terbukti menghilangkan stres saya ,terima kasih monton sudah membuat game seramah ini ,INI SEMAKIN MENYENANGKAN!!","","Tampilkan histori ulasan"
"https://play-lh.googleusercontent.com/a-/ALV-UjX5MPb4Dr7XV9MdlnWO4A4y-milGLM_6g28rFQQES6stwFwAls=s32-rw","Hendra Ting","19 Desember 2025","Kenapa hero lawan bisa jadi sekuat batu!? dan mempunyai damage yg sangat besar! sedangkan team aku malah jadi lemah semua! apa sih mau nya game ini monton!? semakin update semakin ngak jelas game ML!!!!Ternyata game pubg dan game ff lebih nyaman di mainin.. tapi game ml rusak!!!! ngk jelas!!!! tidak adil lagi! pantesan ajah banyak yg delete game ml yg tidak masuk akal ini!!!!!! baca monton pesan ini!!!! biar kalian tau yg adil dan tidak adil!!!!","7 orang merasa ulasan ini berguna",""
"https://play-lh.googleusercontent.com/a-/ALV-UjVgOjTrVCdjAp5wXKT7u_5NuMD_MxptC6eZePArwjFTo6VSZeQ=s32-rw","neysa putri","24 Desember 2025","Tolong perbaiki masalah dalam mengatur team, saya sering mendapatkan tim yang tidak dapat di andalkan, yang bisa di sebut ""Dark sistem""","",""
"https://play-lh.googleusercontent.com/a-/ALV-UjUeUEWxPdQBBNxEnQybw4WWWpI9ZkjC8cEAtCvZbKKor-ajHppO=s32-rw","Roby Hansa","18 Desember 2025","sengaja bintang 5 biar cepet kebaca, hallo monton ini setelah update kenapa saya user android stuck di panel login sangat lama padahal jaringan bagus dan saat sudah di lobby pun semua sangat ngelag seperti nya ada kesalah, tolong di perbaiki secepatnya🙏🙏🙏","40 orang merasa ulasan ini berguna",""
"https://play-lh.googleusercontent.com/a-/ALV-UjVkbUGhLdE_23HA_928q30gYpLsh2T3WN4NkAW9fgL9r_N29YLO=s32-rw","Agist Husni M","18 Desember 2025","update skrang mlah bikin lag parah ya bukanya main, ini malah kaya nnton kartun yang gerak sendiri trus patah². tolong dong moonton segera di perbaiki lag nya soalnya ini lag bukan cuma satu orang tapi hampir semua orang yang saya tanya di dalam match semuanya mengeluhkan lag parah sampe gk bisa main cuma di liatin doang gamenya","","Tampilkan histori ulasan"
"https://play-lh.googleusercontent.com/a/ACg8ocLYMhijN7GVqu-pdnHAJbe4OPswiGOzvydcc1g3aU8wdMTI4A=s32-rw-mo","Sri Kurniawan","26 Desember 2025","Game sampah.Inilah wujud game moba settingan,pembodohan.Enak main HOK,kaga ada settingan settingan.HOK kalah menang murni dari gameplay.Game semakin parah,isinya player bocil meresahkan.Uninstall pindah HOK,jauh lebih enak mainnya","4 orang merasa ulasan ini berguna",""
"https://play-lh.googleusercontent.com/a/ACg8ocIv1BpYZ-KWXRYr-Jce1mINr6gl-z7vQla5ow0boqa9VRQUGg=s32-rw-mo","Eka Budi apriantomo","24 Desember 2025","guys tolong jangan download game ini kalian bisa kecanduan/bisa stres ,dunia luar lebih indah guys kalian bisa main keliling kota sama temen"" kalian tanpa mengenal game ini ,jujur gw pernah kecanduan dan ini bahaya lebih bahaya dibanding kecanduan nark*ba jdi stop main game ini dan memulai lah kehidupan diluarsana","","Tampilkan histori ulasan"
"https://play-lh.googleusercontent.com/a/ACg8ocKG3nKZtpNUmLApNloubBZemDpgVFaXUeMxjHqYb2T9rp-b1Q=s32-rw-mo","Aman Amann","21 Desember 2025","game gak jelas macmaking masih gak betul niat bikin gama kah lu kasih tim yg asli epik, kalau musuh yg sudah IMO,glory aneh betul ni game rusak, emang cocok ni gem dapat bintang 1 mecmaking nya masih rusah gak betul kali,kasih tim atau musuh tu yg setara lah anj","15 orang merasa ulasan ini berguna","Tampilkan histori ulasan"
"https://play-lh.googleusercontent.com/a/ACg8ocKToCqtUkCn9VQQLzSvmrYn2EFdfBp_XONjyG2MdFJvvFSxAg=s32-rw-mo","AaWwW","21 Desember 2025","Beberapa kali koneksi terputus dan tak bisa login kedalam game yang sedang berlangsung... Tolong di periksa atau di perbaiki","","Tampilkan histori ulasan"
"https://play-lh.googleusercontent.com/a/ACg8ocJGoGwJzz-9JT_dKRRkUI62zDjCoPf967jJtO45kCdZ9WyjoQ=s32-rw-mo","Ugi Anugraha","20 Desember 2025","selaku developer ini akun saya salah apa saya pus Reng dari pagi sampe jam 1:53 ga naik malah turun terus dapat tim ga pernah bener, ni akun saya kenapa ya top up udah sering ngerugiin game ga pernah ini ko saya dapat tim kaya bintang Mulu boleh perbaiki lagi game nya saya sudah pusing ini hampir stres tolong selaku developer beri ke Adilan di akun saya, saya merasa di rugiin ini, ini bukan masalah skill Isu saya sering ko dapat mvp kalah karna tim saya seperti binatang,sy mohon berikeadilany🙏","5 orang merasa ulasan ini berguna","Tampilkan histori ulasan"
"https://play-lh.googleusercontent.com/a/ACg8ocKM5XRQVb41pBLIQVedD3l3kwQlzGfOZ3qxjm-S0oVPkCIudzI=s32-rw-mo","Hilma Aulia","21 Desember 2025","game nya mudah, mudahan mudahan ga stress, darah tinggi. nih game penambah dosa, player nya ramah²(saking ramah nya pgn tak tonjok) kadang juga suka lag padahal wifi lancar","",""
"https://play-lh.googleusercontent.com/a-/ALV-UjUBNQf1q9wQ7hYrD1aJLbd-CtWOJJtCv7xO4CbYyV4ZM1fGVRs=s32-rw","Arganta","26 Desember 2025","teruntuk moonton yang terhormat bisakah anda stop bikin skin terus? perbaiki dulu game anda dlu mulai dari jaringan tidak stabil, pertandingan yang tidak seimbang, dan lainnya. dibaca ya moonton jangan dilihat aja ya developer kikir! game sudah rame masa gk mau di benerin bug yg ada? oiya 1 lagi jangan collab sama anime atau film lain kalau bug nya belum diperbaiki","2 orang merasa ulasan ini berguna","Tampilkan histori ulasan"
"https://play-lh.googleusercontent.com/a/ACg8ocK_UAwzWAYWmjursBZh3oKrFnAmUykZKVsGajQsw6cbU1Rb3A=s32-rw-mo","muhammad sahipi","24 Desember 2025","apalah monton kebanyakan update event lo,coba dong perbaiki server server baru biar gak leg jaringanny padahal bagus tapi malah leg lagi jalanin event leg langsung ke riset lagi main tiba² leg padahal jaringan ny bagus tolong dong monton","2 orang merasa ulasan ini berguna",""
"https://play-lh.googleusercontent.com/a/ACg8ocJ0Y4KFZZxc75KEJi_xUysio1LWBOnLh0KQD8xIstcYYAIyIQ=s32-rw-mo","Azmal Akbar","19 Desember 2025","game apalah lag lag kan padahal gk lag udah tau jaringan gw bagus padahal klo main ke game lain sosmed lancar lah di game ini malah kek gk ada kuota gk gerak gw di bacotin player game ini yang sangat gk ramah pas gw lag apalah klo hal ini udah di peebaiki ku ganti ulasanya sama bintang nya","6 orang merasa ulasan ini berguna",""
"https://play-lh.googleusercontent.com/a-/ALV-UjX3bX9HGaUPNjYdq3RQ-dn20CDIxeZ_hENrKo18VFzn-cGvCujX=s32-rw","DORA 3891","18 Desember 2025","kenapaa inii sinyal nya?????, udah 2game sinyal merah terussss, gabisa gerak apa apaa, gimana ini?????, terus pas ga gerak malah di peringatkan akan terkena sanksii, tolong dong di perbaikii, awalnya mau senang² malah dibuat kesel","7 orang merasa ulasan ini berguna","Tampilkan histori ulasan"
"https://play-lh.googleusercontent.com/a-/ALV-UjUJXilhtUF9Ihrn9H_1aVQIUSR9f1YxjcGPOIrQvCaWey7cdss=s32-rw","Gigih Kayana","24 Desember 2025","monton ku sarankan kalo ada pemain melakukan pelanggaran harus di hukum berat soalnya aku kalah gara gara ada yang afk dan merka itu melakukan troll nah otomatis jadi kalah nah gua ngalamin ini gua los trek 10× semoga monton menjadi lebih bagus","76 orang merasa ulasan ini berguna","Tampilkan histori ulasan"
"https://play-lh.googleusercontent.com/a-/ALV-UjVBbeL7Ibn9JMFqJ1XyVooFU8nL_dfYJ6f446WlXDSgLfi3kOYBTA=s32-rw","Alifia Nabilatulzahra","26 Desember 2025","gamenya baguss banget (bagus buat di hapus). pas main seruuu banget asikk beuhh(bikin stres monkeyy). apa lagi jaringannya 4g (gendeng,gila,gak manuk akal, gajelas). intinya jangan lupa download(kalo kalian pengen stress)🥰.","",""
"https://play-lh.googleusercontent.com/a/ACg8ocI5WD5OVteZ5h4A22oUUwx9eIahxTEKbc_YdWqcCCQFd9htUA=s32-rw-mo","Ilham","23 Desember 2025","game ini sangat bagus bahkan sebelum nya saya itu menang dan di saat rank mau naik saya tiba tiba kalah apakah itu pilih kasih lumayan sih ini saya bisa menjadi hebat dengan cara seperti ini karena saya sudah belajar sebisa mungkin untuk memahami permainan ini","",""
"https://play-lh.googleusercontent.com/a/ACg8ocK71CT4DHY39LhltkUImEtNwGMlQ2iF21gZEqMxbF7BPdYtGg=s32-rw-mo","alwaysyouu","26 Desember 2025","misi min,saya mau protes tentang adanya bug 30% pas di loading screen tolong di fiks min biar mainya tambah seru, tolong dijawab. plisee!!","",""
"https://play-lh.googleusercontent.com/a/ACg8ocIQwnazoLXTMsVrSR1TFpnQy879s9CGY3CsU3zssh6sw6MBlA=s32-rw-mo","Zidan123 Azka","26 Desember 2025","buat skin penampilan udah bgus, perbaikin sistem kebanyakan lag dalam game, dapat tim ga sesuai gw main solo ketemu tim ga setara dapat musuh main trio or party, hadeh plis lah moonton","1 orang merasa ulasan ini berguna","Tampilkan histori ulasan"
"https://play-lh.googleusercontent.com/a-/ALV-UjWlWcKsIAcvHT1fJNz_V81VpRyrGIYJUwJXRJkRVQ60d8ahCzp_=s32-rw","Pantai Pangkalan","23 Desember 2025","tolong game nya di perbaiki lagi sering ngebag ngebag padahal jaringan nya penuh dan performa hp ku tinggi ada masalah apa lagi ini, tapi aku kasih bintang 5 tolong perbaiki ya montoon yang baik hati","","Tampilkan histori ulasan"
"https://play-lh.googleusercontent.com/a/ACg8ocKPV87Vj18h514iS3c0MjDDsrVHdwwIiYx6t2MonGY8OFbYOQ=s32-rw-mo","Fadil Putra","18 Desember 2025","rusak ping 2.000 pas lobby sinyal ijo pas in game behhhhh ping naik ke 2.000 tim musuh masih ada yang lancar 1 orang sisa nya ngeleg tentunya tim kita kalah, bintang tetap turun adil kah???????? 😑 GAME BROKEN","8 orang merasa ulasan ini berguna","Tampilkan histori ulasan"
"https://play-lh.googleusercontent.com/a/ACg8ocIXXTa1G59LHnVCu2oLT-z9lI3ezGvJl2b92ugnBTG_chgYFQ=s32-rw-mo","Erross Holand","22 Desember 2025","tidak konsisten,,tim ngetrol . koneksi internet juga tidak stabil rank hanya bsa naik turun saya yang mempertahan bintang juga udah malas.hancur cuman bisa habiskan data","","Tampilkan histori ulasan"
"https://play-lh.googleusercontent.com/a-/ALV-UjXmltKMYQAN7gesfJP8s7dxCo6CY1hMH0XnKqFqACTWxZliOy4d=s32-rw","leopardkitsune","23 Desember 2025","game ga bagus suka banget ngasih tim dark sistem udah cape cape main lose streak 7 kali hadehh moonton moonton jaringan w bagus memo gua juga ga penuh tetep aja merah menyala jaringannya mantap moonton kedepan nya klo bisa makin rusak ya buat ni game. wifi + data tetep aja ngelag mantap ini game pp","2 orang merasa ulasan ini berguna","Tampilkan histori ulasan"
"https://play-lh.googleusercontent.com/a/ACg8ocKfInE44viulJH7WCYqevzjDnUh-R10JZFlWeL0koiwjHcIEQ=s32-rw-mo","Fadli Mufri","22 Desember 2025","tolong segera perbaiki masalh stuck loading match, sering kali stuck di 25%/30%, itu ganggu banget wok, mana kadang telat masuk pertandingan sampe 1½ menit ☹️","3 orang merasa ulasan ini berguna",""
"https://play-lh.googleusercontent.com/a/ACg8ocKdAn_48-aYCB1cY8NoAWKI-VhQTvYWY7pPR9VAS0M3kUYIDw=s32-rw-mo","reno tirto","23 Desember 2025","season sekarang season paling ampas gak jelas gw udh berhari hari stuck di lengend V gimana gw mau glory di lengend udh mau gila tim gak ngerti maennya terus asal pick sedangkan musuh ngerti pick ini game ga ada perubahan minimal mah kalo yang penghuni lengendnya tuh di bedain jangan ketemu sama orang yang bukan penghuni lengend game oon","1 orang merasa ulasan ini berguna","Tampilkan histori ulasan"
"https://play-lh.googleusercontent.com/a/ACg8ocJQXQ4FZr1yhKqwtLIL-UACSGUUuQMravEr-rRG_7S8J2BZbw=s32-rw-mo","Achmad Alvin","18 Desember 2025","gamenya bagus, tapi game sinyalnya harus kuat. dan aku sering mengalami bug tak terduga, aku agak kesal karena banyak bug.","",""
"https://play-lh.googleusercontent.com/a/ACg8ocI3IzuX7NNM48S_3jEch-7Aa54_-ZtNN2KT3Em-NEOeLlFDjw=s32-rw-mo","Muhamat Ilham","26 Desember 2025","Mobel legend sekarang harusnya kalo ada yang afk habis itu dia main alias login ulang seharusnya jangan lah turunin kredit sekor soalnya hp aku kentang jadi sering kalo mau masuk ke betel sering telat dan sering mendapatkan afk tapi saya main kok mohon ya monton jangan turunin kredit sekor orang yang masih main lagi setelah afk yang di turunin itu harusnya orang yang afk sampai akhir game","4 orang merasa ulasan ini berguna","Tampilkan histori ulasan"
"https://play-lh.googleusercontent.com/a-/ALV-UjUSEW2JJnbV8cVToazrDwTFKfcQc3FlBnFwdShF11Y8cdmzzQ=s32-rw","Zidane Darmawan","23 Desember 2025","Game ini terlalu sulit untuk bagi pemula sampai² banyak anak² seperti saya membanting hp karena memainkan game ini,game nya juga berat dan tidak cocok untuk hp kentang jadi saya ubah bintang dari 5 ke 1","1 orang merasa ulasan ini berguna",""
"https://play-lh.googleusercontent.com/a/ACg8ocLmNq2GLh_ADrtXrRnnEsR2HiCcTt6uiKMSBaXY6zULUmcxwg=s32-rw-mo","Fiks A.W","25 Desember 2025","ngasih tim yang ga jelas mulu ajg males main kalo gini terus mah dari season kemarin sampe sekarang maen cuma bikin darah tinggi doang padahal jarang login login juga kalo lagi bosen tapi maen cuma setor emosi doang","",""
"https://play-lh.googleusercontent.com/a-/ALV-UjUhveplxSomvA-BgWEa64BYzldJiRmK_-E5nuh1I5lZWtNpFDGX=s32-rw","Firza Hadi","26 Desember 2025","gamenya bagus tapi udah gk bisa gw mainin karna masuk match ngelag parah kek lama di loading, mungkin hp keluaran 5 tahun lalu udah terbilang low spec padahal baru aja beli skin patrick","3 orang merasa ulasan ini berguna","Tampilkan histori ulasan"
"https://play-lh.googleusercontent.com/a/ACg8ocIsYAfurQ3QqYAO8_VwJjqziA3sop1QsIWBACvubjTV0apqNQ=s32-rw-mo","Joy Synytergates","24 Desember 2025","sistem matching ya ga jelas masa gw ketemu partyan mulu, buat pemain solo kaya gw susah naik bintang ya party lima ketemu pemain solo terus team solo pada dark system semua lagi tolong lah montoon diperbaiki lagi....","2 orang merasa ulasan ini berguna",""
"https://play-lh.googleusercontent.com/a/ACg8ocJDg2Pjmblb7So_3cEWQ356Gg60mPg1QG8q-EhASCAS33bD7w=s32-rw-mo","Muhammad Naradipa","18 Desember 2025","game rusakkkkkkkkk setiap reset season selalu ngelag banget gabisa gerak udah gitu kalo kalah bintang turun padahal itu kalah hasil lag, BALIKIN BINTANG GE MONTOON kalo bisa ge kasi rating 0 udh gw kasih rating 0, mending lu upgrade enggine moonton enggine lu udh terlalu jadul game lu udah banyak bug, lag, segala macem, kalo lu masih gak mengurus masalah lag ama bug gw tetep kasih rating 1 kalo bisa 0","8 orang merasa ulasan ini berguna",""
"https://play-lh.googleusercontent.com/a-/ALV-UjXmn4i3QSJoaH67BI8SFiJ-hPhDfIqiIGOqRieM4wh-6_-qxNU=s32-rw","Ridho Whd","21 Desember 2025","-season sinyal buruk sekali selalu merah wifi+data pun sama pdahal sebelumnya tidak pernah. -team yg tidak imbang . pas mau naik tier pasti diberi team new player/akun baru belajar ML","4 orang merasa ulasan ini berguna",""
"https://play-lh.googleusercontent.com/a/ACg8ocIHulci1UN4PWK0zSWTTEkUqZ6yStNnyPFyY6_207lOcnU0SA=s32-rw-mo","8 Azriliansyah","23 Desember 2025","saya minta tolong yang sangat kepada pihak monton mengapa saya selalu dapat tim yang rata ² skill nya gak sama kaya musuh , dan mengapa tiba- tiba saya mau kontes lord ngeleg padahal jaringan saya bagus , Tolong diperbaiki 👍👍","3 orang merasa ulasan ini berguna","Tampilkan histori ulasan"
"https://play-lh.googleusercontent.com/a-/ALV-UjX1-zp9ga40LdHkf3P0MdfYBzqRRfTi3E-JCRjhDYu22z1NLfzY=s32-rw","Fatra Trio sadewo","19 Desember 2025","Saya ijin pamit ke game sebelah, kabar2 magic weel udah tidak bisa make coa? game ini selain egois malah menjadi kikir lebih baik pensi pindah game sebelah udh matching sesuai, skin byk gratis tidak aneh2, semoga rantingnya semakin turun dll, udh kecewa sama pemikiran mooton tidak melihat player nya malah fokus ke egois sekian sy pamit","6 orang merasa ulasan ini berguna",""
"https://play-lh.googleusercontent.com/a-/ALV-UjXvyr_RxkkTxiyhag_06e31Mum1-Kz41IrUZPMFCEYGgDNSl6MS=s32-rw","Fajar Apriliansyah","22 Desember 2025","monton plis la lag banget ketika loading menuju in game,masa masuk detik 30.kalau begini terus ya ga nyaman main.tolong diberin gapapa lah pas akhir draft yang penting pas loading kenceng ke 100nya ga stuck di 30% trus muncul tulisan ""network connection lost. Trying to reconnect... (1/5)","19 orang merasa ulasan ini berguna","Tampilkan histori ulasan"
"https://play-lh.googleusercontent.com/a-/ALV-UjVuggL-sXzOdDxzYILEH5W-_NsrvXOqoz8glkBDOofE9Xc-CNgw=s32-rw","Edward Jayaputto Halim","21 Desember 2025","permisi,tolong kalau kasih team yang seimbang dengan team saya ,saya losetreak 5 kali,menang hanya 1 kali,tolong jika memberikan team, yang sesuai dengan skill .Jangan hanya rank saja yang sama","4 orang merasa ulasan ini berguna","Tampilkan histori ulasan"
"https://play-lh.googleusercontent.com/a-/ALV-UjVRJNOqtcbrl8ufzz3d1Bx2D7C9NmqBw9H95zQzplbB1DX2BHY=s32-rw","MARPEL Saputra","24 Desember 2025","game ancur bisa bisa nya gw main solo dapat tim yang rank rendah sedangkan tim lawan ketemu yang rank tinggi tolong perbaiki sistem nya agar tidak mempersulit player solo","","Tampilkan histori ulasan"
"https://play-lh.googleusercontent.com/a-/ALV-UjU-wD55sAXNEJQVGX8CRzggIa30PR15p_l0X6lHZENadkdtmVXR=s32-rw","Jastin Izza Alpani","24 Desember 2025","saya main lunox masa ultimate skill nya gabisa dipake sudah coba relog dll masih tidak bisa dipakai, mana lagi main rank lagi masa kalah gara gara bug","1 orang merasa ulasan ini berguna",""
"https://play-lh.googleusercontent.com/a-/ALV-UjU0dVW9rfgKX_lSHZCS9ZOOdG3I4k1M5OQxUhU5i2SVSGkzXxI=s32-rw","Zul Zulkifli","24 Desember 2025","saya protes di pertarungan menguna kan hero wanwan kenapa mesti ada syarat nya di saat menguna kan skill 3 yg menjadi kan pertarungan tidak seimbang...ini sangat mengecewa kan.tolong di rubah peraturan itu dan di perbaiki seperti hero2 lain nya","",""
"https://play-lh.googleusercontent.com/a/ACg8ocLBiaYMshdzttnn9eDGAlWnKIhTwXA199Et_tc7OF_N_VJxkQ=s32-rw-mo","Bangkit abc","25 Desember 2025","monton kondangan gw push sampe jam 8 malem sampe jam 2pagi malah ls dari legend 3 sampe epick 1 kalo ngasih musuh yg bnr lah gw pemain solo tapi di kasih tim gk adil kalo mau menang mesti lag kayak gw di sengajain kalh alah kontolong di perbaiki seistem metc meking nya","",""
"https://play-lh.googleusercontent.com/a/ACg8ocIuzLxHOP0-beNc6tObdxsmkyZuFvKpz6NmDrR877kEqgns=s32-rw-mo","Sei","28 Desember 2025","game suka ngasih kalah mendingan aku main game yang lain suka ngasih menang","4 orang merasa ulasan ini berguna","Tampilkan histori ulasan"
"https://play-lh.googleusercontent.com/a-/ALV-UjU5j25gT_zG7j4QHEIlYGbuNeHuw9Q8MzLn2Lru5tU-gNnbt0hQ=s32-rw","Gibran Agustian","18 Desember 2025","wahhh game ini sangat amat membuat hari ku yang berat jadi semakin berat, dengan matchmaking yg tidak sesuai dan di pertemukan oleh teman satu tim yang sangat amat bo*oh dalam bermain, saya sangat lelah bermain game ini, namun game ini memiliki efek samping yang membuat player nya seperti menjadi pecandu narkotika. saya sangat amat memohon untuk diperbaiki matchmaking nya agar dipertemukan oleh teman satu tim dengan rank yang sesuai ntah itu bermain solo, duo, trio ataupun bermain squad.","23 orang merasa ulasan ini berguna","Tampilkan histori ulasan"
"https://play-lh.googleusercontent.com/a-/ALV-UjV98Yopv_sJsDZ_nmtbUIIBu3kxkKdW2Cu5eNLKB9Gj-ExDSfs=s32-rw","Muhammad Noer","24 Desember 2025","game sungguh CACAT dari segi apapun ..Nyesel banget Gue top Up bnyak di GAME INI..TIDAK ADA KEADILAN DALAM PETARUNGAN SAAT RANKED MAUPUN CLASIC..SERING LAG PARAH..LOSE TERUS MENERUS..DENGARKAN YANG UDAH INSTAL GAME INI.TOLONG DI BENAHI DAN DI PAHAMI ..BANYAK YANG KECEWA BERAT DENGAN MONTON..bobrok sinyak bgs lag mulu dpt rekan tim komputer terus menerus","2 orang merasa ulasan ini berguna","Tampilkan histori ulasan"
"https://play-lh.googleusercontent.com/a-/ALV-UjUN_jGe0765z7rGdhqg8TkNf4oMATx_A-Tgj1OMXr5GUDiTduo=s32-rw","Bayuraditya Pratama","23 Desember 2025","ini game bagus sebenarnya, cuman ya kalau ngasih musuh sama tim yang seimbang dong jangan musuh jago tim gabisa maen, KHUSUS ORANG YANG SABAR UNTUK BERMAIN GAME INI, hp saya juga rusak karna game ini mana ada adill montoon inii tim pasti jelek musuh nya baguss, adill dari manaa montoon gamee gajelass mendingg hapuss ajaa, game gajelasss kasih tim yang baguss lahh MONTOONN tujuan main game tuh biar kita ga stress, main ini bukanya ngilangin malah nambah stress sinyal udah bagus padahal ping merah","2 orang merasa ulasan ini berguna","Tampilkan histori ulasan"
"https://play-lh.googleusercontent.com/a-/ALV-UjWFLK5Y1JgDZjy9euLl21y-dgSP4cy2AAZoPb7Az1QUtqsbKAal=s32-rw","Salmonz","25 Desember 2025","setelah update sering error dh gitu buka tab event balik lagi ke lobby, muncul logo loading padahal jaringan bagus. tolong dong perbaiki secepatnya☕🗿","6 orang merasa ulasan ini berguna",""
"https://play-lh.googleusercontent.com/a-/ALV-UjVGH4_tPefnZt-1l1WUNO_ECES7VD6wwy5N4kPCMw1VL5VD9bD4=s32-rw","Fadel Riezqa","24 Desember 2025","saya sangat benci game ini karena match making tidak seimbang dan saya selalu mendapatkan tim di bawah rata-rata rank tim musuh, saya sudah sering complain dan report tapi tidak pernah di tanggapi","1 orang merasa ulasan ini berguna","Tampilkan histori ulasan"
"https://play-lh.googleusercontent.com/a/ACg8ocKLmMqyBsUnsbyP12YJ0pAtQ_uf5x8yZPGMo7Y5TUBZb5ESlluW=s32-rw-mo","Nadhira Matalkah","25 Desember 2025","masih mending bintang 3 ku kasih serius semakin update jaringan semakin ga bagus padahal wifi ku pakenya yang 5G tapi sama aja jaringannya ga bagus apaan dah masa mau gua bandingin sama game sebelah kan ga enak saran aja jaringannya di perbaikin","",""
"https://play-lh.googleusercontent.com/a-/ALV-UjVAeqFcOdpmqw1yJqashpRFOYbgucAIUWuOpnFC4DZbDsURdL0=s32-rw","Hanz Nevertheless","18 Desember 2025","saya kasih rating 1 dulu karena lag, padahal sinyal bagus, tapi selalu lag pas in game, tolong perbaiki dong moonton -salam Player solo 🙏","6 orang merasa ulasan ini berguna",""
"https://play-lh.googleusercontent.com/a-/ALV-UjVZEhH3V1tnkMLgN9Ick3fGrdSo5bWpzREPwyxSxxfWb2-HMNid=s32-rw","ABDUL HUFRON","22 Desember 2025","tolong nih montonn sinyal bagus full lagi + wifi , lu kalo mau delay apa ngelag pas Jagan war lah montonnn!!!, giliran lawang yang gampang ng ngelag giliran lawan sulit ngelag tolong lah di perbaiki jaringan nyaa","3 orang merasa ulasan ini berguna",""
"https://play-lh.googleusercontent.com/a-/ALV-UjUJKy3WeXKohA3TDb5s_jQWVstRY8qcHQiuitoXzdOMApg7Jz8=s32-rw","Ali Ibrahim","26 Desember 2025","jaringannya benerin Napa gw maen HOK atau PUBG aja ga separah ini lagnya, yang lain aja masalahin jaringan juga, di tambah tim yang ga seimbang, giliran di report ga kena. kalo kek gini terus makin sepi ga bakal heran lagi gw, tutup aja ga heran lagi deh...","4 orang merasa ulasan ini berguna","Tampilkan histori ulasan"
"https://play-lh.googleusercontent.com/a-/ALV-UjU1Em9iHtMfhCmxoGsyClAqSnyHWZbQ8jFuyKR0MSsC_p6K9OI=s32-rw","Bayu Pangamianu","25 Desember 2025","Dari awal season ini bertemu satu team yg tier bawah terus, drack system banyak sekali, makin season makin parah ini game, memang harus pindah game aja, parahhhhhh sistem yg ngatur nya","",""
"https://play-lh.googleusercontent.com/a/ACg8ocLVb6c6DdyHTXM8RH1H4zgKX6_kFoURrutg-CAQhc_T26B7Xg=s32-rw-mo","Wisnu Cahya","21 Desember 2025","Alasan saya memberikan bintang 1 karena pihak montoon selalu memberikan tim dan lawan yang tidak seimbang yang mengakibatkan buruknya pengalaman bermain. Saya harap kedepannya bisa lebih diperhatikan saat pembagian tim dan lawan","3 orang merasa ulasan ini berguna",""
"https://play-lh.googleusercontent.com/a/ACg8ocImc7Fpb2rB6OEVihhsjQcQXv7iBB5cA5ruzkRQMTRuRNHp4Q=s32-rw-mo","Rasya Dwi","20 Desember 2025","Bagus si tapi pls lah jangan di kasih darksistem mulu capek,katanya game nya adil tapi kok gk adil contoh nya kyk pas musuh pake hero kayak yss jago tapi pas di tim mlh gk bisa main hadehh","","Tampilkan histori ulasan"
"https://play-lh.googleusercontent.com/a-/ALV-UjUfNztoHoK2hBpgLBXYPBXaWg-yoomR0aRwtR2cvRdyijgkhAI=s32-rw","vandi paulus bawole","23 Desember 2025","game tidak jelas di season sekarang.terlalu banyak chiter yang lolos.kadang main awal ,push turret sampai selesai giliran tinggal 1 Hero musuh yang tersisa pas mau kill jaringan eror atau ngelag","","Tampilkan histori ulasan"
"https://play-lh.googleusercontent.com/a-/ALV-UjUkp6zN51MofuNtoBjnPnCqE5IxsTiTyI0KsFiVAw8lvOVr7UNc=s32-rw","Rivaldo 7A","24 Desember 2025","kalo kalian tidak mau dibuat stres, bikin emosi, bikin ngomong jorok jangan download game ini, moonton ni kikir banget sama ga ada otak masa pas gw main rank abis reset season malah ditemuin sama gm mana tim lagi musuhnya ex imo/glory semua moonton ni aneh bener, saran gw jangan di download sebelum dewasa klo masih kecil nanti banyak dosa, gw kasih bintang 5 supaya ulasan ini tidak tenggelam","","Tampilkan histori ulasan"
"https://play-lh.googleusercontent.com/a/ACg8ocIuSNZKh-vf8NONOCKp4cEMxU7iVUKGysj2geAwQ9UOgO7SgQ=s32-rw-mo","Arip Arip","23 Desember 2025","untuk pihak monton ,tolong dong nanti pas waktu bulan ramadhan di adain lagi event bagi² hp,soalnya itu event yang sangat menarik dari seluruh player mobile legends🙏😊","",""
"https://play-lh.googleusercontent.com/a/ACg8ocI9Im9_r3Ks4iHTQIi66P-ZfkwCIc8vCL2zeWA387sYURQhjQ=s32-rw-mo","Adam Manni","22 Desember 2025","jaringan lancar pas main eror susah gerak sebelum season baik2 aja knpa pas penurunan season Mala ngelek parah padahal jaringan main game lain baik2 aja,.Tolonglah MOONTON perbaiki server elu,.klau macam ini yang ada mobile legend kaya game rusakk.","3 orang merasa ulasan ini berguna","Tampilkan histori ulasan"
"https://play-lh.googleusercontent.com/a/ACg8ocIxN9kSYoWOf3OsWvXJu14oe0OBBZM60PhZ_d0k1qgaRVwLGZI=s32-rw-mo","Septia_esemje Collection","18 Desember 2025","jgn update trs, perbaiki dulu sistem nya. Mulai dari sinyal, di hp saya yg saya pke buat tiktok bagus.. kenapa di mobile legend jelek? semenjak reset season, hari ini jadi kacau.","8 orang merasa ulasan ini berguna",""
"https://play-lh.googleusercontent.com/a/ACg8ocIl_qGE4lNlJOZ4Dry3UJkrMqGMxTdWgh9zMRWDJGtJ49hC0g=s32-rw-mo","ALIF SIAHANTURI","21 Desember 2025","game rusak,game tolol,padahal sinyal saya ijo di hp saya tidak leg,di sinyal moonton ml malah merah Mulu,ijo nya sebentar doang cuma hanya 1 detik sinyal ijo ml,yg sinyal merah lama bgt leg nya+ dpt tim tolol,bego bego,lostreak terus, tolong diperbaiki Lagi sinyal ml & grafik nya... kalo ga perbaiki, mending hapus aja aplikasi moonton, game perusak ...","4 orang merasa ulasan ini berguna","Tampilkan histori ulasan"
"https://play-lh.googleusercontent.com/a-/ALV-UjXjS-eYoFSHdW5cTGyU-hmW7peEOrvqL7LA7GkvFEP8T55e_i8=s32-rw","Mohammad Abidin","23 Desember 2025","dapet tim gak bisa main mulu lebih tepat bot kadang ketemu rank yg lebih tinggi dan kadang gem patah² padah sinyal bagus 10 sampek 15 ms.... gem apa ini cok bikin pusing..","1 orang merasa ulasan ini berguna","Tampilkan histori ulasan"
"https://play-lh.googleusercontent.com/a-/ALV-UjUJXTCSW7LoFrISLUETfaHlx1gmquKXJpXBJ8w1J_OyWj0NPbZp=s32-rw","Hadi ahmad","20 Desember 2025","Halo tim developer, Saya mengalami bug di mana karakter sering berjalan sendiri dan ping naik turun tidak jelas, padahal sinyal dalam kondisi aman. Mohon bantuannya untuk diperiksa dan diperbaiki. Terima kasih.","3 orang merasa ulasan ini berguna",""
"https://play-lh.googleusercontent.com/a/ACg8ocL3tdmPXW39YxEBl5PLYOY12HxIpxQlQgIg8RSgSfZQ7tIccw=s32-rw-mo","Sigit Purnama","23 Desember 2025","tiap Maen ketemu tim bot semua apa yg salah dengan akun saya. dulu ga ginih semnjak di uninstal trus di dwnload lg ko jdi ginih .. mau di rank mau di clasik isi bot semua yg bnener lah kalau ngatur game. makin ke sinih kecewa. trus sering Leg.","","Tampilkan histori ulasan"
"https://play-lh.googleusercontent.com/a/ACg8ocKWKXfrcgrPz870ZppM_dB9ojklyBrhEGOcUgrB31hosteZ=s32-rw-mo","Andre Alvarez","26 Desember 2025","kalo update itu yg jelas gua udah lama loh maen ml,tapi match maching Masi gjls ketemu yg ga sepadan jgn sampe gua uinstal sekalian ml dri awal musuh terberat itu bukan musuh tapi temen satu tim lu yg bener lah","",""
"https://play-lh.googleusercontent.com/a-/ALV-UjWUgvXFKDGbw6J2Bhey0aGm6hgY1p3vX881gQeKD0vml7GcLCie=s32-rw","Owner R15","24 Desember 2025","game moba paling the beast no kaleng kaleng no 1 enak seru ada banyak skin gratis minus nya dalam kasih tim yang tidak seimbang biasanya musuhnya jago tim kita ga tau cara main","","Tampilkan histori ulasan"
"https://play-lh.googleusercontent.com/a/ACg8ocJX626D1ajIyjahoLSMtls3SVFMRXotZbUoesE3yPalY-T9HA=s32-rw-mo","Agus Ariansyah","23 Desember 2025","Makin kesini game nya makin gak asik di mainin niat nya ngilang setres malah makin stres karna lawan gak seimbang sama teman sendiri lawan jago²teman sendiri kek gakk bisa maen.mana sering nya solo rank pula😭😭😭","1 orang merasa ulasan ini berguna","Tampilkan histori ulasan"
"https://play-lh.googleusercontent.com/a-/ALV-UjXxcC-rCayeHy5Y7fWVnqixidrKIeNCoPEGgXQUdY_k9-URa4I=s32-rw","Nana Apriliya","21 Desember 2025","kualitas makin buruk,pas update selalu ngelag meskipun dilayar kelihatan hijau 30an kebawah,sistem ga adil.Musuh lancar sedangkan pas kita main ngelag parah.","4 orang merasa ulasan ini berguna",""
"https://play-lh.googleusercontent.com/a/ACg8ocKKwo7S517f32T1uoRL6aLec-69gRXSb-wHhsnvj3XNHteVIQ=s32-rw-mo","Ferdy Lolopayung","25 Desember 2025","moonton kok update ini kok lag ya di lobi gua nekan event lag trus padahal nonton sosmed semua lancar kok, tapi tmn ku suruh update tapi tadi mau update bilang lagi jaringan TDK ad gimna sih, gua ad lagi moonton gua kemarin mau test main gua test jaringan dpt di 19ms tapi pas main lansung lag","1 orang merasa ulasan ini berguna",""
"https://play-lh.googleusercontent.com/a/ACg8ocLk0JiG-YCfmdiZUfeiGWC9wGPhDKxou0nw22EypavDVb2FfA=s32-rw-mo","Suci Ramadani","25 Desember 2025","Game yang sangat buruk, banyak kecurangan, main di rank satu tim sama akun baru level 10, saran gak usah main Mobile legend banyak kecuranga","409 orang merasa ulasan ini berguna","Tampilkan histori ulasan"
"https://play-lh.googleusercontent.com/a-/ALV-UjVFqCo8GIp5hJA0d2HtCqkYSZ56sVZtMoiXMbQ9JPfKa4WbLB0=s32-rw","IDG CHANNEL","20 Desember 2025","Dear developer moonton kok ini nge-lag banget iya jaringannya setelah update, mohon diperbaikin secepatnya Dan jangan sampe pada berpindah game ke sebelah sekian terimakasih","5 orang merasa ulasan ini berguna",""
"https://play-lh.googleusercontent.com/a/ACg8ocJyKIW69Sloa2n-WG9xR_Gg3TG9RHuLiM-1cuUJnqN5cQCNtw=s32-rw-mo","Icoh Siti kholisoh","23 Desember 2025","mlbb Seasen sekarang parah banget setiap kali gw main ga pernah ga ngelag padahal jaringan bagus di tambah setiap mat selalu setim dark sistem susah buat naik rank ga kaya seansen kemaren masih nyaman main tolonglah di pisahkan kalo bisa yg udah lama maen sama yg baru maen cape gw ketemu dark sistem","1 orang merasa ulasan ini berguna",""
"https://play-lh.googleusercontent.com/a/ACg8ocK7y3B1JL9o-V7GbrN24hnh22ki85L-eyrnBl5stvLTzWGn=s32-rw-mo","Fikri Rizkiana","24 Desember 2025","game gajelas menang sekali kalah berkali kali game tidak adil, pembagian team tidak adil contoh solo bertemu duo dan sangat tidak jelas Skali ini game di sarankan jangan bermain game ini lagi bisa bisa psikis anda kena dan stres","2 orang merasa ulasan ini berguna","Tampilkan histori ulasan"
"https://play-lh.googleusercontent.com/a-/ALV-UjUdIvTFGNR8d9DpWTAs-JZ3iiVqQ1jbzAeNybTflieLDD5QmPTP=s32-rw","Raizel Akatsuki","25 Desember 2025","kenapa saat draft PIK Hero lag parah setelah update dan kenapa saya saat main solo ketemu party 5 gak seimbang game nya tolonglah perbaiki sistem match nya mereka cuma memikirkan gimana caranya cuan cuan dan cuan........","","Tampilkan histori ulasan"
"https://play-lh.googleusercontent.com/a/ACg8ocK7lTUypVlg3O6zvYQrFV7wVO_2WxeQGD4p7e4qkej5HoQpFQ=s32-rw-mo","Rienzasalsa","24 Desember 2025","game nya bagus tapi tolol deraxsistem nya kurangi soal nya saya main delapan jam cuman nambah satu bintang tolong ya tolong cape soal nya min buang buang waktu Kalou begitu caranya makasih min","","Tampilkan histori ulasan"
"https://play-lh.googleusercontent.com/a/ACg8ocL6-jPkPNC--jKBbBLl25WS2GVBkeg8lbRBCemT4hN9e_73YA=s32-rw-mo","Slamet Priyadi","23 Desember 2025","jujur sudah gak suka banget Ama game ni..makin burikk dapat tim gak sesuai line dan gak seimbang dan terus menerus kek gitu..game sampah.meski Lo bikin Hero baru .updet baru gak ngaruh sama sekali.sekali cacat tetep cacat.semoga TAMAT sepi..dai tahun ke tahun .","139 orang merasa ulasan ini berguna","Tampilkan histori ulasan"
"https://play-lh.googleusercontent.com/a/ACg8ocI1n_biG-K_U8PyRSNMYbdxx5gHhJhXF82M18lr8Q_vByvMiQ=s32-rw-mo","Steven Candra","25 Desember 2025","game jelek engga di rekomendasikan buat main.. dari awal season di kasih win lose mulu di sengajain sistem. intinya ini game ga bagus buat kesehatan. buang aja ke sampah ini game","",""
"https://play-lh.googleusercontent.com/a-/ALV-UjViBYksP5ue4QrZLX-hh1jQXjd8fbhIQzcyqSpcFLyzL6CJ7GA=s32-rw","Kenzo gaming","26 Desember 2025","apaan sih ini game,buff hero ga ngotak semua,giliran Hero yang ga terlalu penting malah di nerf,hero yang uda dri awal broken malah di buff,apaan sih game apa ini? gausa penjelasan emang kalian kalau update tentang Hero selalu gajelas.","",""
"https://play-lh.googleusercontent.com/a/ACg8ocKu3bTfXdu45upGvdIhCCPRsAZUVI3xyAAWjCCi7CV9q2Hykg=s32-rw-mo","Jusep Kurniawan","23 Desember 2025","game nya emang bagus Dan seru tapi Tolong yang buat game ini tingkatin lagi untuk sinyal internet nya masa leg dikit aj udh gak bisa main kan aneh kalah sama game sebelah","1 orang merasa ulasan ini berguna","Tampilkan histori ulasan"
"https://play-lh.googleusercontent.com/a/ACg8ocItiag-rKHsy6YzcsgbiuZTCKd-iE5TZEn9OWnBJ0l9D3sHKg=s32-rw-mo","iin Fatimah","19 Desember 2025","saya kasih bintang 1 karna apa, karna game ini setelah season turun ke epic tim saya selalu dapet rank epic yg sesungguhnya, selalu buat saya kesel dan ga sesuai dengan tim yg season kemarin, saya menyesal dan stres setelah memainkan game mobile legend ini, dan saya pun sering sekali membanting-bantingkan Handphone saya sampai ngadat-ngadat mohon kedepannya gada lagi rank yang namanya epic. sekian dari saya kurang lebih nya mohon maaf🙏. tanggung jawab: saya ingin hp baru,dan melanjutkan gameini","6 orang merasa ulasan ini berguna",""
"https://play-lh.googleusercontent.com/a-/ALV-UjXl6EQEo5YmSf3kiYb892v36fSFR5gSBWElNKHnPOIfBm01pRhs=s32-rw","Retama Adnan","26 Desember 2025","tolonglah, semakin lama semakin menjengkelkan ini game tiap turun season selalu ada player yg se enaknya main asal asalan di rank kadang bertemu player yg bertitle nasional tapi buruk dalam permainan","3 orang merasa ulasan ini berguna",""
"https://play-lh.googleusercontent.com/a/ACg8ocLoRp7QITwanXSkh2UbmJ3XnI-Ba0QAbEMuFOrJFlKjeQ40an8=s32-rw-mo","Paskal Ama","22 Desember 2025","jaringan udah pake wifi sama data selular tetap aja ngelag, lagi team fight tiba tiba freeze, pembagian tim nggak sesuai, masa harus sendiri yang ngegendong 4 player lain apalah ini. tolonglah moonton","",""
"https://play-lh.googleusercontent.com/a/ACg8ocLf2Rq1348okqEpBr7qxFZEBbKsGzl2b4Jfq0GtBQHxa2YEag=s32-rw-mo","Bayu Akbar Bayu","21 Desember 2025","tolong lah baru aja update udah gak bisa login ini kenapa moonton, makin rusak aja ini game di update aja tetep sama gmna sih jaringan bagus di game lain juga aman kenapa mobile legend gak bisa ini","4 orang merasa ulasan ini berguna","Tampilkan histori ulasan"
"https://play-lh.googleusercontent.com/a/ACg8ocI4cCQAUhZbXMYeyHg0eNdHA2pwxxQzBSDwcsbuPIylaqdOtA=s32-rw-mo","Mhmd Fahmi","26 Desember 2025","devloper gak jelas ngasih tim gak setara, buat apa update terus, ngeluarin skin terus, tapi gak bisa memperbaiki pembagian tim masak tim gua solo semua ketemunnya trio kan aneh","",""
"https://play-lh.googleusercontent.com/a/ACg8ocKrjzd8C63OQv4PcK8KB7NkbDWuyB-RC1H2YpFH6PvGOFeqvgE=s32-rw-mo","Adittia yahya","26 Desember 2025","Sangat Di sayangkan Saya Udah Main Terus Berusaha Untuk Menggendong Tapi sayang banget perbedaan tim saya dan musuh sayang jauh dari perbedaan rank tim saya rendah musuh sangat tinggi terus menerus seperti ini MVP tim kalah Season Sekarang Saya Pensiuin Main Ml karena mect nya makin parah malah makin tidak seimbang wr sampe hancur sekian pamit pensi jujur udah kena mental juga main 24 jam hanya untuk kalah","4 orang merasa ulasan ini berguna","Tampilkan histori ulasan"
"https://play-lh.googleusercontent.com/a/ACg8ocLGEObrWLvxMJP9KRQuFjmYqTlgW8FVgbWFHhl4ZVzLF1xbSw=s32-rw-mo","Muhammad rifqy aditya Adiet","22 Desember 2025","gamenya bagus tapi sistem nya sering gak adil ( apa yang dipikirkan pembuat gamenya?) dan juga gamenya lumayan berat, mohon untuk diperbaiki lagi sistem yang gak adil, rata² orang stress main game ini karena sistem yang gak adil, pantas saja game ini diberi rating 3,9 (masih bagusan HOK keknya) mohon ya developer nya buat game yang bener jangan gak adil terus sistemnya, kamu punya otak kan? makanya di pakai","3 orang merasa ulasan ini berguna","Tampilkan histori ulasan"
"https://play-lh.googleusercontent.com/a/ACg8ocKi9W4QdujV7YjPViRkqi-rgzp6cwUDaWc0yO_EG4Iv7pT_OA=s32-rw-mo","Maulana Munsyir","1 Desember 2025","pengalaman bermain sangat buruk saya selalu dipasangkan dengan tim yang tidak tahu cara bermain dan counter mengcounter rank aaya turun drastris, untuk moonton tolong perbaiki sistem pemasangan tim ketika solo, pasangkan dengan tim yang bisa dan tau counter, item, hero dan draft pick","90 orang merasa ulasan ini berguna",""
"https://play-lh.googleusercontent.com/a-/ALV-UjVzNAOlh5RuFMcrrL2dlQQce4TEkzJoqKFPKmD4p7RjzHYxQggq=s32-rw","Raffa SANS","21 Desember 2025","game apa nih gw mau naikin pangkat tapi di kasih temen nya drak sistem semua gimana sih gw setiap main MVP terus capek gw dapet tim dark sistem semua kalok gitu cara nya sih mending gw pindah fire fire dari pada Mobile legend atau gak gw main HOK aja dari pada game ini udah dapet temen drak sistem roam di isi Lesley hyper di isi Miya lol mati aja sono capek gw main jing","3 orang merasa ulasan ini berguna",""
"https://play-lh.googleusercontent.com/a-/ALV-UjWU7jay6V1mPUcPjxBpuRgeJk2pI1_u6Utcg4Xl5eOG3afWyHL9=s32-rw","Jakaa ?","22 Desember 2025","game tolol anj, bisa bisanya jaringan stuck merah padahal kuota sama wifi gw ada , dan giliran mats selanjutnya malah bagus bagus aja, tolong perbaiki sistem nya muntun tercinta ku","3 orang merasa ulasan ini berguna",""
"https://play-lh.googleusercontent.com/a/ACg8ocKFFFDUhWN5hvAu-dbVNAg7Bh_Oj83aE1nFDZvOkwTe1dbQrQ=s32-rw-mo","Alya haramain","5 Desember 2025","suka ngasih lawan yang susah, tim yang gak kompak, tolong perbaiki system nya kalo ada player yang kalah lebih dari 3kali kasih menang, atau kalo ada yang main berjam jam kasih terus kemenangan biar mereka lebih semangat sama ini game kan kasihan yang seharian pokus rank bisa stres itu, tolong dengar suara kami para player yang kesulitan, my mlbb selalu di hati","3.918 orang merasa ulasan ini berguna","Tampilkan histori ulasan"
"https://play-lh.googleusercontent.com/a-/ALV-UjX-3V_wJqsLrWIpk3G-54hd0gqSWianc1k6exEvQpnNyEHTPlvf=s32-rw","DIKO GALIH PRATAMA","23 Desember 2025","masih buruk, karena dapet tim selalu tidak sepadan dgn lawan tim nya yg bisa tahu cara main Hero nya, rotasi map nya, banyak yg masih troll atau tidak cukup ahli, jadi hanya buat pusing saja kalo setim dengan yg masih blm ahli mainnya tolong di perbaiki lagi, kasih tim dan lwan yg sesuai dgn kemampuan kita juga, tidak seperti tim kita epic tim lawan ex imo yg tau cara main dan ahli mainnya","27 orang merasa ulasan ini berguna",""
"https://play-lh.googleusercontent.com/a-/ALV-UjXFCSt93qvxHVLTeXuYFmBYXA4R3EjXQDmSgaFHUacXjTpAGmPd=s32-rw","Hafidz Anshari","20 Desember 2025","pengalaman saya ketika main game ini:dapat teman tim yang beda jauh ranknya sama kita,teman se tim kita sudah jelas banget mati sengaja tapi ketika di report gak kena hukuman.","6 orang merasa ulasan ini berguna",""
"https://play-lh.googleusercontent.com/a/ACg8ocLlv5teDXxAGrUqn2Gl2l2ooI4_N3AKMmQ_AnFzNVgGu2c1TQ=s32-rw-mo","Albertino Aprian Praditya","23 November 2025","Sistem matchmaking tidak adil, sangat merugikan dan mengacaukan pengalaman bermain untuk player solo rank. Bahkan di classic sekalipun tim juga selalu tidak adil, teman satu tim tidak bisa main layaknya computer sedangkan tim musuh benar benar player.","142 orang merasa ulasan ini berguna",""
"https://play-lh.googleusercontent.com/a/ACg8ocJtmvdu3A8XZZsxC6accjSMCDExUOIRAN6LpF6G7ft_qfzBfA=s32-rw-mo","Fadly abdul rahman","17 November 2025","terkadang monton kasi lawan yang tidak seimbang, cobalah belajar dari apk sebelah, walaupun baru apk nya, tetapi dia bisa menyesuaikan pilihan untuk lawan dan team, bukan hanya sekedar bermain, semua ingin bermain dengan senang, bukan bermain di team yang salah, (coba belajar dari apk HOK setidaknya ada perbedaan jauh di antara monton)","215 orang merasa ulasan ini berguna",""
"https://play-lh.googleusercontent.com/a/ACg8ocJIUdhYiZMuhVbkdWoSIdL3R_1_q0TM28isiOS__0jGFIG9nA=s32-rw-mo","Siregar Yusuf","15 Desember 2025","Spertinya game saya bermasalah, setiap kali masuk, selalu menghubungkan server, padahal jaringan saya bagus. malah di minta menghubungi costom server, tolong lah di perbaiki, saya sangat minat dengan game ini dari dulu, jangan buat saya tidak menyukai nya. dan tolong, dari mana caranya menghubungi costum server, melalui yang bagaimana. terimakasih......","32 orang merasa ulasan ini berguna","Tampilkan histori ulasan"
"https://play-lh.googleusercontent.com/a-/ALV-UjUe22U1DK4tdB6J5uZIUUa2NiQ1SIt7kKPLX6YwbqqtFS2BS5d2=s32-rw","Syaiful Ikhsan Ramadhan","15 Desember 2025","semakin buruk, game tambah rusak, banyak yang pake cheat, suka nge lag padahal sinyal bagus dan perangkat mendukung, riwayat pertandingan suka hilang atau dianggap tidak ada oleh moonton dan di history tidak ada padahal baru selesai main, suka nge reload sendiri, tidak sekali dua kali tapi berkali kali, mohon untuk pemain yang lain untuk segera pindah game dari ml, jangan pernah main ml lagi, sekian terimakasih.","32 orang merasa ulasan ini berguna",""
"https://play-lh.googleusercontent.com/a/ACg8ocL0NECwk2se4SwLhjGoT49A-0PaVI1FolJtwcJqZb-L2zYAmw=s32-rw-mo","Qin Mu","18 Desember 2025","gak tau mau bilang apa tapi mobil legend sekarang lagi ada masalah pas dalam pertandingan malah jaringan GK setabil menyebabkan lag berkepanjangan bukan karena sinyal nya tapi aplikasi nya yg bermasalah, segera perbaiki biar GK pindah gme sebelah","23 orang merasa ulasan ini berguna",""
"https://play-lh.googleusercontent.com/a-/ALV-UjWXihYW12kA-1ysjPUgVNvC6yj9-t1VE_8DwRSoAC57ywbFwg4w=s32-rw","Hertod","19 Desember 2025","tolong banget kepada moonton itu hayabusa nerf nya terlalu berlebihan banget soalnya saya sebagai player hayabusa kesulitan akan shadow nya yg terlalu pendek yang membuat haya bisa gampang ter pick off oleh musuh dan susah buat kabur jadi kalo bisa di balikin lagi kaya semula jangan sampai shadow skil 2 nya yg membuat ciri khas hayabusa jadi hilang and jelek karena nya dan cara main nya pun jadi lebih sulit tolong di dengar sekian terimakasih:)","3 orang merasa ulasan ini berguna",""
"https://play-lh.googleusercontent.com/a/ACg8ocJ3AcnwX6O4ksfppN5BJA2KR13SAZV0gf5aCb5_Mix7wm34PSw=s32-rw-mo","Balqis Irbantunnisa","19 Desember 2025","ml sekarang ngelag banget, setiap main merah terus bahkan ga bisa gerak sama sekali dari awal permainan, kadang bisa gerak tapi pas ada musuh ga bisa gerak sama sekali, awal nya aku kira musuh nya nge cheat taoi ternyata emang banyak banget yang lagi ngelag, ga tau karna apa tapi ngelag banget bikin tambah stres","13 orang merasa ulasan ini berguna",""
"https://play-lh.googleusercontent.com/a/ACg8ocIX6yKoABlWIAyuTOO7W_AhKO4_THJkojDWbYKMhvWHSRCf1w=s32-rw-mo","Dina Sitepu","22 Desember 2025","game nya bagus dan banyak yang seru seperti even, Hero, skin dan cerita tentang asal usul Hero tetapi lag nya mengganggu jadi saya kasih 5 bintang karena seru jadi lag nya harus di perbaiki jadi hanya itu saya beritahu","9 orang merasa ulasan ini berguna",""
"https://play-lh.googleusercontent.com/a/ACg8ocJ60lm9sbzadOq1Yo1hpjIqBlLeKp4PFln6iHZV_kzwjmz3sQ=s32-rw-mo","Mandak Indra","23 Desember 2025","Matchmaking nggak jelas, ketemu tim yang tidak tau main, tapi musuh pada jago, di atur tidak bisa, pokoknya, harus di ubah sistem match nya, jadi rugi top up game kalo tim buruk.","1 orang merasa ulasan ini berguna",""
"https://play-lh.googleusercontent.com/a/ACg8ocIhp-t3XuCqSPlgfPxdvqvI3VHBvXHL0eRS29v6xmgR9jlZyw=s32-rw-mo","Rafif Kavindra","7 Desember 2025","Keseimbangan hero dalam game ini sangat buruk. Seringkali saya menghadapi musuh dengan hero-hero yang jelas overpowered (OP) dengan damage atau skill yang tidak masuk akal. Ini membuat pertandingan terasa tidak adil dan frustrasi, terutama ketika perbedaan kekuatan terlalu signifikan sejak awal permainan. Mohon segera ada penyesuaian balancing yang lebih baik.🤬🤬","24 orang merasa ulasan ini berguna","Tampilkan histori ulasan"
"https://play-lh.googleusercontent.com/a/ACg8ocJHZKYBS5NBUDnPdq0qUAfwcb7sNTGabTE1uH78dZ5NX76IUw=s32-rw-mo","Martin Alexander","17 November 2025","sumpah untuk gamenya bagus, tapi masalah ini dari dulu yang sangat sangat sangat saya benci adalah ketika pembagian timnya dimana kita suka dapat tim yang tidak seimbang yang menyebabkan match-nya terasa sangat jomplang kadang yang mengerti main hanya 2 dari 5 pemain dan musuh 5-nya mengerti cara bermain, ini sungguh gak adil dimana match-nya jadi serasa 2vs5 tolong lah untuk developernya agar mengatasi masalah ini agar pemain dapat lebih seimbang dan membuat gameplay-nya lebih baik (CATAT INI!)","191 orang merasa ulasan ini berguna",""
"https://play-lh.googleusercontent.com/a-/ALV-UjXulcydY1uMdANSNRlqsctDV0hk8f2DvgFpiGynCRA_aedOuvU=s32-rw","SolehSH86 _","9 November 2025","Stabilisasi jaringan nya kacau. Masa yang awal game ping stabil dibawah 80ms bahkan dibawah 20ms tiba tiba bisa langsung naik ke 285ms. Merugikan, bikin game kalah. Segera perbaiki, sebelum banyak yang kesal dan meninggalkan game ini !!!!! Halah, review kek gini gak bakalan di tanggepi kan. makin kesini makin gak jelas ping nya","238 orang merasa ulasan ini berguna","Tampilkan histori ulasan"
"https://play-lh.googleusercontent.com/a-/ALV-UjVar4rYWytZKLUxjmy3731F7s9fOGWVNK-N-WulvirjdyZeFmky=s32-rw","Zamzami Zami","8 November 2025","ini ml emang makin berat ya?💔, loading pas mau masuknya lama banget, kadang detik 30-40an baru masuk, bug analog juga ganggu banget kadang gerak sendiri, kadang ga bisa digerakin. di lobby juga sering lag, loading pas mau masuk ke game nya juga ngestak di logo terus.💔🥀","1.952 orang merasa ulasan ini berguna","Tampilkan histori ulasan"
"https://play-lh.googleusercontent.com/a/ACg8ocJxMR38_ZpANRd3SUi5SrpC0Zjgl-zK2OAxkE9gEGKhsG9rcg=s32-rw-mo","Ubaid Dzilhilmi","25 Desember 2025","game yg semakin rusak, pembagian team match yg tidak rata dan adil sehingga merusak mood permainan. dan aplikasi semakin berat dan tidak ramah di kantong pelajar","",""
"https://play-lh.googleusercontent.com/a-/ALV-UjUBwYOWs25TuqxWm5og-eKyFYDCCDA5rNY8oYmwufV2vGVMl8Y=s32-rw","Dimas Naufal Hafizh","15 November 2025","saya sebagai player solo, dimohon untuk pihak mobile legend jika orang lagi losetreak kasih menang lah minimal 4 orang itu jangan anomali semua, 1) ada roam lance 2) ada hyper yuzong 3) kadang mm nya bener kadang kagak tapi paling sering mm nya tidak benar, gak tau posisi, offside terus 4) sama kayak mm exp juga, tapi kadang suka nyalahin saya sebagai roam padahal exp sendiri yang pengen adu mekanik mulu sama exp lawan dan teruntuk pihak mobile legend kasih lah saya tim yang jago bkn yg anomali","212 orang merasa ulasan ini berguna","Tampilkan histori ulasan"
"https://play-lh.googleusercontent.com/a-/ALV-UjVA2y2BbDxpdhBs8TScnW6-PIDLXOC4os3A7LgYzHsn277IupUq=s32-rw","Nur Azka","2 Desember 2025","Gamenya menarik, bagus, cuman.. suka banget lemot gara² masalah jaringan/WIFi padahal disitu internet ku udah bagus banget dan perangkatpun juga mendukung tapi tetep aja ngelag, trus sama tim pas mau mulai pertandingan itu sering banget dapet yang darksistem,jadi ga mood main, tapi event nya banyak trus menarik juga cuman gaseru aja kalau dapat tim seperti ini..","365 orang merasa ulasan ini berguna","Tampilkan histori ulasan"
"https://play-lh.googleusercontent.com/a-/ALV-UjVvOTaWoENUEW4aCJFjSI5fyVcIX9p9ZphWfRPn3ge0AXtq7Edo=s32-rw","MQA SAI","10 Desember 2025","ping sinyal error hijau 22ms tapi lag parah, sedangkan saya tidak memiliki kendala sinyal, main game lain lancar tanpa lag ping stabil. sedangkan game ini susah gerak dan delay ketika bermain, padahal sudah 5g + wifi.","34 orang merasa ulasan ini berguna",""
"https://play-lh.googleusercontent.com/a/ACg8ocJCamGuTYW-oO73y955-O3eaTVYSCQMosRE-F-CE6brYHTzug=s32-rw-mo","Ahmad Munir","26 Desember 2025","gua suka banget sama game ini. tp kecewa dan males main lagi di saat level udah mythic imortal tiba2 skrng turunya jauh banget .ke epic males main lagi gua copot pemasangan aja lah .Buang2 waktu kita aja","1 orang merasa ulasan ini berguna","Tampilkan histori ulasan"
"https://play-lh.googleusercontent.com/a/ACg8ocImoORIgkgOiDhGYjWX_ck_sHkRS7_jpIJfTfgYkaWWs94fcw=s32-rw-mo","Joan Carlos","24 Desember 2025","aku ngk akan pernah top up Lg di game ini,sumpah matchmaking nya rusak parahh, main solo tapi ketemu trio / duo kalau jago gpp,ini kebanyakan dark sistem di kasih... cih parahhh","1 orang merasa ulasan ini berguna","Tampilkan histori ulasan"
"https://play-lh.googleusercontent.com/a/ACg8ocIEvR71kN7gj7fsvUWXI4NQf2Gk5fTAhUArc7kp9Yn9Iux-Bg=s32-rw-mo","Tuti Tuti","23 Desember 2025","mobile legend adalah game yang sangat menghibur dan meng asyikkan saat Mabar dengan teman-teman pokoknya mantap itu aja dari saya semoga ditingkatkan lagi game nya🙏🙏🙏🙏","",""
"https://play-lh.googleusercontent.com/a/ACg8ocLiaisKWkGUd3Wq31nzLPrJLumn_O0yvLLhr0dBHp0ibT5dmA=s32-rw-mo","Nurd clok","26 Desember 2025","awalnya suka maen ML tpi lama kelamaan mls agak lain sinyal oke wifi oke tpi pas masuk pertandingan suka lag gk jelas,terus banyak yg gunakin chit tolong lah diperbaiki lag sama bugnya jngn fokus skin trs 🙃","3 orang merasa ulasan ini berguna",""
"https://play-lh.googleusercontent.com/a-/ALV-UjUiAaZrRrOF0DQj2h1Vks0_LgF60vgG2fMsisX2oMGTFFM055M=s32-rw","Khairil Ramadhan","23 Desember 2025","game nyah bagus seru namun kenapa ya di kasi tim nyah yang ga bisa main Mulu, cape dah lose streak Mulu ,mau pensi tapi susah,mau di hapus juga kalo dah nyaman susah ,tapi ni game bikin stres tapi susah bet mau ngehapus nyah sekali di hapus nyah juga besok gw download lagi🗿","1 orang merasa ulasan ini berguna",""
"https://play-lh.googleusercontent.com/a-/ALV-UjWTlz5JArzWxDLbM0JwTXSK55So98_wJ-vRmvLlL5TBCZwTAh2c=s32-rw","Indra Lesmana","25 Desember 2025","pembagian role nya gak jelas , 10x match kebagian roam terus gak masuk akal sama sekali ,.. apalagi kalau udah sekali kali pasti dikasih kalah terus . pembaruan terus tapi gak pernah memperbaiki sistem nya yang kayak gini","",""
"https://play-lh.googleusercontent.com/a/ACg8ocL8Eo6c9xKpyT6igx25yejMLLHuZejA98uCKFAUMwGHF9cgZA=s32-rw-mo","Martin Sitompul","28 November 2025","game apaan coba, pas main selalu lag sampe GK jalan jalan padahal jaringan dan sinyal bagus, roam hp juga besar, chipset bagus tapi kek kentang rasanya padahal dah pakek Vivo X100 pro. Trus tim juga mainnya kurang betul, kadang disamain tim dengan player epik dan beban tim. Tolong dong kasih kesetaraan di dalam gamenya dan lag seperti ini harus diatasi.","45 orang merasa ulasan ini berguna",""
"https://play-lh.googleusercontent.com/a-/ALV-UjXw-blNT8UiboJOp4E39oQGw3KZhlrjrICS1ItK1JlHwcwYkMFi=s32-rw","Muhammad Al Farizi","18 Desember 2025","saya menelusuri pola matchmaking Mobile Legends, saya menemukan kejanggalan yang konsisten saat bermain secara solo. Hampir di setiap pertandingan, saya dipertemukan dengan pemain yang saya duga merupakan bot, dengan ciri memiliki total match lintas season berada di kisaran 0–2300 pertandingan dan win rate yang selalu berada di bawah 45%. Jumlahnya pun tidak sedikit, umumnya terdapat 1 hingga 3 akun seperti ini dalam setiap match solo yang saya mainkan. Kondisi tersebut sangat memengaruh","7 orang merasa ulasan ini berguna","Tampilkan histori ulasan"
"https://play-lh.googleusercontent.com/a/ACg8ocLh3HomNvZMI85WLfYz3mE9keQTuxHL_g9mCpnK0aubqDbOeg=s32-rw-mo","Jurdiansyah","17 November 2025","Kalo mau orang-orang tetep main game ini tu perbaiki masalah sinyalnya, jangan cuma skin atau hero doang yang ditambah masalah sinyalnya juga diperbaiki. Percuma juga terus dimainin kalo sering ngelag padahal sinyal udah bagus.","143 orang merasa ulasan ini berguna","Tampilkan histori ulasan"
"https://play-lh.googleusercontent.com/a-/ALV-UjV58Z--N6mScsZ9kzBIeY-XG8AXL4OzHSmN2swtDqf_-wFt03M=s32-rw","Siti Asiyah","20 Desember 2025","maen ML ngelag terus sinyal ok paketan ok Tapi dalam gamenya cari Mabar pilih skin pilih Hero ngelag banget. makin lama makin tua makin gak jelas ini game kalau ada masalah dengan sistem di Hp android atau merek yang lain, jangan sampai ganggu para pemain, lama kelamaan males maen ni game. dari dulu kok gak ada perbaikan yang benar","11 orang merasa ulasan ini berguna","Tampilkan histori ulasan"
"https://play-lh.googleusercontent.com/a-/ALV-UjW9iDzD4eojmQi-rlHQZZ-rQCgS5rRAzqyMdcYNRuGLNbafGXXn=s32-rw","Muchammad Harun","20 November 2025","makin kacau developer nya Banyak bagian yang sering nge-frame terutama bagian ketika memasuki draft pick hero,10detik terakhir ketika penyesuaian pick Hero,lalu ketika memasuki gameplay nya...padahal di patch sebelumnya aman normal lancar jaya.kalau ngga segera difix kan lagi mungkin banyak yang uninstall min,sebab banyak keluhan yang sama","87 orang merasa ulasan ini berguna",""
"https://play-lh.googleusercontent.com/a-/ALV-UjWSdNrBjbMXxLLQybEs2njqqO80nj0rBrypDCzMCygeUDZXiQL1=s32-rw","alfathi santoso","25 Desember 2025","Game jelek di kasih kalah mulu udah top up banyak buat ini game masih aja di kasih kalah mulu, push rank selama 5 jam cuman buat kalah terus, bintang minus bukannya naik dasar game kikir Dev kikir pensi aja gw kalo gini","4 orang merasa ulasan ini berguna","Tampilkan histori ulasan"
"https://play-lh.googleusercontent.com/a/ACg8ocIzCpcX7C0nT1OsydHe65cRt9OBgGPsJF6YZnM6C_1qdoJ40gI=s32-rw-mo","Deni Rohmat","24 Desember 2025","Game nya si seru tapi ada kekurangan harus update terus buat maen juga suka kadang ngelag padahal sinyal bagus dan lawan nya buat yang rank nya masih di bawah tolong adilin Don moonton jangan kasih lawan yang lebih tinggi dariereka kemampuan nya tolong","","Tampilkan histori ulasan"
"https://play-lh.googleusercontent.com/a/ACg8ocJEH3ApwOJulUYIxmWYgll5pA7kX5eITBGpMAvgJ_RSRyHxVQ=s32-rw-mo","Mul Afrison","24 Desember 2025","karena gamenya setiap awal season saya ngepush selalu kalah tolong lebih gampang kan menang di rank epic dan jangan ngelag di gamenya dan lebih mempermudahkan untuk menang di rank epic di epic 4 dan sampai epic 1","1 orang merasa ulasan ini berguna",""
"https://play-lh.googleusercontent.com/a/ACg8ocLTFsCrcZOEC9c5oKeqNKH7sl3x8uIH2IbBj83lbM1bB4lQVA=s32-rw-mo","Natan Faizi","8 Desember 2025","Sekarang ini game kayak gak mentingin sinyal, padahal saya main game lain lancar banget pakai wifi lagi dan sinyalnya aman, tapi kok di Mobile legend sinyalnya 60 keatas ya? sebenarnya ini game untuk pengoptimalan koneksi bagusan versi dulu, percuma kalau update besar-besaran sebenarnya, tapi kalau misalnya sinyal tidak di optimalkan, itu bisa membuat User game ini sangat terganggu, pdahal sinyal mereka bagus loh, sudah banyak teman saya yang pakai Wifi sinyal bagus tapi lag di game ini saja🙏","88 orang merasa ulasan ini berguna","Tampilkan histori ulasan"
"https://play-lh.googleusercontent.com/a/ACg8ocJDcEiSkTuOWOK2finwohaqsB81D7k18YhwkA9k5p9Q4YXMCQ=s32-rw-mo","Hans christian Andersen","20 Desember 2025","aku cuma mau bilang kurang magis dust di spin jangan terlalu ambil untung pemain juga banyak seharusnya dikurangi bikin player nyaman jangan dibikin skin granger udh terlalu banyak skin bikin skin lain dan mode off line banyak bug contoh nya dirot exp tapi spell nya retri tapi hero yg exp lain gk diganti padahal udah ganti spell banyak detail kecil yg ingin aku bahas banyak kekurangan contoh mode off ada waktu padahal kita bisa belajar disana kalo gk ada paket bisa coba bug supaya mudah ok makas","",""
"https://play-lh.googleusercontent.com/a-/ALV-UjW9cip2fK1GPPKOQbnbZ1QboGI5P7WzhCmtaKMgITykCV2mp1AC9g=s32-rw","Agung. W","25 Desember 2025","masak iyaa jaringan internet 5G masih nge lag koneksi gamenya masih jelek? dan masih g stabil? game sebelah grafiknya mapnya lebih gede internet masih stabil aman² aja.","5 orang merasa ulasan ini berguna",""
"https://play-lh.googleusercontent.com/a-/ALV-UjWGCS-r6QAABhdi9_rch8JJGa3h-gPf2-2R_hzb9PN8taLmuaAP=s32-rw","Putrii","19 November 2025","moonton tolong lah perbaiki game mu ini sering kali loh aku ngelag pas main, ga itu pas draftpick atau di in game padahal aku main pake wifi loh dan wifi ku pun ga ada kendala sama sekali. dan satu lagi tolong kalo bisa sistem matchmaking nya di perbaiki lagi sering kali juga aku main solo ranked tapi dapet tim yang ga imbang, tim musuhnya jago tim sendiri malah gabisa main. kalo ga menang juga gapapa asalkan timnya imbang dan waras atau kalo bisa tetep kasih bintang buat yang MVP tapi kalah :,)","85 orang merasa ulasan ini berguna",""
"https://play-lh.googleusercontent.com/a/ACg8ocL5Loa8ea458rTXRvoXSkpRfB0fXy2j-8dEwac5A3HAKRHd5A=s32-rw-mo","Nur Hasanah","10 November 2025","tolong di perhatikan lagi kepada pihak moonton paket banyak jaringan bagus tapi bermain patah patah setiap war kenapa jaringan berubah menjadi merah?tolong di perbaiki lagi.....jangenam.... seolah-olah kek di sengaja jadi buat bosan lama lama uninstall juga nih, bujang bujang,game sering mengalami lag, padahal jaringan bagus,","190 orang merasa ulasan ini berguna","Tampilkan histori ulasan"
"https://play-lh.googleusercontent.com/a-/ALV-UjU-AJkuB6MyGfieAB6DAIQaauitxfq3Vn8mj3opcB31rH8j3z8O=s32-rw","Irvan Goklas","23 Desember 2025","tolong lah server ID lama di perhatikan. main solo selalu dapat tim ampas. bukan semua pemain bisa mabar.. heran asik dapat tim tolol, tier tier ampas, giliran lawan tim kayak main berlima. heran","1 orang merasa ulasan ini berguna",""
"https://play-lh.googleusercontent.com/a/ACg8ocKYca7c4rtE5dgUyq_mjiVB_yYAIvSofr22ojaOFhRR_ler1Q=s32-rw-mo","Ariq Sonjaya","22 Desember 2025","Makin kesini gajelas lu moonton, Lag parah. Kebanyakan event"" sampah kali, maintenancenya gk ada. Tolong diperbaiki lah baik server atau appnya!","1 orang merasa ulasan ini berguna",""
"https://play-lh.googleusercontent.com/a/ACg8ocJoFiPCi_RYG0GNXNcmIu-xfkFvudS6wJT3YLOLy81dKFab4w=s32-rw-mo","Khalif 31","26 Desember 2025","gamenya gak adil!!!!,dapet tim kayak sampah mulu terus dikasih musuhnya pada jago,terus darksystem masih ada gimana nih buat fixnya,masa mau gini gini aja","3 orang merasa ulasan ini berguna",""
"https://play-lh.googleusercontent.com/a-/ALV-UjWwjFZauu9z6QAjyubiP2eW8fYWI1HfvIcQCjk4iiqtm1RdXis=s32-rw","hakiki Frd","23 November 2025","game jelek, dulu senang bgt main ini game, tapi skrg sudah ngga lagi sejak jaringan in game sering bermasalah mulai dari ping nge jumping, signal in game hilang, dll. padahal signal hp dn hp support, dicoba pake wifi juga sama kasusnya.","73 orang merasa ulasan ini berguna",""
"https://play-lh.googleusercontent.com/a/ACg8ocKuEuKkWkEOlSVWo7P9xuTWaslrBF2BkcGUWLxXqKHRHqnlFg=s32-rw-mo","Daffa ibnu Hafidz","25 Desember 2025","game gak jelas, banyak dark sistem terus kalo solo dapet tim bot lawan pro,dan koneksi jaringan yang sangat buruk, padahal pingnya hijau","",""
"https://play-lh.googleusercontent.com/a-/ALV-UjUIHnibyJxEh4xGekf1-TKp_ltNW3nIPT4S2yZoQ_ti4u5-J5GI=s32-rw","Naufal Nawwaruddin","19 Desember 2025","semenjak update digw kok loading screannya pas mau masuk pertandingan itu kadang kadang stuck di 30% trus pas ke 100% tiba tiba pertandingan udah jalan 50-60 detik gitu plis dong ringanin lagi pas pengen masuk pertandingannya","",""
"https://play-lh.googleusercontent.com/a/ACg8ocJmLqv5uGV95niJejtBEI95vPfOFtqpHI3u5J0KrvtvyfGk7g=s32-rw-mo","Michael Nelwan","24 Desember 2025","game sampah masa season baru dapet tim bot ,tim musuh,8 pertandingan sudah legend 4,nga masuk akal,lansung out dari nih,game ,otw ke game lain ,1 komplek udah ke game sebelah lebih real ketemu player vs player","1 orang merasa ulasan ini berguna","Tampilkan histori ulasan"
"https://play-lh.googleusercontent.com/a/ACg8ocJ3XnsW2Re1XrOr7bAKCOUCQM4Pvex6jcNOsZNhhqLsQgz8LA=s32-rw-mo","Ario Wiranata","26 Desember 2025","game gak ada keseruan nya, sumpah demi allah, jangan download ini game percaya ama gw, nyesel lo pada, soalnya gak adil matchmaking nya, musuh nya udah imo, tim kita malah masih epic","3 orang merasa ulasan ini berguna","Tampilkan histori ulasan"
"https://play-lh.googleusercontent.com/a/ACg8ocIZ7qMqlmDcgkNv1cYXy6aOsLfvOkRkoUeJ5lrnUjMV-kD2ww=s32-rw-mo","Andi Ikmal","19 Desember 2025","Sistem matchmaking nya masih kacau, tim jelek musuh bagus, tidak bisa berkata kata lagi. saya sudah lose streak sebanyak 6 kali dan kenapa tidak pernah satu kali pun mendapat tim waras. Tolong lah perbaiki sistem matchmaking nya karena saya sudah lelah lose streak. GAME RUSAK","19 orang merasa ulasan ini berguna","Tampilkan histori ulasan"
"https://play-lh.googleusercontent.com/a-/ALV-UjWP794c6VAU32st12Z7m3mPIyUNJ24iwQoQsrSheaYR_9kcoJTv=s32-rw","Queensly Stacey Rantung","20 Desember 2025","sybau for this game they give us a plotwist, hayagura is the real couple not hayabi, mereka tidak bisa mengubah cerita begitu saja dari dulu, kamu sangat kecewa, tolong pertimbangkan kembali, ini sngat aneh, juga dengan sinyal tolong perbaiki.","5 orang merasa ulasan ini berguna",""
"https://play-lh.googleusercontent.com/a/ACg8ocLkBEa7Pl7WY8TC_eYuU5zwoQmehO3NmJMrT-dbjDTT9B_E5Q8=s32-rw-mo","Naila Putri","7 Desember 2025","banyak lemot nya pdhl penyimpanan masih banyak yg kosong, hp jga gda masalah, jaringan juga lancaaarr, tiap main, sekali krna sekali ga kena, stuck di sblm pertandingan di mulai, di sit ampe 5 menit lebih. sekali kena, pas main lagi lemot lagi🗿, pas pertandingan di mulai, tiap deket musuh tbtb aja lag pdhl jaringan ga merah atau kuning","36 orang merasa ulasan ini berguna","Tampilkan histori ulasan"
"https://play-lh.googleusercontent.com/a/ACg8ocIGf_34dpJbuf2MrqZU0kpN4KHDB87hBWuNqsfhhh7q9fjnEw=s32-rw-mo","Hira Pratama","24 Desember 2025","kalo misal kemenangan masih di atur sistem maen sendiri aja, Sisip dikit di kasih tim gj, kalo misal kita yang gendong timnya, sinyal di jelek jelekin, kalo misal masih tetep gacor juga, sistem nya di bikin aneh, ada bug damage lah, ini lah itu lah, gj ancrit","1 orang merasa ulasan ini berguna",""
"https://play-lh.googleusercontent.com/a/ACg8ocLoDvhij3_6HwT8vKnvC_JVtHLPqiwGB1rGgtaEo6egiwSj5A=s32-rw-mo","ahmad ilham","21 November 2025","game jelek lag nya semakin hari semakin parah, bayak drag sistem, ketika main sering keluar sendiri, apa lagi mode baru nya kayak kintil, coba buat jangan lag , kurang kan drag sistem nya, lag nya aneh masa sinyal nya hijau tapi lag , apa lagi kalo main solo beh susah nya mintak ampun, oh ya untuk user roam tank tolong di buf ya","68 orang merasa ulasan ini berguna","Tampilkan histori ulasan"
"https://play-lh.googleusercontent.com/a/ACg8ocKmz7s_hUkmovFJr3T2wnnNCa5WD96mpioaeWeA4sW92RkmzQ=s32-rw-mo","Ihsan","16 Desember 2025","keseringan main malah drak sistem Mulu, apalagi dapat tim ampas rasanya mau afk buang buang waktu, bintang udah turun, afk salah, diterusin mainnya juga pasti kalah, gak ada kompensasi untuk mpv, tambah kesal sendiri kalau main. sesekali pernah kasar kena mute chat, tolong diperbaiki lagi bagi yang sering main masa sering ditemanin sama anomali. saran bagi yang main biar naiknya cepat kalau main sendiri mending main dua tiga hari sekali untuk loginnya, biar gak jadi yang terpilih monton.","27 orang merasa ulasan ini berguna",""
"https://play-lh.googleusercontent.com/a/ACg8ocIBvVbBhUF1ciLpDAzM48TERmTemqeRabheWQLxAXNGMNfURw=s32-rw-mo","Sandi","24 Desember 2025","gamenya kurang adil, contoh nya musuh semua epic 1 sedangkan tim sendiri epic 3-4 sering kayak gitu, mohon lebih di seimbangkan.","",""
"https://play-lh.googleusercontent.com/a-/ALV-UjWZa2rdfp4tQO3A0gfadzVtjmQHyZUyZYhEp1j4hh2gJbwFMAi1=s32-rw","Riztyo Putra","29 Desember 2025","game tidak sportif, tim tidak seimbang, apalagi masalah jaringan yang walaupun jaringan nya bagus masih sering ping merah dan ping tidak seimbang","","Tampilkan histori ulasan"
"https://play-lh.googleusercontent.com/a/ACg8ocKdJRLK0Bv2aSPB9Yid7lfp_gUCXRt2S6iCXNIQGhzzJXPU5w=s32-rw-mo","Tinus Waruwu","19 Desember 2025","entah kenapa ya pas season baru kok aku selalu ngelag ya? padahal jaringan aku bagus, tpi pas ditekan ping 201 terus sampai akhir game, tpi yg herannya kok bisa saya masih bisa jalankan Hero saya, mohon dong Moonton agar game nya di perbaiki dulu, biar gak semakin banyak player yang seperti ini terus, game ini aku rating bintang 1 karna jaringan nya bermasalah terus, bahkan game ini tidak pantas mendapat rating bintang 1 dan game ini seperti semakin lama semakin buruk, mohon ya moonton diperbaik","5 orang merasa ulasan ini berguna",""
"https://play-lh.googleusercontent.com/a/ACg8ocLnQkkX2yC6X9ykT2PSWqhK4IEp77h0B45p3I_79SDOv8cONQ=s32-rw-mo","Pepito Wisnutama","17 Desember 2025","game nya bagus sebenernya, tapi system game nya kureng. mau push rank jadi susah karna temen se tim yang gajelas main nya. ga sebanding aja sama skill saya yang di atas mereka. jadi agak ga fair ketika saya bermain dengan baik dan benar tapi malah sering di pertemukan dengan player yang gabisa main (ga jago). kadang kalo lagi winstreak abistu di bikin losestreak akhir nya harus balikin bintang lagi. itu teknik marketing supaya game ini sering di mainin kah!? atau gimana ya? sangat kcwa dn cpek","6 orang merasa ulasan ini berguna",""
"https://play-lh.googleusercontent.com/a-/ALV-UjXnqysGoXpqbb1wkCJhDiZ5UnwtA9DxyzfVb1FTJZtTGPpZBOzf=s32-rw","Bagas aditya Ikshan","18 Desember 2025","setelah update ini,mlbb jadi lebih lag sekali di jaringan ,padahal saya sudah pakai wifi dengan jaringan 5g dan di tambah paket data dan mode jaringa booster di pengaturan mlbbnya langsung,tetapi ini benar benar tidak berlaku sempurna bahkan tidak bisa di bilang sempurna,dikarenakan ping mengkunci di warna kuning terus dan saya selalu menghadapai gangguan berjalan di tempat tetapi saat di lihat teman tim ,saya bergerak terus sampai turet dan mati ,begitu terus sampai seterusnya,jadi tolong prbki","6 orang merasa ulasan ini berguna","Tampilkan histori ulasan"
"https://play-lh.googleusercontent.com/a-/ALV-UjV7roPMzhGM36yHodXVVnHhaxpWKNOLr-Qvbs2FUdy0xsDHEo17=s32-rw","rizky shii","23 Desember 2025","bug match loading di fix tolong ngestuck di loading lama banget padahal jaringan lancar tiap main stuck di 30 persen lama baru masuk ga ada masalah jaringan game lu ngebug","1 orang merasa ulasan ini berguna",""
"https://play-lh.googleusercontent.com/a/ACg8ocLvJfvogTWQg7IkEfbFx2MLgV7konIGy5MQm6k_WjvWPKi0xA=s32-rw-mo","Ir Wabula","22 Desember 2025","eh monton yang terhormat knp pas di apdet jaringan makin ngeleg sii, jelas ini merugikan bangett, sebelum main jaring bagus tpi knp pas dalam pertandingan malah ngeleg parah??? tolong di perbaiki rengk turun karna ngeleg yang kaga ngotak","2 orang merasa ulasan ini berguna",""
"https://play-lh.googleusercontent.com/a-/ALV-UjVQkiMAzn9gGxhP4D0aWgzJ2j20gnhMFQbeRt4VMJ4DtNEW1D4=s32-rw","Fajar Listian","18 Desember 2025","perbaikan saya sebagai pemai solo rak agak keberatan dengan sistem tim yang asal tolong di perbaiki kadang kita dapat tim yang nggak bisa main los sterk sampai 15 kali nggak di renk nggak di Clasik bayak pemai yang nggak bisa main yang seharusnya 5 vs 5 jadi 1 vs 9 tolong di pertibang kan kalo kami di sini kadang Mecari hiburan bukan nabah beban","5 orang merasa ulasan ini berguna",""
"https://play-lh.googleusercontent.com/a/ACg8ocLi1ihaHyHeMonMtJglqvZfBWCZQTXNCQMQhRADsJEHNUhUBA=s32-rw-mo","Farhan Anjani","26 Desember 2025","moonton gua udah mau nangis ngeliat sinyal setiap war langsung ga bisa nyerang cuman lihatin musuh terus di gebukin sampai mati perbaiki lah moonton gua streeees cuman game ini yang bikin streeees.","",""
"https://play-lh.googleusercontent.com/a/ACg8ocJAEFPbe5y2awGDDaVFaw2RYjHEHiqQcs4RMQCCNK6C2rP1lg=s32-rw-mo","Adit","22 Desember 2025","bangkai pas dalam battlefield keluar bentar malah loading ulang,lama lagi tu 10 detik baru nambah 1% padahal jaringan lancar lancar aja TOLONG DI OPTIMALKAN YA MOONTON","2 orang merasa ulasan ini berguna","Tampilkan histori ulasan"
"https://play-lh.googleusercontent.com/a-/ALV-UjXAGHoncqkv0k3uEuQE5FfbB4qILsIxPpZnbejc_m_V_kGls-zl=s32-rw","Fachrur Roziy","29 November 2025","halo moonton, game yang tidak menghargai player solo, meskipun permainan kita bagus tidak ada harganya, sering dikasih tim buruk, sering dipertemukan dengan player rank tertinggi yang jauh dari kita, dan tim kita sendiri dibawah rank tertinggi kita, intinya kalo mau bikin pusing kepala dan buang buang waktu yaa main game ini, sia sia ningkatin bintang kalo menang kalah terus, ayolah perbaiki sistem mu, katanya mau pertandingan yang adil, adil kocak ngelawak mulu lu kon.","51 orang merasa ulasan ini berguna","Tampilkan histori ulasan"
"https://play-lh.googleusercontent.com/a/ACg8ocJaoAiuZ4D1cFsmxqQwXORXXO5GM-nH01rrVKcbxIqcwN02xQ=s32-rw-mo","A Fandi","21 Desember 2025","setiap ganti season selalu ngeleg parah, membuat pengalaman bermain tidak nyaman, dan banyak player yg singaja bermain bot, yg membuat stres dan emosi!!","",""
"https://play-lh.googleusercontent.com/a-/ALV-UjXftyxqb5FnZtc5tz8WiUNY1XcijQcH0XpO0xtxUxjtdaD-37s=s32-rw","Imam Ali","11 Desember 2025","Permainan nya sudah mulai sepi, soalnya sering ketemu AI Bot yang Jago banget, udah gitu Tim Lawan menggunakan Hero yang sangat Template/Itu-itu saja (tidak bervariasi) , sedangkan Tim ku bisa dikatakan Janggal semua (di Rank Grandmaster), apakah mungkin semakin Minus selama beberapa Dekade ini? mungkin sudah saatnya untuk berhenti sesegera mungkin.","41 orang merasa ulasan ini berguna",""
"https://play-lh.googleusercontent.com/a-/ALV-UjXEFoujvzmjymgQlNaRzNkyJAwMogP2hxDwr1SqNYXHVPQCVvk=s32-rw","Helmi Abdullah","22 November 2025","terlalu susah menyebutkan kekurangan game ini satu per satu.. soalnya jumlah nya ga terhitung.. aku kasih bintang 1 dulu ya.. nanti kalo udah diatasin saya kasih.. ya ga nambah sih rating nya.. dari dulu juga aku dibikin afk gara gara sinyal nya jelek.. sering dibilang jangan main dihutan.. main dikota aja lag apalagi dihutan beneran..","55 orang merasa ulasan ini berguna","Tampilkan histori ulasan"
"https://play-lh.googleusercontent.com/a/ACg8ocKhIkCvtaD9d7ybxS_ITRKh05Js7GIkNKC5kL6HaV70s74KAQ=s32-rw-mo","Rijal Pratama","20 Desember 2025","ml makin hari makin membuat player marah di kasih tim ga becus sinyal ngeleg dikasih musuh abng2 imo coba moonton viturnya mlbb nya benerin gua hampir mau unisntal dan ditambah game nya rusak tim musuh pick bagus sementara tim gua ga bagus Sora mid lagi coba perbaiki game nya jangn ketemu tim dark sistem lagi coba lost trek Mulu dapat tim KA kencing sekian dari saya assalamualaikum","6 orang merasa ulasan ini berguna","Tampilkan histori ulasan"
"https://play-lh.googleusercontent.com/a-/ALV-UjXxngLQW3tCUxQ7vvyV4771EEB4qoSCPOPA5qJoBmRt5XA8T2w=s32-rw","Alcia Valka","18 Desember 2025","Di update makin ga jelas ... game buruk ... match making yg tidak seimbang, yg paling parah masalah sinyal ... harus nya jangan bintang 1 ... tanpa bintang yg paling bagus untuk game ini ...","7 orang merasa ulasan ini berguna","Tampilkan histori ulasan"
"https://play-lh.googleusercontent.com/a/ACg8ocLMdmBHdtrdzenz7XtrcmsffEE8SgKWyWP-jPVRWHB2lmKj9A=s32-rw-mo","muhamad aprilian","21 Desember 2025","jaringan sering ilang, tim nya di kasih yang tidak bisa main, sangat menyebalkan. moontoon keseimbangab tim tolong perhatikan, makin parah tim nya pada gabisa maen","30 orang merasa ulasan ini berguna","Tampilkan histori ulasan"
"https://play-lh.googleusercontent.com/a-/ALV-UjVamUVva33DVg4YfBu0ywncV7VYOXJeZ6jlIoTAlaE0r6YSZJwG=s32-rw","Rian Yanz","18 Desember 2025","lebih baik pensi dari pada di pertahankan, makin lama makin berat data""nya makin banyak, mending main HOK, game enteng ga berat...","6 orang merasa ulasan ini berguna",""
"https://play-lh.googleusercontent.com/a-/ALV-UjWsmUDc6oOX50JTi6_AggbOzQBm_xG7UR31CMS0TYdC-daskv0=s32-rw","Noz Darkness","18 Desember 2025","Kepada pihak moonton!! saya kecewa terhadap pelayanan dan pemeliharaan game yang di lakukan, karena game ini terlalu banyak bug yang merugikan player, contohnya seperti bug Suatu Hero yang menyebabkan lag seluruh server serta kerugian lainnya","6 orang merasa ulasan ini berguna","Tampilkan histori ulasan"
"https://play-lh.googleusercontent.com/a-/ALV-UjWQqyzGNiXkQcLApDFe5NjsBIFWWsEBLc6JszKrql33U0sOQV2V9g=s32-rw","Agha Doncil","20 Desember 2025","untuk hp mid low di season sekarang bermain ml terlau berat,dan sering mengalami lag,frame rate down dan sebagainya ,dan sering terjadi matchmking yang tidak seimbang","4 orang merasa ulasan ini berguna","Tampilkan histori ulasan"
"https://play-lh.googleusercontent.com/a/ACg8ocJ9JSNQorJG7cBGP1NBoqHCXATtMOUNbzSxrjG9_C8w6C3P8Q=s32-rw-mo","Alucard Emery","23 Desember 2025","Terdapat tim yang feeding dengan score 0/10/3 tapi saat direport, balasannya ""tidak terdeteksi pelanggaran"". Sistem jelek, rasanya seperti dimanipulasi oleh Mobile Legends, sengaja dibikin kalah agar terus bermain. Seharusnya pemain dengan tim troll seperti ini diberi proteksi card, tapi tidak. Dimananya permainan yang adil? 👎👎👎👎👎","1 orang merasa ulasan ini berguna","Tampilkan histori ulasan"
"https://play-lh.googleusercontent.com/a-/ALV-UjWOjWqiyEBPgpWrPGm1eU7dRC3FfbVoUfTSOwdzxjSqJlUexzWi=s32-rw","Muhammad Fahrudin","17 Desember 2025","Kepada developer, saya merasa banyak kurang di mode HD. Terutama pada caracter tampilan hero! jadi seperti kurang enak di mata aja, lebih ke cartoon. Mohon maaf .. Mungkin bolehlah, mengurangi² lag dan lainnya. tetapi menurut saya sih kurang nyaman aja ML yang sekarang.","92 orang merasa ulasan ini berguna","Tampilkan histori ulasan"
"https://play-lh.googleusercontent.com/a/ACg8ocJUJO7WCLqFs4ddMEHokepzYluKHMziWjbL3twBkVbtNVrIYQ=s32-rw-mo","Aril Yons","24 Desember 2025","game nya seru dan menyenangkan, tetapi tolong di perbaiki lagi,kadang aku sering ketemu lawan jago atau temen yg kurang bisa main,jadi tolong di beri lawan yang setara atau temen yg lumayan bisa main, atau lebih baik yg bisa main,dan tolong kalo bisa lawan nya di setaraain sama kemampuan kita. dan juga sering terjadi lag saat bermain kadang pas udah masuk ke gem nya udah detik 40 atau 30 Han padahal wifi lancar, jadi tolong di perbaiki lagi. kadang juga mach meking nya lama.","36 orang merasa ulasan ini berguna","Tampilkan histori ulasan"
"https://play-lh.googleusercontent.com/a-/ALV-UjVE4kEY8VPVgHvcETH4Fd5NOr3y7BQb_8KLP9RaQNTmW9plK-4=s32-rw","Husen Ab","26 Desember 2025","Bapak monton analog tidak bisa gerak Spertinya anda mengunci analog kami anda moonton penipu para player pengaturan sepenuhnya di kendalikan moonton .Sungguh biadap . moonton","1 orang merasa ulasan ini berguna","Tampilkan histori ulasan"
"https://play-lh.googleusercontent.com/a/ACg8ocIBZUpefL630moKl9qh_UGDGG9TkEynnMJZk2sGTgphE9aoJQ=s32-rw-mo","Abizar Roblox","8 Desember 2025","menurut ku lumayan untuk game ini, tapi aku kadang kadang lagg saat main mode rank. terutama saat aku main di mode classic pasti tim saya noob , sebaliknya tim lawan yang pro, tetapi saya ingin lawan seimbang. tolong, moon ton diperbaiki lagi yang kurang👍","384 orang merasa ulasan ini berguna",""
"https://play-lh.googleusercontent.com/a/ACg8ocJLzpkWrlJt5pjpI5gZ2DpEVUgFeqKGX-NzmHVO-jx13it17w=s32-rw-mo","Devan","9 November 2025","sering mendapat team yang gak seimbang. terus akhir akhir ini banyak bug. seperti sinyal lag.analong gerak gerak sendiri. skill / basic attack yg gak bisa di pencet tolong buat developer game nya untuk cepat memperbaiki game ini terutama untuk masalah team yg kurang seimbang. kurangi player feed. dan untuk developer jangan terlalu kikir","284 orang merasa ulasan ini berguna",""
"https://play-lh.googleusercontent.com/a/ACg8ocKyjUvTsAbfO0qNp9joCjOicrx9s6Stms3WDi9OZ1WcaMwWTA=s32-rw-mo","Farand Naufal Gupi","20 Desember 2025","tolong ya moonton saya main ml dari tdi katanya gangguan sinyal padahal jaringan saya oke² aj g ad yg masalah, tiba² lag , eror Tah , keluar dri aplikasi..... main pun saya menit 4-5 masuk in game langsung saya dpt notif afk padahal niat g afk .... jdi tolong pihak moonton kalo ad salah tolong perbaiki yaa.... terimakasih banyak 🙏🙏.... Dan jangan lupa donwload ml sekarang lagi ad event Spongebob Squarepants","1 orang merasa ulasan ini berguna","Tampilkan histori ulasan"
"https://play-lh.googleusercontent.com/a-/ALV-UjVQ5_PJ_34XYCm0lnnh0nrSTSYo7SFeTP9Fle7Ao1sd3NqhZys=s32-rw","m. iwansyah","15 Desember 2025","3 bulan ini main kok sering lag sih...? sinyal hijau tiba² kuning terus ke merah , balik lagi ke hijau ,posisi belum war sinyal udah jelek aja , aduh montoon perbaiki lagi gamenya ,lama ² GK betah kalau main lag terus , hp ram 8 -cipset 85 🤔apa sudah tidak bisa lancar atau gamenya yg lagi ada masalah ? mohon segera perbaiki yah , karna ini game penghilang bosanku 🥳","26 orang merasa ulasan ini berguna",""
"https://play-lh.googleusercontent.com/a-/ALV-UjWvltIoBGgt0aoOiJ8zEY0czg-krYpriN4gpREoGHcD_6VAbYw=s32-rw","Krisna Wijaya","21 Desember 2025","Game Rusak!! masalah jaringan pingnya hijau tiba² aja jadi lag apalagi pas mau kontek turtle atau lord, terus kalau main solo 1 banding 5 pasti selalu dikasih team beban kadang nabrak trio Sejago jagonya player gak bakalan bisa lawan 1 vs 5 kecuali musuhnya boot perbaiki lagi dong jngn sampai player pindah game sebelah","15 orang merasa ulasan ini berguna",""
"https://play-lh.googleusercontent.com/a-/ALV-UjUxbc6TEfDAXKAg52ttInjS6vVCVD9ohZVES1CY20KsNJWuZFgc=s32-rw","Henri Putra","18 Desember 2025","game gk jelass, update makin gede, makin banyak makan ram, tapi kalau abis seson selalu nge lag, musuh ada yg lag,ada juga yg lag, tim sendiri juga gitu, game gede padahall, improvisasi gak pernah pas, dengerin lah suara player nya, maen udh dari 2017 tapi ml makin kesini malah makin gak jelas","13 orang merasa ulasan ini berguna","Tampilkan histori ulasan"
"https://play-lh.googleusercontent.com/a/ACg8ocJw72oxab8PueIeU_CTgX_Xzoi2KwWj2uy8flp7YJjTDp_SKSA=s32-rw-mo","Ani Susanti","14 Desember 2025","lucu gameplay nya sekarang pelanggaran lebih dari rata"" pemain lebih dari 10% masih bisa main di rank gk ada efek jeranya klo gitu aturannya gak jls gak seimbang timnya jg harus bisa milah sistemnya mana player pro sm pemula tolong buat diperbaiki dark sistemnya","24 orang merasa ulasan ini berguna",""
"https://play-lh.googleusercontent.com/a/ACg8ocKmJbmD9wqJqKMLPbEI0A1sLVZfkrzN8I8DuS0Lq2LHigStiA=s32-rw-mo","Bayu Anugrah W","18 Desember 2025","game MOBA yang sangat bagus tapi tolong betulkan bug nya saya main padahal sinyal hijau tapi tidak bisa bergerak dan juga ketika game sudah selesai saya malah terdeteksi afk jadi tolong ini bug di betulkan ini bisa meresahkan player yang lain ini juga bisa membuat mereka tidak lagi memainkan game ini","","Tampilkan histori ulasan"
"https://play-lh.googleusercontent.com/a/ACg8ocL7BKUQwvnz9lC4XUzw3sbv01DHt4vPhoBh_az7j2UKjgSj1Q=s32-rw-mo","Windu saputra","23 Desember 2025","wahh game ini sangat bagus dan ramah, cocok banget untuk tumbuh kembang anak, kalo nanti saya dah punya anak saya akan rekomendasi dia main game ini,,, gamenya seru sekali GAME BAGUS BANGET","1 orang merasa ulasan ini berguna",""
"https://play-lh.googleusercontent.com/a/ACg8ocLZj1kromReUFtIJE74WVXUELUsRzgUblszVDmnpY4Za3L8tQ=s32-rw-mo","Almahdian Saputra","16 Desember 2025","Untuk game nya SEDIKIT BAGUS,padahal sinyal ku bagus tapi gak bisa gerak,trus itu saat saya bermain jaringan nya merah tapi saat saya pencet dia jadi hijau, MENURUT SAYA, TIDAK REKOMENDASI JIKA KAMU INGIN BERMAIN MOBA,saya sudah bermain game ini sudah hampir 6 tahun tapii, MAKIN BANYAK UPDATE MAKIN JELEK GAME NYA, Untuk model tampilan skin Hero cukup bagus tapi untuk efek nya kurang tidak pantas dengan HARGA NYA YANG SANGAT MAHAL(Melebihi kata sangat) | tidak rekomen ★0","16 orang merasa ulasan ini berguna","Tampilkan histori ulasan"
"https://play-lh.googleusercontent.com/a/ACg8ocIIOXiPyaOLof6fiM-jpiyG9r3FC4b9NT8DKFwURVwBStCluw=s32-rw-mo","Alwan Krismansyah","18 Desember 2025","setiap main pasti sinyal nya merah mulu, padahal jaringan nya bagus bagus aja kalo buka game online lain, tolong benerin🙏(tidak recomend untuk didownload) dan kenapa setiap ganti season atau ada update selalu ngeleg tolong dong diperbaikin.saya akan kasih *1, karena kalo setiap main suka ngeleg padahal ping hijau, kalo masalah jaringan udah diatasi saya kasi *5++","23 orang merasa ulasan ini berguna","Tampilkan histori ulasan"
"https://play-lh.googleusercontent.com/a-/ALV-UjVZ9IimbyIuO84ZaKtlPmyMk3A49kEgHLemkHoGxaCdHSOcnUgb=s32-rw","22Yuda Vairus","23 November 2025","saya memberikan rating 5 poin bukann karena game ini bagus,,tapii banyak sekali yang kurang terutama sistem pembagian team,,saat bermain terlalu sering saya mengalami sistem matching yang tidak seimbang,,yang di mana musuh jauh lebih unggul ketimbang team sendiri terkadang Dengan hal2 basic saja tidak mengerti,jujur ini sangat merugikan Dann menganggu kenyamanan bermain,,jadii pikir terlebih dahulu apabila ingin mengunduh game ini","686 orang merasa ulasan ini berguna","Tampilkan histori ulasan"
"https://play-lh.googleusercontent.com/a-/ALV-UjUCvvd1HeHQZiRdcQc-SK4f40gALnSWaNKlr5RLaBwW7zj2g1jq=s32-rw","Mur Jamur","18 Desember 2025","Game rusak makin kesini makin parah.. tiba tiba leg lah pas awal season.. meendding kalo patah² ini ampe gak gerak trus langsung keluar sendiri.. makin banyak pemain makin rusak game nya.. tolong d per baiki dari jaringan nya min.. kecewa saya kalo ampe gini terus","6 orang merasa ulasan ini berguna",""
"https://play-lh.googleusercontent.com/a-/ALV-UjXTg_XXlSQY4nM7nNGxVrWf8jCm860Vzlo1QqjOV5w2_tg71MK7=s32-rw","Komuk Dumai","16 Desember 2025","pembagian tim tidak adil , tidak pernah seimbang, bagi Player solo ini sangat menyiksa karena selalu di pasangkan dengan bot/player baru, sedangkan tim musuh selalu sepuh yang sudah pakar bermain tolong ubah sistem maching ini kembalikan mobile legen seperti dulu lagi .","15 orang merasa ulasan ini berguna",""
"https://play-lh.googleusercontent.com/a-/ALV-UjVS3x7aDNmD3FKvlbL4NS8a-C585-Jb4P_GyRnR4a9Uc3Zzr1EH=s32-rw","SamueL","18 Desember 2025","tolong dong ton gamenya di benerin dari kemaren eror mulu padahal jaringan bagus malah di in game langsung merah pingnya aneh banget, nanti kalo sudah bener saya kasih bintang 5","65 orang merasa ulasan ini berguna",""
"https://play-lh.googleusercontent.com/a-/ALV-UjVL9Q-Sgj-maBvdV8VUbNmEmJFfWA3yBoymrZnAMuOt-1Xp9Pc=s32-rw","NUR RAHAYU","21 Desember 2025","pull bintang saya suka game ini karena melatih kemarasan buat hiburan selain itu berguna melatih strategi supaya bisa menang. senang mendengar menang saat bermain.","1 orang merasa ulasan ini berguna",""
"https://play-lh.googleusercontent.com/a/ACg8ocJuoD6Zn2RAA7PRu3dBKzWQ6jRebHujonbCk47Wf9wQn-kU7Q=s32-rw-mo","Idris Assofi","20 Desember 2025","game tidak ada keadilan dalam game draft pick, tim dan musuh tidak seimbang membuat banyak player kesusahan meningkatkan rank atau bermain dengan santai, saya disini memberikan bintang 5 agar pengguna lain mengetahui bahwa game ini tidak memiliki keadilan","2 orang merasa ulasan ini berguna",""
"https://play-lh.googleusercontent.com/a/ACg8ocLsoOhRTp3gWyYu4jGJBoqWX6NkmnjZxrytOrlStYUFJUIVMQ=s32-rw-mo","Doha Qatar","25 Desember 2025","tolong di perbaiki lag/bug nya saat draf pick kok tiba tiba leg di detik 24/10 akhir itu sangat mengangu padahal penyimpanan hp saya masih banyak","",""
"https://play-lh.googleusercontent.com/a-/ALV-UjUw-vbONeP8WSgIQoYHJc2EkJQtswz4vD_xkGc-CIjchbhiSCs=s32-rw","yosua fernandes","18 Desember 2025","setiap player yang mau naik ke rank selanjutnya pasti ada saja halangannya seperti tim yang kurang kompak,tim lawan yang tidak setara dengan tim yang di dapatkan mohon pengertiannya ya moonton dan ketika bermain selalu menemukan tim yang tidak sesuai dengan skil musuh","23 orang merasa ulasan ini berguna","Tampilkan histori ulasan"
"https://play-lh.googleusercontent.com/a/ACg8ocJuSl4lvIBe0ZjYr2Ma7oZvtkYQ4rJSGhForZD9fLpMEsVClw=s32-rw-mo","Indri Diaz","21 Desember 2025","karena pengalaman ku main mobile legend itu seru banyak tim eksport yang aku sukain contohnya onic rrq dan alter ego aku sangat senang bermain game ini semoga kedepannya game ini menjadi game yang paling populer dan banyak penggemar","1 orang merasa ulasan ini berguna",""
"https://play-lh.googleusercontent.com/a-/ALV-UjWZbz8w9yfOnYuwnYYb62hB_939NjoZJhHdoe5aYWRGdLp-rEf4=s32-rw","Cokhy Justin","5 November 2025","Game toxic,penuh cacian makian,game aneh bug dimana mana kadang kontrol kadang sinyal,saat match making sering tidak seimbang,kadang demage musuh terlalu besar, walaupun sudah menggunakan item armor sampai memenuhi slot item tetap saja musuh menghasilkan demage tinggi","41 orang merasa ulasan ini berguna","Tampilkan histori ulasan"
"https://play-lh.googleusercontent.com/a/ACg8ocJEFSl7AaZvqzLcU5Q8mPKBjnAxFHaZW2WeA1nZMA4bbkgQO_Y=s32-rw-mo","Fadil Muh","23 Desember 2025","ini game kebanyakan skin gratis tapi sistem match nya gajelas masa tim gw di kasi tim ga normal sedangkan musuh gw jago ini sengaja atau apa pls lah masa di kasi menang sedikit, baru menang 3 kalahnya banyak karna dapat tim nda jelas ayolah muak gw main rank gini, kurangin aja bagi skin gratis nya perbaiki dulu sistem match nya, dan sinyal nya juga tidak normal padahal game lain lancar cmn game ini yang normal sinyal nya tolong perbaiki juga saya mohon, temen gw aja pensi gara""dapat tim ga bagus","1 orang merasa ulasan ini berguna","Tampilkan histori ulasan"
"https://play-lh.googleusercontent.com/a-/ALV-UjVg1VSBaDkBLHFOAoPhvAKD7SCAG2b9ztmEgbdrrcDSoKUZvEOAxQ=s32-rw","Abie Al'ridzky","4 Desember 2025","menurut gw gamenya bagus, mengasah strategi dan juga timing ketika war, tapi mohon kasih tim yang seimbang sebagai player yang sering disatukan dengan pemain pemula yang tidak sengaja bertemu musuh yang jelas merusak keseimbangan itu malah membuat kami frustasi, but segi gameplay bagus, event menarik tapi setiap mau melaporkan tim yang feeder selalu tidak dikasih sanksi/hukuman ini meresahkan bagi saya dan terutama player lain, jadi mohon pengertiannya.","211 orang merasa ulasan ini berguna",""
"https://play-lh.googleusercontent.com/a-/ALV-UjW6p0ibmnTbS-MoUEQT1BJ-wv0LERnjrBRXkPJ1lFvZ_Cj1z1Nj=s32-rw","Ando Situmorang","19 Desember 2025","Makin lama makin rusak game ini masa ia jaringan hijau tapi kok jalan sendiri hero nya.... aneh nya lagi pas milih hero dan ingin mengganti spill nya malah lelet nya minta ampun...... lama"" ku hapus game ini dri hp ku.. dah ram nya banyak makan memori.. ram 6 pun dah gk sanggup lagi ngendong game ini... dancokkkk","5 orang merasa ulasan ini berguna","Tampilkan histori ulasan"
"https://play-lh.googleusercontent.com/a-/ALV-UjWQU4041SOKJKOEJWAF_QQD1YQd9YpaaU1bvz0jFItuLrV3WzE=s32-rw","Zennn Xyro","20 Desember 2025","setelah update patch terbaru jadi sering frame, patah-patah,delay padahal jaringan bagus buat pihak moonton tolong di perbaiki supaya para player menjadi lebih nyaman mainnya, terimakasih","3 orang merasa ulasan ini berguna",""
"https://play-lh.googleusercontent.com/a/ACg8ocKydqgmg-0YL30MmlkFCGO83_hKNgbdJ_S_pzrbu8gpI7Lo0Q=s32-rw-mo","Chiechie Chusna","8 November 2025","grafik bagus game nya juga bagus , namun sayangnya saya sering mengalami bug pada saat draft pick dan saat bermain, menurut saya ini sangat mengganggu saat akan war perebutan turtle, lord maupun war bisa jadi tolong perbaiki bugnya ah dan tolonglah ini udah ada fitur pilih role sesuai yang bisa tetep aja ada yg ngetroll sumpah aing teh cape","109 orang merasa ulasan ini berguna",""
"https://play-lh.googleusercontent.com/a/ACg8ocKDQ5jD9uOCFkXXWO8bPcxrPGHXGuvkIy2kHJBYdRrEhmwr4g=s32-rw-mo","Merta","28 Desember 2025","makin lama makin gk jelas mobille legend nya sekarang, aplikasi hama ter kadang kawan kita di kasi computer sedangkan lawan nya jago mantan imortal semoga mobilegend nya ter puruk dan makin lama peminat nya sadar kalau aplikasi ini sekarang gk jelas dan langsung di hapus aplikasi nya","","Tampilkan histori ulasan"
"https://play-lh.googleusercontent.com/a-/ALV-UjUHCrpFkSUU7_tYglPotJqieAcN3yNVZGOQCR5Si4ZtYYLo0qX8=s32-rw","Bakesal Esal","18 November 2025","Gameplay bagus, tapi lag-nya bikin mood hilang. Tolong diperbaiki, sayang kalau game bagus jadi rusak gara-gara performa. Grafik oke, tapi framerate ngedrop terus. Tolong dev cek optimisasinya.","59 orang merasa ulasan ini berguna",""
"https://play-lh.googleusercontent.com/a/ACg8ocKeqG1Zt3H6Q4izGBv0o7JzGJi61xd9k75bu33Zjtec80B8Jw=s32-rw-mo","Shadow Garden","20 Desember 2025","masa saya pake scrip aja di ban 1 hari, kan niat saya untuk membuat grafik game nya lebih keren, untuk menambah minat bermain tetapi malah di ban, mana jaringan sering tidak stabil padahal jaringan lancar lancar aja, mana saya juga lumayan sering top up tapi malah tetap kena ban, padahal tidak merugikan siapa pun malah menguntukan bagi kedua belah pihak tetapi montoon tetap memberikan pelanggaran yang membuat player malah tidak berminat bermain","5 orang merasa ulasan ini berguna","Tampilkan histori ulasan"
"https://play-lh.googleusercontent.com/a-/ALV-UjUVHwTEaj8BIV6B5Iwod_bGXGVd1kegDNT6v-Py-RIEQCVWeCiP=s32-rw","Desi Natalia","12 November 2025","Saya baru saja mengalami hal tidak menyenangkan di game ini, saya sedang asik bermain clasic karena terlalu sering win saya dipertemukan dengan akun musuh sangat aneh, saya kalah saya pikir mungkin main saya tidak bagus setelah saya telusuri akun tersebut ternyata memang spamers, akun tersebut setelah mengalahkan saya langsung offline dia akan login hanya untuk menghentikan SIAPAPUN yang mengalami win streak. Terlalu banyak KECURANGAN dan sistem montoon terlalu banyak mafia saya sangat KECEWA.","88 orang merasa ulasan ini berguna","Tampilkan histori ulasan"
"https://play-lh.googleusercontent.com/a-/ALV-UjVOgS2LwKMeq_sPxQwUm1B2VHYZd12Jvt258mHLmRJEyCHrFm4=s32-rw","Deni Hesa","9 Desember 2025","gamenya tambah ngelag woi moonton, mendingan sebelum sebelumnya dah, ini kenapa sih semakin kedepan malah semakin rusak, prioritasin kenyamanan player lah Jgn kebanyakan nambah nambahin hal yg ga perlu, game ini juga kalo playernya pada cabut mah rugi sendiri nanti, gw ngomong gini karna udh berapa bulan ga dibener benerin, mana ngelag sampe macet lagi, bukan cuman karna koneksi internet gw, gw di dalam gamenya MH lancar jaya, tapi di loby sampe draft itu sering macet","13 orang merasa ulasan ini berguna",""
"https://play-lh.googleusercontent.com/a/ACg8ocJsxwflcrhQtQC4YnNLvLlpX30vKWXq3Gg7j59CSCw2WIyg4A=s32-rw-mo","Acha Pochint","21 Desember 2025","udah berkali2 mau ganti akun tapi gak bisa. lapor ke montoon seminggu lebih juga cuma disuruh ngirim bukti. setiap ganti akun kalau gak loading lama pasti server sibuk. gameanjing emang","3 orang merasa ulasan ini berguna",""
"https://play-lh.googleusercontent.com/a/ACg8ocLT9FD4GZhx8GzYmXm7ufPfKtLtMeES2857dZiEENTfSWnxtg=s32-rw-mo","Sahrul Gunawan","20 Desember 2025","geme nya bagus dan seru tapi sekarang banyak bug seperti tidak bisa main mode brawel dan tidak ada animasi saat memakai Hero","1 orang merasa ulasan ini berguna",""
"https://play-lh.googleusercontent.com/a/ACg8ocIcYG4Rstsi0MUe2d8mUC8e85cVuL_okKi3JD6NXeFaGGGHdg=s32-rw-mo","Azhar Baru","18 Desember 2025","sebaiknya montoon mengganti engine nya yang 2017 itu ke yang lebih terbarukan, apalagi tiap ganti season sering terjadi lag dan banyak bug yang gigunakan player lain untuk mencarikan kemenangan dalam mode rank. lambat laut player akan sadar dengan banyak kekurangan game ini tidak akan buat player betah dan top up","15 orang merasa ulasan ini berguna",""
"https://play-lh.googleusercontent.com/a-/ALV-UjWIqlf7lW6wGV4ZJ9UcOxhkPCzSOMLvN2_wkT7PxcVJcmzpoy-j=s32-rw","Zahran Putra syarom","19 Desember 2025","okee jadi bintang 5 untuk game ini, walaupun sempat terjadinya ping yang tinggi di setiap pertandingan tapi yaa, perbaikannya sangat cepat dan player di berikan sebuah kompensasi. Terimakasih moonton karena sudah melakukan hal terbaik","4 orang merasa ulasan ini berguna","Tampilkan histori ulasan"
"https://play-lh.googleusercontent.com/a-/ALV-UjUpq9PXbqf25Me9-FvsW8Jy1ow0Kdj8gtTAA2MSgePg7ZJXz9W4=s32-rw","Diki Ananda","19 Desember 2025","terlalu bayak bug dan masalah lainya seperti ,jaringan jelek di handphone bagus ,giliran di game jelek , masalah ya gk 1 kali 2 kali tapi terjadi di setiap gamplay ya moga aja di perbaiki kalau kayak gini semua player males main game ya .","4 orang merasa ulasan ini berguna",""
"https://play-lh.googleusercontent.com/a/ACg8ocIFpGHHmH9n_BUOIt_AZbOxqXV8Gv9i9VRmqZwDHHWNI_CmbA=s32-rw-mo","risto kayeli woria","21 Desember 2025","game ini sudah asyik,cuma monton harus cari lawan itu sepadan dngan skin kami miliki,masa kami belum dpat skin alias gosong,bru monton kasi lawan uda ada skil,legend,dan special,dari 30 perminan blum dpat yg sepadan,dngan skin ku,jdi perbaiki dlu sistem,","",""
"https://play-lh.googleusercontent.com/a-/ALV-UjXE3HQP9U-5NEInEny4zucJUBMCCM99CDQMsMj9b2VjC0dvoRV2=s32-rw","Haykal Kahfi","29 November 2025","yang bener aja, masa team gw mainnya aneh sedangkan musuhnya jago? apalagi musuhnya seakan akan player glory keatas,. plis, kasih team yang konsisten. kalo noob semua, kasih aja noob semua. kalo pro, kasih team pro juga. biar kami tuh seakan akan nggak kesulitan, ini juga demi biar player kmu lebih puas dengan matchmaking yang pas.","12 orang merasa ulasan ini berguna",""
"https://play-lh.googleusercontent.com/a-/ALV-UjXH0F3P0ERg_7kuAVtzvbKeMKiGNUelsB0bhF_5TG5QkI9eQI8A=s32-rw","Chandra wahyu","26 November 2025","bikin matching yg imbang kek, maen tim kayak gak punya otak semua. lebih mending bot masih bisa maen , ini dapat tim aja kayak gak punya otak mainnya. kagak solo,duo,trio, main full squad dapatnya musuh sulit penjoki. minimal kasih yg bener kek timnya .","29 orang merasa ulasan ini berguna","Tampilkan histori ulasan"
"https://play-lh.googleusercontent.com/a/ACg8ocItXPab3fVB6Te659GkYmVaY0MxoKWCMLo_g1_Kq4vCQxHtzw=s32-rw-mo","Firdaus Andira Andira","22 Desember 2025","lumayan bagus Game ini cuma kurang adil,masa saya solo nabrak trio,nabrak party udah itu tim gua dikasih bot² mentok honor sedangkan musuh rank glory ke atas saran gua kalau kekurangan pemain buatlah seadilnya biar orang banyak gak unistal ini game","",""
"https://play-lh.googleusercontent.com/a/ACg8ocJgGf59d0lLCfAvdKFxgRooAi2ajUFSty8DYE8GUddvyFeMTQ=s32-rw-mo","Anta Suryadi","21 Desember 2025","jaringanya patah patah ngelag saat wars ngelag saat wars game saat wars ngelag berat kalau mau jalan game putar putar saja, perbaiki masalah jaringan nya ngelag saya lost terus rank juga turun parah game ngelag parah ....","3 orang merasa ulasan ini berguna","Tampilkan histori ulasan"
"https://play-lh.googleusercontent.com/a-/ALV-UjX0VPjhRAvY_4Fr6R57s0P9bApMqcVIAjodTjO0cYSZW5F_6FRs=s32-rw","M Zahwa","20 Desember 2025","game apaan, banyak bug. hero gak dapat digerakan padahal sinyal bagus sama setelah kembali dah ke pertandingan tiba tiba kontrol saya menjadi besar tidak seperti yang tadi, menggangu gameplay saya, dan saya jadi kalah","4 orang merasa ulasan ini berguna",""
"https://play-lh.googleusercontent.com/a/ACg8ocK5h40w-8KYZy3wrVUBGEMlAb5JZ1X6flpPNBjTiLyfotmCGg=s32-rw-mo","Dian Diram","21 Desember 2025","apalah co lagi draft pick tiba tiba koneksi terputus gajelas banget, udah pake wifi padahal, hadeeuh rusak banget. relog 4 masih ajaa gak bisa masuk","2 orang merasa ulasan ini berguna","Tampilkan histori ulasan"
"https://play-lh.googleusercontent.com/a-/ALV-UjULn3r4eGhYQhKVjEA62VQETzOOhQfe9nenHrMPOBbFC8DPMba35Q=s32-rw","baalpu","17 Desember 2025","masalah jaringam di game ini harus di perbaiki, masa ping bagus 13/30ms bisa lag, skil keluar delay, padahal buat buka apk lainnya lancar aja sinyal wifi nya, tolong diperbaiki dulu jaringan gamenya, biar player pada gak kecewa","","Tampilkan histori ulasan"
"https://play-lh.googleusercontent.com/a-/ALV-UjUuIAPJ412hDqwdIW87mKiCkkOL5juAHe1rIqLIiniYVJ-7io0=s32-rw","Fran Sidik","16 November 2025","pink sebelum main bagus , pas masuk game main, malah putus2 kayak gak ada sinyal kan babi, koneksi apa kek gitu kont.. kalo emang koneksi dari sinyal hp atau kendala lain. ya gak usah kasih notif sinyal bagus lah. kalo ujung nya main kayak gak punya sinyal. perbaiki lagi noh grafik belum seberapa koneksi malah kayak game burik grafik rendh 2g. emang gak semua yang ngalamin tapi ini kalo terus²san gak bakal lagi yang mau pake ini game, mending pindah game lain, dari pada ngabisin duit beli² skin","57 orang merasa ulasan ini berguna",""
"https://play-lh.googleusercontent.com/a/ACg8ocJTMtkKK-Kolgn5TPuFPX5lH21euO-DHlcAcIDKql1nrgPyTw=s32-rw-mo","Wahyu Tri","15 Desember 2025","minta tolong ya buat sistem draft untuk solo diperhatikan lah, tiap main dapat tim yang gk ngotak semua, gk bisa main.. nyusah selalu seperti itu, kasih solusi lah.. ada draft khusus buat solo.. kaum solo merasa sirih sama draft squad tapi timnya begi banget.. terus kenapa jaringan internet sering tersendat atau putus mendadak..","10 orang merasa ulasan ini berguna","Tampilkan histori ulasan"
"https://play-lh.googleusercontent.com/a/ACg8ocLcy2pjnzS9Gm2oRPWhlpZwsc9uPFq-LG8P2Nsck3HDHHkQgHI=s32-rw-mo","Kabol Jr","11 Desember 2025","sebenarnya sejauh ini normal aja, biasa. paling stuck sebentar ketika habis selesai draft, tapi itu oke lah mungkin hpku penyimpanan penuh. tapi tiba-tiba 1 Minggu kebelakang ml saya stuck ga bisa di apa apain ketika habis match dan kembali keloby, kirain lag tapi setelah relog, tetap setuck mohon konfirmasinya moonton ini gimana saya tidak bisa bermain kalo gini terus, mohon tanggapi kalo bisa hubungi saya.","17 orang merasa ulasan ini berguna",""
"https://play-lh.googleusercontent.com/a/ACg8ocI86KkXhXZjlLUHShTa7VmpbUFrfZ7Fpy2nUVj-doCfKXbsrQ=s32-rw-mo","Mulyadi17 Mulyadi17","15 November 2025","tolong moonton,saya main beberapa kali ini kok agak aneh,yg sebelumnya sinyal baik² aja nggak ada masalah kenapa tiba-tiba ngelag parah,dan waktu mau war tiba-tiba juga ngeleg,seperti banyak yg pakek cheat,padahal sinyal bagus,sering lag jalan² sendiri waktu mau war padahal sinyal mendukung","89 orang merasa ulasan ini berguna",""
"https://play-lh.googleusercontent.com/a/ACg8ocKGZ71pMj2De_yPRYlPo0xQthNErySyWig-3a3deU7DAwMZxQ=s32-rw-mo","muhammad ayub","21 Desember 2025","pengalaman saya bermain game ini adalah season kemarin dan kemarin-kemarinnya soal masalah gatau kenapa tiba-tiba gabisa gua gerakin padahal sinyal gua lancar parah masih aman hanya saja tolong banget nih yak, itu tu player-player yang gua dapatin selalu aneh aneh semua dari season dahulu hingga season sekarang tidak hanya masalah player yang gua dapat selalu aneh tapi kini ada lagi masalah barunya yaitu terdapat pada sistem yang tiba-tiba bergerak sendiri padahal sinyal gua hijau 1 digit loh","11 orang merasa ulasan ini berguna",""
"https://play-lh.googleusercontent.com/a/ACg8ocL838RfMfLa6fwZ17H62HDJWiIjVjaY9RdJc4dJhiFIvBnZvw=s32-rw-mo","Hanji Gifan","23 Desember 2025","Hei Montoon ML game nya bagus, tapi saat aku gak sengaja afk karena sinyal hilang, tolong dong saat update selanjutnya saat ingin menaikkan kredit score banyakin dong kapasitas per hari kredit score 5 atau 4 gitu biar lebih mudah naikin nya, kalau udah di-update seperti itu baru aku kasih bintang 5","","Tampilkan histori ulasan"
"https://play-lh.googleusercontent.com/a-/ALV-UjWDKWWVDsfXXapijzSeCtFSlERV1dAC1mchOD6YuRADveMS3ecJ=s32-rw","贈ADITYA","24 Desember 2025","Setelah update, masalah jaringan makin menjadi membuat permainan terganggu, mohon cepat difix(sht men ls truss gara² lag)","1 orang merasa ulasan ini berguna","Tampilkan histori ulasan"
"https://play-lh.googleusercontent.com/a/ACg8ocI2jQbZJFp0o-PVaxSs8IROEmmnsG3tWzwmz2cRdPUd-Dacxg=s32-rw-mo","Fiky Putra","25 Desember 2025","makin hari gak nambah bagus malah rusakkk gak fair sama sekali jaringan server jelek banyak dark system sangat tidak adill dalam pemilihan timnya mohon perbaiki sebelum banyak player"" yang hapus ini game","","Tampilkan histori ulasan"
"https://play-lh.googleusercontent.com/a-/ALV-UjUCrll1NXjGLrKvmqHGLHGHTqcEZz6VBLlv4T4Pxpn1OsTpK7GG=s32-rw","Muhamad Viqri","18 November 2025","Tolong perbaiki bug, setiap match making di 30 detik terkahir pasti lag bgt jadi gabisa ganti set emblem skin dll, trus kenapa makin update bug mya makin banyak, padahal device sudah memenuhi dan penyimpanan juga masih banyak, tapi pas loading screen pasti stuck 30% menyambungkan ulang dan jadinya saya masuk battlefield sudah ketinggalan 1 wave minion","33 orang merasa ulasan ini berguna","Tampilkan histori ulasan"
"https://play-lh.googleusercontent.com/a/ACg8ocLteHGX2QQHRasaKyEOIKbST2nIU9ACfn6iKSjXdo2xGvRrdg=s32-rw-mo","Sri Hendrati Nurani","14 Desember 2025","GAME BIKIN EMOSI benernya nya baik baik aja gw main game ini dri dlu tpi ad masalah ga jelas bagi gw 1.lagi main tiba tiba ngelag gajelas padahal internet/paketan lancar 2.suka nge crash sendiri tpi klo ini gw gatau karena mungkin hp gw sendiri ato gimana 3.pas loading masuk ml padahal udh ad tampilan nya malah crash bahkan orang-orang sama juga TOLONG DI PERBAIKI YA DEVELOPER!!! KARENA INI MENGANGGU SEKALI BAGI SAYA! dan crash nya gw sangat memohon utk di perbaiki secepatnya🙏🙏🙏🙏","16 orang merasa ulasan ini berguna","Tampilkan histori ulasan"
"https://play-lh.googleusercontent.com/a-/ALV-UjURWOTL9kxLyZpGzQFE1VfAbH3UcRJrCT_mM1O-pO9wM8kOizqU=s32-rw","DD Gemesh","18 Desember 2025","keseimbangan match masih sering banget ga sesuai suka dapet tim yang suka troll, dark system, & feeder sedangkan musuhnya joki pada mabar, masih sering lag, ping tinggi, sinyal ga stabil padahal sinyal normal udah pakai wifi juga sama aja koneksi error 👎","233 orang merasa ulasan ini berguna",""
"https://play-lh.googleusercontent.com/a-/ALV-UjWwOF-9aFVR-Gi8Eb4PzGLHcrzeKHZrf89cxstluHzriegOow=s32-rw","B_027_Khalid Saifullah","22 Desember 2025","Woi ayolah, makin kesini makin down aja. jaringan stabil di bawah 10 ms, pas masuk in game lag sampe 200-300 ms. jangan di download geyzt","2 orang merasa ulasan ini berguna","Tampilkan histori ulasan"
"https://play-lh.googleusercontent.com/a/ACg8ocLEjAuDyfxvZEjs-2Vtlz_tn-W12CqTgThKe4HIns_wEYDVQQ=s32-rw-mo","Arfiana Aninda","19 Desember 2025","sejak ada event Sora (Hero baru) banyak banget lag nya, contoh sinyal wifi bagus tapi pas main kok jadi jelek, Hero nya nggak bisa gerak, waktu main solo rank nggak adil battle play 😞, kadang juga sampe afk buat cuma liat sinyal jaringan padahal sinyal jaringan ku tuh bagus tapi pas main kok buruk 😭🫵🏻, moonton perbaiki bug nya lha 😭😭🫵🏻","4 orang merasa ulasan ini berguna","Tampilkan histori ulasan"
"https://play-lh.googleusercontent.com/a/ACg8ocK1jUUr2eM_4f4GcRSdxLU4_NJ2kP4IKMoNT5bULiADWwY6Hw=s32-rw-mo","securty dit","18 Desember 2025","Setiap update jangn di tambah kapasitas ram lagi monton belom tentu hp nya bersprek terkadang orang lain ingin memainkan permainan ml kalo bisa di kurangiin lagi persi update nya jangn di tambahin kapasitas yang lebih tinggi tolong di kecilkan lagi biar permananya lancar dan perbaiki lagi lag ketika war biar semua orang tertarik...jangn terlalu menyulitkan permainan nya juga saya sering menang cuma 6 kali kalah 10 kali tidak sesuai ekspektasi semua orang","14 orang merasa ulasan ini berguna",""
"https://play-lh.googleusercontent.com/a/ACg8ocLDu6e69fdMP4MB560htyAMHTecZ-6xyRSj3EUkF4U_ml2cnw=s32-rw-mo","Lyona_m1ka1n343","21 Desember 2025","jaringan sering jelek, padahal wifi nya lancar sering lose streak sampe wr ku turun mohon perbaiki jaringan nya... gara gara jaringan nya jelek jadi losetreak jdi males main padahal wifiku normal normal aja trus nyoba pake data masih jelek juga...","","Tampilkan histori ulasan"
"https://play-lh.googleusercontent.com/a/ACg8ocLaClJkawjbPUp_V0QX4XCfrJguLZV0VK01ZqiEVa1WotQKkA=s32-rw-mo","Fakhri Dooo","22 Desember 2025","ngasih tim kira kira lah jangan bikin orang setres gara gara game ini main solo udah kayak main sama anak SD kelas 1 kasih kita kira lah monton rela begadang sampai ga tidur lagi demi game ini ga ada hasil nya bintang hilang jad ke inget terus #GAMEBIKINSETRESDOANG","1 orang merasa ulasan ini berguna",""
"https://play-lh.googleusercontent.com/a-/ALV-UjUeCSVwzNfMlxoTGynYgLhP-kf7loykYABstJQ4ticUyEQOCkOm=s32-rw","AKH KHUSEN","25 Desember 2025","main game buat ngilangin setres, ini Malah nambah setres. game setress. tiap main solo, duo, atau trio pasti sisanya dark sistem. game rusak","",""
"https://play-lh.googleusercontent.com/a/ACg8ocJOHWuX4GLAPv1hrskQO_NsO2eAoqLVnI1dtrSMc9-TwRXXXg=s32-rw-mo","rizky perdana","9 Desember 2025","game banyak bug, setiap mau end base musuh selalu ngelag tiba"" padahal jaringan bagus full, hadeh lain kali benerin lagi deh, ga cuman itu ada juga bug gabisa di tap pas habis pertandingan, hadeh game ini makin kesini makin kesana... game dongo","7 orang merasa ulasan ini berguna","Tampilkan histori ulasan"
"https://play-lh.googleusercontent.com/a/ACg8ocKhW_kWoM632pZXVfwSyrr-LLYTp9RrVMM_oCy9gzV_MGWb8w=s32-rw-mo","Asar Sragen","18 Desember 2025","season baru bikin gameplay jadi lag,pas mau push awal season 10 orang lag semua,GK bisa gerak, wifi udh bagus tapi masih lag, suka mencet mencet sendiri, dll. alhasil gw di cap afk padahal gw gabisa gerak tolong segera perbaiki🙏🙏","4 orang merasa ulasan ini berguna",""
"https://play-lh.googleusercontent.com/a-/ALV-UjVP4fBfU87UnoLwtqIBZYdFSNn_u3icQu-7_klSH8O7viy4KwE=s32-rw","Rizz zcvv","21 Desember 2025","Saya kasih bintang tiga, karena sistem dark di Mobile Legends itu kenapa tidak di hilangkan, ketika tim saya isinya beban/nyusahin. kenapa tim lawan kadang lebih jago? dan juga pada sistem jaringan, tolong di benarkan padahal jaringan saya sudah bagus dan suka lag? apakah moonton sejahat itu? semua player pernah mengalami itu. Saat war jaringan kadang lag.","7 orang merasa ulasan ini berguna",""
"https://play-lh.googleusercontent.com/a/ACg8ocITVMM5hLGNSg0angPK4bevQDp83gaNYyJnvmRcwV22rg7_tg=s32-rw-mo","Nurantum Mhindun","24 November 2025","bisa gak kasih lawan tu yg seimbang gitu, bukan yg udah pernah glory dikasih ke kita lawan nya, terus kalau bisa Hero yg dipilih yg sesuai dilane aja kapan mau naik pangkat kalau dikasih musuh yg berat terus yg ga setara yg lebih kuat,","16 orang merasa ulasan ini berguna",""
"https://play-lh.googleusercontent.com/a/ACg8ocIjY4gUL7NMgCHaHll85rtypPpyixoBPST4ZXExIOl9kKj_yQ=s32-rw-mo","YudiyonoB24A YudiyonoB24A","25 Desember 2025","Yang saya harapkan kedepannya game MOBA ini lebih bagus lagi dan tolong perbaikan BUG cepat di tangani agar para player ml setiap reset seson tidak mengalami bug seperti di awal seson ini.","","Tampilkan histori ulasan"
"https://play-lh.googleusercontent.com/a-/ALV-UjXzcYu2LHPWKGZxHlzcpR83AsQUVHZNc2aqWlnoKNYACyuFhjw=s32-rw","Erlangga Makalalag07","21 Desember 2025","game cacat, gw di ingame jaringan bagus sama mic lancar ama tim gw, Tiba-tiba drop ping, padahal masih bisa mic barng trus udah gak bisa lagi gerak, mana terus maslh server lagi, 1 tim semua gak ada yang bisa gerak. game tll","2 orang merasa ulasan ini berguna",""
"https://play-lh.googleusercontent.com/a-/ALV-UjWrD0nhaSuR9iSFS7O_Y3L1rd_CgOkGoP2X3QtNth5_NnxkpjA=s32-rw","Tilu Opat","24 Desember 2025","server rusak,skin di perbanyak tapi server makin buruk,setiap gua main game lain aman aman aja tapi pas main ml langsung lag parah,padahal gua mau pubg aja masih lancar lancar aja,tolong di perbaiki makin lama ml makin gk seru kalo terus gini mah","1 orang merasa ulasan ini berguna",""
"https://play-lh.googleusercontent.com/a-/ALV-UjVxNV77OOwsZSw68M5WUWIa3OCkUU6llJ_7qPRHXUWF3mZk1G4=s32-rw","Adit Epep","24 Desember 2025","game ga jelas, di kasih tim anomali terus, musuh terlalu jago, udah minta bantuan, masih aja di kasih tim anomali bot, game ga jelas","166 orang merasa ulasan ini berguna","Tampilkan histori ulasan"
"https://play-lh.googleusercontent.com/a/ACg8ocIWVnor9Tml02GrMbNRjQwUd6JMKeyuoRVzMQL8Ys2__6_DoQ=s32-rw-mo","Edi Siswanto","20 Desember 2025","bagus si bagus cuma kalau di awal season tolong dong jangan di riset download data nya sini dah cape cape buat download satu satu eh di season baru malah ke riset semua download data nya, cape download kayak gitu satu satu,mana semua hero nya suruh download data lagi.","3 orang merasa ulasan ini berguna",""
"https://play-lh.googleusercontent.com/a/ACg8ocLVaHeslm-8xX4j3sBTc1hT9Dl6LctXHjHldiumJgVPkpSPmQ=s32-rw-mo","Raihan Putra","24 Desember 2025","game ini kalo ngasih musuh kagak ngotak udah itu musuh nya aneh² yang mantatn imo lah mantan glory lah sendangkan timku ada yang mantan legend epic udah itu warior ini game bukanya happy malah tambah stres kalo ada skin argus aspirants bintang lima sama argus ku jadi top lokal tapi kalo gak rilis skin nya bintang 1- hero power ku udah 1520 bisa kali top lokal kasi musuh yang ngotak sedikit ya dah","",""
"https://play-lh.googleusercontent.com/a-/ALV-UjWjfe-25aONPJEFAU6P6NOhRietrHEPPwOnSJdi63uHIrxoOlpL=s32-rw","Mina Yamato","15 Desember 2025","demi apapun didunia ini, kenapa sih game ini sering ilang jaringannya sementara gue pake wifi plus satu rumah gak ada masalah sama sekali sama jaringannya, udah gitu relog berkali-kali masih aja ngestuck di lobby. udah gitu di cap afk padahal yang masalah servernya, ini game tujuan bikin playernya gila yah? sumpah gue udah hampir mau ngebanting hp gue karena saking jengkelnya","15 orang merasa ulasan ini berguna",""
"https://play-lh.googleusercontent.com/a/ACg8ocItv9ZtOzJgqXI04hPEm-jPaVAv2eNZCzsHDi4MDcfITQk6UA=s32-rw-mo","Abi Cholis","23 Desember 2025","1 kata untuk pak montoon,pliss aku mau main game ml,tapi loading nya lama sampe 3-5 menit,pliss perbaiki bug,delay,loading,glitch,dll. mau aja main lamanya gak umum,kadang ada match nya sampai 1 jam","1 orang merasa ulasan ini berguna",""
"https://play-lh.googleusercontent.com/a/ACg8ocLYY_bmc_2M-xzFm-K_7Xh_J2Qg0WNPPBlwcDYyQ6svDUE2=s32-rw-mo","Moh Ansori","18 Desember 2025","makin season makin ke sini makin rusak ni game, di draft pick aman aman aja, di in game malah lag nya sampe ga bisa apa apa, bukan cuma gua lagi sampe ke team gua juga lag, musuh musuh nya juga lag, emang udah rusak nih game, nyesel gua top up² terus dulu, untung aja sekarang udah berhenti top up buat game rusak kaya gini","4 orang merasa ulasan ini berguna","Tampilkan histori ulasan"
"https://play-lh.googleusercontent.com/a-/ALV-UjUh0YsdjTV7Wo02nBZxMwtgTMno1nXA7QL_lSb72MDjQ6MERwBY=s32-rw","tovix safety","22 Desember 2025","tolong sih moonton perbaiki ... ini aku main dah lama bgt dri season 7.... baru season ini aja sering bgt ngelag... pernah main party 5 mlh ngefrezz...harus relog giliran dah ingame dah end.. ini bikin emosi jiwa... pengen main game buat ilangin stress ko mlah bikn stress... jgan mau user topUp diamond doang tapi ga pernah dger keluahan user....","3 orang merasa ulasan ini berguna","Tampilkan histori ulasan"
"https://play-lh.googleusercontent.com/a-/ALV-UjVbC41gKsBfIx1Eiu1hcN2JbO1bLRZnl7rA8X7jno3ozhuR_afl=s32-rw","Muhammad Yunus","10 Desember 2025","akun saya mendapatkan kuota error sistem algoritma matchmaking sehingga selalu mendapatkan rekan tim bot, itu sangat merugikan saya, mohon lebih adil dalam membuat algoritma sistem saat matchmaking, sehingga tidak ada akun yang mendapatkan kuota negatif dan merugikan player, karena setiap akun seperti sudahdi atur oleh sistem matchmaking kapan harus menang dan kapan kalah, kapan mendapatkan rekan tim sungguhan dan kapan dapat rekan tim bot.!!!!!!!","369 orang merasa ulasan ini berguna","Tampilkan histori ulasan"
"https://play-lh.googleusercontent.com/a-/ALV-UjXzmKjcOFKC-71HEfheu4NQgmXvX_Kpczkpve_ov6jmHRQEgM2N=s32-rw","zuga","23 November 2025","teruntuk montoon, saya sudah berhenti top up karena makin kesini gamenya makin gak ngotak, sistem jaringannya juga gak ngotak, pas masuk war malah lag, terlebih kalo sudah di late game, sering ke kena comeback, saya tetap main karena udah habis banyak dan temen juga main, tapi tetep kecewa dan jengkel sama gamenya, semoga sukses dan lebih baik lagi, sekali lagi aku dah berhenti top up🤡","22 orang merasa ulasan ini berguna",""
"https://play-lh.googleusercontent.com/a-/ALV-UjW8yXgm6xnyER8rnMtfSqgUYSzVDvLdvbgCR9yUwZGdF0jMymZL=s32-rw","Barex YT","22 Desember 2025","tolong sinyalnya diperbaikinn lah entah kenapa lag terus pas war lag pas nga war malah lancar tolong lah dan juga kondisi tim sama tim lawan di seimbangkan lah kalo legend ya legend kalo epig ya epig jangan di satuin lah","3 orang merasa ulasan ini berguna","Tampilkan histori ulasan"
"https://play-lh.googleusercontent.com/a/ACg8ocKdHu9OkBD6USauAHVi6-d8Z35OAY6L1tOjqoraHgHmjs_m8Q=s32-rw-mo","Wisnu Prakas","22 Desember 2025","emng si ini game seru tapi yang mainya bintang semua apalagi sekarang awal season banyak yg maennya kaga bnr lama' bisa stres maen game ini ,dan teruntuk kalian yg mau download mending maen epep aja maen epep juga enak bisa tembak'","",""
"https://play-lh.googleusercontent.com/a-/ALV-UjUrEAhjpI-2hqlE3c0UMymblJdTyqXEvvcC_G2lQSuCkDThDAzg=s32-rw","Brasillo Priyudoyono","18 Desember 2025","Server Mobile Legends sekarang bener-bener bermasalah. Di dalam match, ping full merah terus-menerus, bukan cuma ke tim gua tapi ke semua player termasuk tim lawan. Emang lagi ada masalah server. Game jadi lag parah, skill delay, gerakan patah-patah. Kondisi ini jelas ngerusak jalannya pertandingan dan bikin hasil match jadi nggak adil karena faktor server. Gua minta pihak Mobile Legends bertanggung jawab dan balikin rank gua yang hilang karena masalah server ini. Ini murni kesalahan sistem.","4 orang merasa ulasan ini berguna",""
"https://play-lh.googleusercontent.com/a/ACg8ocLayzgj63LAUge6rm6uTZ-hj2ln4dorNE43lNhJXK74yUi5EA=s32-rw-mo","Moh Aditya Nur Pratama","3 Desember 2025","game ini aslinya seru kalau main bersama teman, tapi kalau main sendiri atau solo kadang kadang teamnya gak bener tolong UNTUK PIHAK MONTOON tolong diperbaiki untuk macthnya tolong diperhatikan masak solo bisa nabrak sama duo dan juga sinyal kadang kadang lag tanpa sebab padahal di buat aplikasi lainnya lancar dan juga kurangin dark sistemnya itu sangat menyusah kan","31 orang merasa ulasan ini berguna",""
"https://play-lh.googleusercontent.com/a-/ALV-UjWagDe9jiJW3fFr5SPp2zYTs5YqeCveaBdN-WuDGsK0-6yCro3J=s32-rw","Ihsan Farizi","5 Desember 2025","updatean skrg di cek lah di android, masa pas udh pilih hero semuanya, trs pas ada waktu beberapa detik seblum masuk ke pertandingan, kita bisa atur2 emblem dan lain sebagainya. disitu SELALU NGELEG.. HAMPIR SEMUA HP TEMEN KU BEGITU. benerin lah moonton","17 orang merasa ulasan ini berguna",""
"https://play-lh.googleusercontent.com/a/ACg8ocLgdRGTkE8KLlBqjC-R6OIfWGUnckyCvSYDZKzHQAytcSj3qA=s32-rw-mo","Muhammad Khalillul azam","7 Desember 2025","kenapa setiap ingin mendatangi musuh selalu ngelag parah, padahal jaringan koneksinya bagus, dasar game kikir kayak vabi, coba mikir orang lagi ngejar tiba ² ngelag tanpa alasan musuh masih bisa menyerang kita saat ngelag kaya pilih kasih terhadap player, padahal tertulis ping nya hijau tapi masih ngelag!!!!","11 orang merasa ulasan ini berguna",""
"https://play-lh.googleusercontent.com/a/ACg8ocKlRwQi-4mC6colpsMlEOG4McyFsoVteHtVV9zB5toFAxKDxQ=s32-rw-mo","Andrian Ardiyanto","18 Desember 2025","Untuk pihak yang terkait, saya ada keluhan di bagian menghubungkan kembali setelah melakukan relog terasa sangat lama bahkan harus menunggu sampai selesai matching selesai. saya main game ini sebagai hiburan, kalau ada telepon atau apa, pastinya langsung keluar dari game begitu masuk kembali lama banget sampai-sampai matching nya sudah selesai ujung-ujungnya kena peringatan afk. tolong ya di perbaiki","",""
"https://play-lh.googleusercontent.com/a-/ALV-UjUP2pNRiq9-M9Y1zmG80cAqh1ZMOVtlbaT5LXv6ZjrifweWDvdO=s32-rw","Reifan Rudi","18 Desember 2025","monton lihat para pemain lah masak game rusak,lag,banyak bug, dibiarin minimal kasih pengumuman lah kalo masih di perbaikan lah lah ini kagak sama sekali mau nge rank gak bisa karena lag tolong di benerin dulu plis kasih para pemain","3 orang merasa ulasan ini berguna",""
"https://play-lh.googleusercontent.com/a/ACg8ocLxqVw33XgtCc0qZpk_-p9P5PYx0a72BLg4VwoNa815h04eFQ=s32-rw-mo","Zaniii Zanii","18 Desember 2025","game tolol,banyak bocil yang main. monton Tidak bisa membedakan mana yang bisa main dan mana yang tidak bisa main.dan kenapa di rank mytik pun Masi tetap ada dark sistem telasoo. bagusin kualitas jaringan nya, Udahlah game tolol, kualitas ga bagus,banyak bocil..... gimana mau bersaing dengan game lain","3 orang merasa ulasan ini berguna","Tampilkan histori ulasan"
"https://play-lh.googleusercontent.com/a/ACg8ocJKLU5XAxfyMhrwwTHlk61d9bzQWbxP7hF6u2RbDfPWv1ZRYg=s32-rw-mo","adly skie","22 Desember 2025","moonton lu bisa ga sebenernya bikin server gw main game lu ngeleg ngeleg Mul!!! bukan masalah jaringan gw main game lain lancar aja!!! bukan masalah hp, hp gw spek kencang, benerin dulu lah server lu kesel banget gw Collab aja terus server ga di urus","2 orang merasa ulasan ini berguna","Tampilkan histori ulasan"
"https://play-lh.googleusercontent.com/a/ACg8ocL6u6l8IlyqF1denXCapri5hnnmuMCEmL6ONqqopKslx6G3YQ=s32-rw-mo","Yannx Tello","15 Desember 2025","jujur agak kecewa si, banyak bug, gabisa ganti akun udah di coba download ulang, reset data ttp aja gak bisa ganti akun, tolong lah di perbaiki, kalo masalah dalam game emang udah biasa di kasih sistem gelap tapi musuhnya keras","6 orang merasa ulasan ini berguna",""
"https://play-lh.googleusercontent.com/a-/ALV-UjV0wfHjDOfK4fmPNBYnRj5rwalYRV6AwwDV2hl-PY5aynQzy9or=s32-rw","Sudrajat _05","7 Desember 2025","Saya memberikan 1 bintang karena kekecewaan terhadap sistem matchmaking Mobile Legends yang semakin lama semakin tidak jelas dan sangat merugikan. Saya sering sekali dipasangkan dengan tim troll atau pemain yang tidak serius, membuat pengalaman bermain menjadi sangat frustrasi dan terasa tidak adil. ​Parahnya, setelah mengalami win streak, saya seperti dipaksa untuk mengalami losing streak yang panjang. Ini sangat menghilangkan semangat bermain. ​Tolong segera perbaiki sistem matchmaking agar le","12 orang merasa ulasan ini berguna",""
"https://play-lh.googleusercontent.com/a/ACg8ocJz8yTeJgXgMnjrYH6T9EbyoIKO-cvXx0Z2SE0fAwjWMCJXQg=s32-rw-mo","Fahril abdjul","22 Desember 2025","tolong monton klo mau upbdet tolong banget sistem nya di perbaiki saya sering ngestak di lnding scrin kaga 100% cmn bisa naik 30% padahl saya paki data dan hp saya udah bagus chipset nya Tolong yah saya jadi sering kalah terus ggr ssitm lu","2 orang merasa ulasan ini berguna",""
"https://play-lh.googleusercontent.com/a/ACg8ocKDNHMU3uZEeNMfaOyN4fG123G78f0yvjwNxK-RG6UDQYH44dE=s32-rw-mo","Nof phe","18 Desember 2025","habis update saya mengalami lag parah,2 game lag sekali dan itu yang mengalami bukan saya saja tapi tim saya juga mengalami lag,2 game tim saya lag semua padahal saya bermain solo.jika menang saya gembira,rapi kalau kalah saya merasa suasana hati tidak baik, padahal saya menggendong tim saya tapi berujung kalah,harusnya jika seperti itu beri saya perlindungan bintang,ini tidak adil,saya cape bermain kalah hanya karena berada di tim yang salah,saya menghapus game ini karena itu","7 orang merasa ulasan ini berguna","Tampilkan histori ulasan"
"https://play-lh.googleusercontent.com/a-/ALV-UjVOcvFGxbrtb_cgFshIK7YMjBwSxpqOX88sLTAWeEa3UCkcmJs=s32-rw","Riza Cuy","25 Desember 2025","saya merasa betul betul kecewa karena ada bag di dalam game ini saya tidak sekali dia kali mengalami bag dan itu sangat mengganggu saya saat bermain mohon untuk sistem mllb untuk memperbaiki bag bag tersebut","",""
"https://play-lh.googleusercontent.com/a-/ALV-UjUeMjeeQG8tT4Dw410LVsYWxYS24oeUPNcx6rm8-uRvhxR8-_HX=s32-rw","Kaiser Wife","26 Desember 2025","apk jelekkk habis season langsung lag parah pdhl jaringan bagus"" aja. setiap main ngelag nya ga ngotakk. udah berhari"" kek gitu masih aja ga dibenerin servernya oon pindah hok aja lah, hok game bagus","","Tampilkan histori ulasan"
"https://play-lh.googleusercontent.com/a/ACg8ocI5BJIK9xPLuXokY7Sx-e3RGL_2TGkcxHw-AOryPrhmjzaiOg=s32-rw-mo","Irsad Wae","15 Desember 2025","untuk gameplaynya udah bagus semua tapi disaat aku mau buka gamenya dari menu home tidak bisa kebuka kalaupun mau main harus pergi ke playstore dulu buat buka aplikasinya dan sinyal sering merah padahal 4g++.","4 orang merasa ulasan ini berguna","Tampilkan histori ulasan"
"https://play-lh.googleusercontent.com/a-/ALV-UjV12hML0eCGw-qYGeNTglm4gL0LFUIJ2XUBTwkarFVPMGq1sT0=s32-rw","Ki wiro","20 Desember 2025","gmna sih monton...ini masalah sinyal gmna ini udah mau kaya gini terus hancur lah sudah game ini kalau jaringan tidak diperbaiki...udah pake data pake wifi tetep sajah jelek disaat main...jaringan ping hijau tapi ga bisa gerak parah parah..tolong benerin","3 orang merasa ulasan ini berguna",""
"https://play-lh.googleusercontent.com/a/ACg8ocJddUvlnhllMcDYKSARFYdwQg8r-en8Wk5fAqv-wCPrlJvnPBg=s32-rw-mo","Sal aja","18 Desember 2025","Min Tolong diperbaiki, masa lagi ada musuh suka tiba² ngelag, kalo begitukan pas ada musuh langsung dikil, padalah jaringan hijau aneh kan, pas draftpicknya juga gk adil bgt dapet tim gk seimbang, Tolong ya diperbaiki","",""
"https://play-lh.googleusercontent.com/a/ACg8ocIZCBqEnvhhTgOqZOF2L2tDgsuX08y6ecRwStcFd9qAGn19gA=s32-rw-mo","Fikri Nadhif","26 Desember 2025","saat bermain selalu pemilihan tim nya jelek banyak sistem hitamnya tolong perbaiki la habis seson di kasih penghuni asli epic gem dah di setting menang kalah nya apa ini ayo la perbaiki monton capek gw tim nya aneh aneh","","Tampilkan histori ulasan"
"https://play-lh.googleusercontent.com/a-/ALV-UjVK0emdFrQemLh0g1BL2f6B_80SkD5TxiLdqqnBu-oZobEJQb0K=s32-rw","Muhamad Taufiq ramdan","8 November 2025","Mau nanya kenapa sih kadang kadang pas mau masuk in game malah nyetak di 30% terus pas udah masuk udah menit 2 lebih, sama pas draft pick kenapa ngelag banget, tolong perbaiki kelahan sistem atau mungkin bug di game MLBB!!!","135 orang merasa ulasan ini berguna",""
"https://play-lh.googleusercontent.com/a/ACg8ocLxvBfQmmNdRrj7Xc77ad_wjTSVRwx63fmbfE7Z15iBszblhg=s32-rw-mo","28_X.7_ Azzam","17 Desember 2025","Game nya seru, kalau komposisi nya setara. Saranku tolong ban akun akun yang pake jasa joki. Joki ini merugikan karena bermain solo, itu hoki hokian. paling seringnya itu ketemu player yang skill nya sama sekali gak relate dengan rank dia yang akhirnya membuat permainan jadi sulit.","",""
"https://play-lh.googleusercontent.com/a/ACg8ocIpTjbAZuBXw6tWruaftNisChaCcYZV2N8J-3jDTRlaughPYw=s32-rw-mo","Nur Aqila","25 Desember 2025","bagus sih, cuman kenapa kalau main tuh selalu dikasi tim plenger semua, maunya digendong mulu, sistem cariin tim yang bagus dikit ding jangan kasi gua tim plenger mulu, dah depresi gua","",""
"https://play-lh.googleusercontent.com/a-/ALV-UjVhEK1IeJknYP-0UFXOFAJzJPI7aQyEM45E50CXbI4tKJFS86IP=s32-rw","Rama Ram","20 Desember 2025","game rusak baru update season ini ml rusak parah. sinyal 67 tapi gk bisa gerak. 1 lagi aku selaluuu ketemu musu yg gk masuk akal tim yg di luar nurul tim gw drak sistem semua muntun udah 11 mac tapi kalah mulu aku udah muak ketemu tim yg drak semua muntun tolong perbaiki gem ini.. 😭😭😭😭😭😭😭😭🙏","",""
"https://play-lh.googleusercontent.com/a/ACg8ocKDcWWAdfbjePNi0CFxYw-rJ10zgDdiU3XbZRWtncDPNjuhTQ=s32-rw-mo","Hafiz Eka","26 November 2025","main rank nemu dark systemmmm mulu, dark system mulu dan pas 1v1 temen ku lag, pas mati baru lancar lagi,padahal sinyal nya bagus, pasti ada yang janggal dari game, ini game ini mungkin emang udah di setting biar pemainnya kalah😡 tim gak seimbang!!!!!!!!!!!!!!!!!!!!","12 orang merasa ulasan ini berguna","Tampilkan histori ulasan"
"https://play-lh.googleusercontent.com/a/ACg8ocJFbSE5Wji4P6aU4YEVfS5fEROk4x_afqfXwfnO7VszH03wWA=s32-rw-mo","Made Arriee","20 November 2025","untuk game udah bagus banget, saya pakai Kouta mainnya biar gak ngelag, klo saya pakai wifi malahan di lobby warna hijau tapi pas masuk pertandingan(permainan) malahan warna merah sinyalnya jadinya saya sering kesal terus menerus mati gara gara ngelag, semoga itu bisa diatasi. Dan semoga saya terus mendapatkan tim yang bagus untuk yg sekarang ini sampe seterusnya, tidak seperti dulu, tim saya isinya bot semua bikin kalah jadinya saya susah ke legend. yaa intinya semoga semua itu bisa diatasi","77 orang merasa ulasan ini berguna",""
"https://play-lh.googleusercontent.com/a/ACg8ocKtpcbjC_PR6NUA-E8IMsQEEQx7jrTXFwvdqewBurcfDKiBqw=s32-rw-mo","Alvin","19 Desember 2025","pada saat detik2 mau masuk ingame knp detikannya lag, dan musuh lebih jago daripada tim matchmaking tidak seimbang tolong diperbaiki","4 orang merasa ulasan ini berguna",""
"https://play-lh.googleusercontent.com/a/ACg8ocKnEJQHUHabT8OYwqctiQSLZQ_3wWLW-LpN1Ov5E11ATrN9bA=s32-rw-mo","Gozo Satoru","22 Desember 2025","game nya bagus dan seru tapi kata saya kalo ngasih tim yang bener lah jangan dan musuh yang setara jangan tim ex legend musuh ex immortal jadi ga setara kalo gitu.intinya kalo kata saya tim sama musuh harus setara jangan beda beda kalo gitu mah yang ada pada emosi pada rusak hp saya sama temen temen saya gara gara kalo solo ketemu tim yang ga bisa main","",""
"https://play-lh.googleusercontent.com/a/ACg8ocLubOyQGhtrpEm_8f-honNbyzw6vUmae_qLPRJ8DYnT-V1coA=s32-rw-mo","Wian Tuzwiani","19 Desember 2025","woi kikir tolong diperbaiki kenapa setelah update patch baru gw GK bisa login stuck Mulu di tolong diperbaiki padahal sebelum update bisa bisa aja pake paket unlimited gaming","4 orang merasa ulasan ini berguna","Tampilkan histori ulasan"
"https://play-lh.googleusercontent.com/a-/ALV-UjVeZGMr54TLFaNrDO-FyN1WjmTMs5gEi8PYcx0CkPkfdpJl4HqXZw=s32-rw","Wahyu WALKER","11 November 2025","untuk game bagus sekali.. saya sudah pencapai high rank .. dan ada satu permasalahan yang saya keluhkan... disaat draft Pick didetik 10 terakhir sebelum loading scrin .. lag/frame .. disaat mau ganti skin atau ganti emblem .. menggangu sekali .. aku harap pihak developer perbaiki satu masalah ini .padahal kemaren tidak ada ngeleg seperti ini... biar sama tambahin bintang.. harap diperbaikii🔥","48 orang merasa ulasan ini berguna",""
"https://play-lh.googleusercontent.com/a/ACg8ocLc4luYyEM5nVIcs9tDTwba88vMaS3cIzbrPuq_bwncoLM-8g=s32-rw-mo","Sherly Streisen","24 Desember 2025","aku sukaak bgtt, tpi minus nyaa game nya suka ngelag padahal sinyal full, tpi it's okay aku ttp suka sama game nyaa karena menghibur aku gitu, jdi kalo setiap aku bosen aku bisa mainin inii","",""
"https://play-lh.googleusercontent.com/a-/ALV-UjWHQz4bS19RXq1rcJH0BeqfnEtCSKuq15fZV6oESLRRUXU3M_g=s32-rw","kdk bgs","20 Desember 2025","permainan baik, ping berjalan dengan baik, dalam bermain walaupun match tidak seimbang namun yang jadi permasalahan adalah saat masuk in game yang patutnya masuk pada detik 5 namun semenjak update bulan lalu mulai masuk detik 30 lebih. awalnya ngira hp udah gak mumpuni eh ternyata dari aplikasi langsung, saat download ulang lancar sekali game play, masuk pada detik 5 bahkan 4, namun saat udah full download data langsung masuk detik 50 lebih, gameplay nya lancar banget tapi masuk in game gak.","",""
"https://play-lh.googleusercontent.com/a/ACg8ocKUydKRcA4Og8ydsPSFZqvQ-7bFJO2_unuj70iQ3uy1L1J-ug=s32-rw-mo","Satria Teguh Dwi B","1 Desember 2025","Game nya udh bagus , dari segi grafik nya bagus , semuanya bagus tapi ada beberapa masalah yaitu , jaringan tiba tiba ngelag padahal ping di ml nya hijau , skin nya mahal mahal turunin harga skin ml nya di diskon 50 persen lah gapapa terus ini masalah paling utama yaitu tim nya gak seimbang contoh di tim A itu ada yang ngetrol lah jadi Miss komunikasi lah di tim B itu komunikasi nya lancar semua lancar tapi ada juga di tim kita yang rank nya rendah nabrak rank tinggi udh itu aja , makasih keren","32 orang merasa ulasan ini berguna","Tampilkan histori ulasan"
"https://play-lh.googleusercontent.com/a/ACg8ocL-XdGXvuYsfVQ7YoXg_b-uk3FhAsby5TOxG3v1v3QEvIEDVA=s32-rw-mo","Lancel Lot","20 Desember 2025","ayolah monoton kami udah lama main kok di kasi lostrek Mulu udah deviloper kikir pelit dan buat nonton jaringan aku bagus tapi kok malah lah padahal jaringan bagus.","4 orang merasa ulasan ini berguna",""
"https://play-lh.googleusercontent.com/a/ACg8ocLlTP-nhFiRDr5NTzkXgRI3EP32j6_MqyWM6IZt1DQfWZnLmA=s32-rw-mo","Nur Hayati","26 Desember 2025","di update cuma buat nambahin fitur ga guna doang sistem nya malah makin kacau berhari hari main sinyalnya merah terus padahal jaringan gw bagus² aja. main rank juga di kasih tim duo sama trio egois kocak. perasaan setiap update malah makin dapet tim ampas yg kerjaanya ngetroll/yaping g jelas giliran di report ga di tanggepin moonton. stress gw main ni game solo player ga pernah di dengar. padahal gw dah ngalah loh gara² sistem lane gw jadi harus main roam terus LANE GW G PERNAH DI KASIH","3 orang merasa ulasan ini berguna","Tampilkan histori ulasan"
"https://play-lh.googleusercontent.com/a/ACg8ocKgxeme2KHX9f2DGeGdUsrJBlvA8NwmjDG_KtNXpsbnnKz-Ag=s32-rw-mo","Jo Sianipar","19 Desember 2025","Ada beberapa ketidak seimbangan didalam game ini,salah satunya adalah setelah reset season.Akun saya sudah mencapai rank Immortal,dan bahkan sudah lebih dari 200.Namun saat reset season saya malah di pasangkan dengan team yang memang pangkat tertinggi mereka saja itu epic,legend dan bahkan hanya mhytic biasa.Alhasil kemampuan saya dengan team saya menjadi timpang,ditambah lagi lawan yang saya hadapi kemampuannya sama dengan saya.Tolong untuk hal kecil seperti ini di perbaiki.","5 orang merasa ulasan ini berguna",""
"https://play-lh.googleusercontent.com/a/ACg8ocICZqPF1WIs1DGkfZhCf6t5Y-HjMqV7PXXT99bCEUJFA0E2Og=s32-rw-mo","Fairuz javier","13 Desember 2025","Menurut saya setelah saya bermain kurang lebih selama 4 tahun sejak tahun 2021 saya merasa bahwa sistem matchmaking pada game ini itu tidak adil. Ini dibuktikan dengan saya mendapat tim yang bermain dengan tidak serius dan melakukan pelanggaran, sedangkan tim musuh sangat pandai dan pintar dalam bermain. Sehingga saya menjadi kalah, dan saya mengalami kekalahan beruntun 9 kali berturut-turut. Jujur saya sangat kecewa dengan game ini karena sistem tersebut","12 orang merasa ulasan ini berguna",""
"https://play-lh.googleusercontent.com/a/ACg8ocI0spJCFvNOOqvCEBep3bNnV4IyDgd-V7MKuzUKrwllU-UA-A=s32-rw-mo","Akmal","6 Desember 2025","grafik oke , tp selalu dapet tim ga bisa main, entah lah gem seru tp kok banyak yang longor ,, aneh bgt sumpah, dada saya sakit banget ,,naik bintang 1 ,sekali turun 2 bintang ,, gegara dapet tim yang ga jelas,,saya saranin si monton matanya di pake lah ,bisa bisa si sistem monton kena sunami nih sumpah,","12 orang merasa ulasan ini berguna","Tampilkan histori ulasan"
"https://play-lh.googleusercontent.com/a-/ALV-UjXCfLvjp47JNmseWHuvxuIsjVbX_sjk3kQKUReYlPHUlzhF99Ai=s32-rw","VOILD","26 November 2025","please developer ini saya telah mengalami macthing tidak seimbang,dimana saya bermain solo dan ketemu tim party dan musuh party, jadi tolong di perbaiki agar player tidak frustasi gara gara matching tidak seimbang dan kalau player bermain solo kasih tim yg solo juga termasuk musuhnya agar permainannya adil. kalau misalnya di fix saya nilai bintang lima, kalau belum saya lebih baik pindah ke HOK","12 orang merasa ulasan ini berguna","Tampilkan histori ulasan"
"https://play-lh.googleusercontent.com/a/ACg8ocLFvE0kzabkddAIPWR3PHpUU6DKiEB3PRl8iulnbOrKhDtmjw=s32-rw-mo","Waluyo Sejati","15 Desember 2025","sistem report yang busuk, teman satu tim melakukan feed secara sengaja tapi saat di laporkan tidak terdeteksi. Tolong buat sistem report atau deteksi feed secara sengaja lebih baik atau setara dengan Honor of kings, maaf bukan menyinggung namun hanya memberi saran saja. Karena bisa saja ada player yang jadi malas bermain kalau bertemu player yang troll.","6 orang merasa ulasan ini berguna",""
"https://play-lh.googleusercontent.com/a/ACg8ocLgAnR8rnDxBYLcv408mhvHl1uhXfy7O8sDBbDMcX4dG_bgIQ=s32-rw-mo","Kholil Casper","8 November 2025","saya bingung untuk game mobile 1 ini jaringan saya sudah stabil dan sudah menggunakan fitur memperkecil sistem lag pada game tetapi tetap saja jaringannya merah dan HP saya masih baru, tpi knp pass baru login malah ada freeze mohon selesaikan masalah ini secepatnya agar kemampuan saya saat bermain bisa 100%","53 orang merasa ulasan ini berguna",""
"https://play-lh.googleusercontent.com/a-/ALV-UjU8jIkzx8H-hv3OPvW5E69m7ilcLcxo2HVTal9Jb9ahcf7WiLxU=s32-rw","Muhammad Hasan","23 Desember 2025","bintang 1 untuk game buruk. game yang tidak memberikan kenyamanan pada pemain. game ini hanya support terhadap joki akun game. hukuman untuk pemain yang sengaja bermain buruk atau feed tidak ada, tidak dapat membuat pemain yang sengaja feed jera, sehingga mengurangi rasa nyaman terhadap game ini. fitur yang terdapat pada game untuk lapor atau banding hanya berlaku untuk pemain yang berkata kasar dan afk saja. tidak ada hukuman untuk pemain yang sengaja melakukan feeder atau sengaja bermain buruk","1 orang merasa ulasan ini berguna","Tampilkan histori ulasan"
"https://play-lh.googleusercontent.com/a/ACg8ocLSAc1JwSrHhdxmkH6IiIQAb1IovPQYwN8jvLRIFMDyWSP-HA=s32-rw-mo","Akun Vivo","23 November 2025","handphone saya tidak kuat tolong di kurangi kapasitas gamenya karena kapasitas gamenya yang tinggi kami tidak dapat bermain tolong di update supaya makin ringan dan saya selalu mendapatkan tim yang tidak bisa bermain tolong sistemnya di perbaiki saya kurang nyaman mainnya dan tolong skill Dash kembalikan seperti semula bentuknya yang lancip membuat kami sulit mengarahkannya😭😭😭 gamenya gak guna cuma ngabisin waktu aku selalu gendong publik mana ada lingkungan adil gak seru","21 orang merasa ulasan ini berguna","Tampilkan histori ulasan"
"https://play-lh.googleusercontent.com/a-/ALV-UjXRzSLIiQodVEVYGC8T2tWM2khPTkZFEpnLbdTXqeJnHLnwxLzq=s32-rw","Ronald Hidayat","22 Desember 2025","Woi moonton ini kenapa dah sistem update nya aneh sinyal bagus malah gerak sendiri,dan mau skill delay banget tolong lah diperbaiki sinyal bagus wifi aman kok delay","2 orang merasa ulasan ini berguna","Tampilkan histori ulasan"
"https://play-lh.googleusercontent.com/a-/ALV-UjVah4peauygcsQ8Ix6m32HfyzJItWohIqlbf3GbMc6hQARk7QBk=s32-rw","Danu Adi.P","19 Desember 2025","di benerin game nya,udah mau menang tiba tiba lag sinyal bagus paket banyak di bikin lag,sengaja banget ngepasin mau menang, musuh nya ga di bikin lag? aneh banget","6 orang merasa ulasan ini berguna",""
"https://play-lh.googleusercontent.com/a/ACg8ocIWzRo8ZYE6LTjFoOEzSk0uRc3rKg8RHe0gG1b2DIf0za4rhg=s32-rw-mo","mhmmd ulum","15 Desember 2025","banyak bug masa wifi saya normal ga bisa main padahal saya udah mau menang eh malah keluar untuk moonton tolong perbaiki dulu ni game udah rusak kali ya? setiap main juga sering telat jadi saya kalah level sama musuh","8 orang merasa ulasan ini berguna",""
"https://play-lh.googleusercontent.com/a-/ALV-UjX1R0EVqW7u8rVKFq_xUZK_4AjN-2UzwnbL_4v1kci1OK9hw4mh=s32-rw","39_Satrio Agung Eko Nugroho","19 Desember 2025","GAME DENGAN MATCHMAKING PALING BURUK MOBA. Penyeimbangan antara rank SELALU tidak adil. Lebih banyak diberikan lawan dengan rank TINGGI dan jago, sedangkan rank tim sendiri itu dibawah rata² ataupun pengalaman bermainnya sangat NOOB terlebih lagi jika main solo","3 orang merasa ulasan ini berguna",""
"https://play-lh.googleusercontent.com/a-/ALV-UjUcVfHIzOdzQWQiri6bGOXe8DrYwdwWkHi3u1UuJScaO7Pkq3E=s32-rw","Ignatius Dhamar","21 Desember 2025","Setelah Update entah mengapa jaringan di game ini menjadi tidak stabil wifi dan data sudah di cek tidak bermasalah ketika bermain game ini jaringannya tiba tiba menjadi buruk tetapi ketika bermain game lain aman aman saja, Tolong beri penjelasan mengenai jaringan yang tidak stabil tersebut","2 orang merasa ulasan ini berguna","Tampilkan histori ulasan"
"https://play-lh.googleusercontent.com/a/ACg8ocIgKXCO1zKYgr5_yMsJ6UVezZ1dKYG-77FfOypu9jSDoLpgkQ=s32-rw-mo","Dimas Prayoga","17 Desember 2025","game rusak!! kenapa sih?gw reset manajemen konten karna ada bug di data mobile legend saya nah butuh 1 jam buat selesain datanya abis selesai saya login nah malah gamenya rusak ga bisa masuk stuck di logo mobile legend bang bang klo bisa ya udah ganti bahasa gamau ke ganti heronya ga ke loading cuman gambar doang 3D ga mau muncul saya coba tes di custom suara heronya ga ada suara skillnya ga ada paling cuman suara turet nyerang atau ga notif kill udah gitu doang perbaikilah moonton game mu...","","Tampilkan histori ulasan"
"https://play-lh.googleusercontent.com/a-/ALV-UjWSpzRxPlJJgaA2SeWa5JZTog7fYKgiQcNlQgCGzGLt3ZrhhgU=s32-rw","Dongkak Foul","20 Desember 2025","game udah bagus tapi kurang nya kalau main ketemu musuh yang main keroyokan.montoon tolong kasih tim yang bagus masa dari awal seson sampai sekarang masih nyetak rank gitu mulu gua dapet mvp tapi kalah kalau gk mending pensi ganti game aja masa main ditrool tim terus","","Tampilkan histori ulasan"
"https://play-lh.googleusercontent.com/a/ACg8ocK_mthXHXv8HSzkeuS16NOdKMVhG0CtumEFM4zI68akGqUOAg=s32-rw-mo","Rafina Roshi","18 Desember 2025","moonton tolong,saya losetrak Mulu,ketemu dark sistem Mulu, terus suka tbtb ngelag, padahal jaringan bagus,dan banyakin skin gratisan yg mudah didapat.makin sini makin ngelag","","Tampilkan histori ulasan"
"https://play-lh.googleusercontent.com/a/ACg8ocLee74OHnzT_60w9RU90MsL5EyDlc3cNh9TzmAqfJ841bvK4w=s32-rw-mo","Candra Aji Polosoro","25 Desember 2025","sudah males login , karena makin kesini lama lama kok dapat tim buruk sekali sangat sering gendong tim main tidak jelas sangat tidak seimbang kek main sama computer, sekarang sering sekali ketemu player baru 5 match 10 match ngeri kaliii , main kagak jelas banget sumpah, gak CL Rank sama aja. dibesarin event doang bikin lag","18 orang merasa ulasan ini berguna","Tampilkan histori ulasan"
"https://play-lh.googleusercontent.com/a/ACg8ocL8VvnKuGB_wXJRX-C31tKam4t9qFMN7j1DJEDRe_UqgGBfig=s32-rw-mo","Leni Ana","23 Desember 2025","Tolong ya monton ni kenapa ya kalo loading selalu menghubungkan kembali Padahal Wi-Fi ku bagus lo kenapa ya ini server nya kah??","","Tampilkan histori ulasan"
"https://play-lh.googleusercontent.com/a-/ALV-UjWWMZ4l5o6xIzIOP8PPO3J-YnO1lyi4RmeSxa-hj7mxJQNsnB6B=s32-rw","Mugni Elmahdi","23 Desember 2025","game nya bagus hanya tinggal memperbaikin sesuaikan tim kadang dikasih tim tidak pas yang aku kira lebih baik teliti dengea menyesuaikan tim dengan benar saya kasih bintang lima jiga ini di perbaikin","","Tampilkan histori ulasan"
"https://play-lh.googleusercontent.com/a-/ALV-UjUkbB_91wOj5cTHNdWmL8oJweozNy88Y9UAhGlMOzIq2tjwuFM=s32-rw","suji.456","25 Desember 2025","gamenya bagus,tapi tolong di perbaiki sistem matnya terkadang saya mendapatkan tim yang tidak seimbang. semoga di perbaiki terimakasih ☺️","",""
"https://play-lh.googleusercontent.com/a-/ALV-UjUygKJ9Vg9Qx5BXSMtn7_4fuSqY6OKiZHMWl7RlCMXXpTynljg=s32-rw","bocils tv","11 Desember 2025","ini game makin lama makin gajelas, kenapa tiba-tiba ngelag?, padahal sinyal gua bgus loh cuma 1 digit + hp gw juga support sama game berat, kok malah ngelag waktu ingame?, tolong perbaiki masalahnya, kalo ada juga orang yang masih pake trik licik tolong ban, soalnya bisa bikin player lain gak nyaman","10 orang merasa ulasan ini berguna",""
"https://play-lh.googleusercontent.com/a-/ALV-UjV83Y7SATcqEHJvuT42ciYICG9xPUTJ0mFXCYemciD2dqhTPZe_=s32-rw","ArbaIN","19 November 2025","Jaringan Server nya tolong diperbaiki ya anjg, ngeleg banget babi, biasanya tinggal relog udh bisa masuk ulang,ini udh 5x lebih gitu-gitu aja,disuruh ke customer service gak ada bantuan yg membantu sama sekali,hadeh.","21 orang merasa ulasan ini berguna","Tampilkan histori ulasan"
"https://play-lh.googleusercontent.com/a-/ALV-UjVPgGHz-25toIRG4JiEPIngRJNUpaCUHIQuAUq7MteGWPG7KDM=s32-rw","Yudha Afriadi","11 November 2025","game sampah dan sangat aneh, match nya tidak seimbang yang mengharuskan saya memenangkan sediri gamenya dengan usaha sendiri, padahal ini game 5 vs 5 tapi tim saya bodoh dan saya hanya bermain sendiri supaya menang. apalagi jaringan game ini juga aneh, saat saya download video jaringan saya cepat tetapi saat main game mobile legends jaringannya jadi rusak. Ada kemungkinan musuh menggunakan cheat atau sistem moonton sendiri yang sengaja membuat jaringan saya drop supaya saya kalah.","31 orang merasa ulasan ini berguna",""
"https://play-lh.googleusercontent.com/a-/ALV-UjUTkNLglzSXixEmrMkcZyPavgNMfAwZn3jq8W7uFldsT3MpuB8=s32-rw","darma nur alif","21 Desember 2025","matchmaking nya buruk, tidak pernah diperbaiki pemain solo, duo, pasti mengalami troll dan system yang tidak imbang. banyak pemain dengan hasil buruk selalu dipasangkan denga rank tinggi. dan itu sangat mengganggu permainan. jika ingin game ini bertahan lama, maka sistem matchmaking ya diperbaiki dengan baik. mmr disamakan dengan bagus. jangan dicampur antara pemain smurf ( dengan win rate buruk ) dengan pemain win rate bagus dan tinggi. samakan antara yang pro dengan pro jangan dengan amatir","3 orang merasa ulasan ini berguna",""
"https://play-lh.googleusercontent.com/a/ACg8ocKUfBZz_h61NjNRzbPK-4IVUQ0oq5_88ZfxvEQTomRsfmh32g=s32-rw-mo","Afif Eka Maulana","25 Desember 2025","Game sampah, banyak bug, gak bisa perbaiki system, matchmaking kacau, player hama semua, banyak rasis","91 orang merasa ulasan ini berguna",""
"https://play-lh.googleusercontent.com/a-/ALV-UjWMOf0KM_A6V84mShHrnaZHmO07S6chTGGZ_WzMvgsr61Ru5Yg=s32-rw","A&R Chanel","19 Desember 2025","Diawal season terlalu banyak kecurangan, setiap main rank selalu saja ngelag parah padahal jaringan internet bagus, tolong dicari saya curiga antara player player yang main kotor yang menggunakan hal yang bisa membuat lag.","3 orang merasa ulasan ini berguna","Tampilkan histori ulasan"
"https://play-lh.googleusercontent.com/a-/ALV-UjUmdpwRlWsrTxVJDUoxz8v93Q5XmYdq1RQuLIyyOYC_EUgGjkwvew=s32-rw","Cancer Movie","15 Desember 2025","game lama lama ga jelas, sinyal penuh ijo, sma gw gabungin jaringan internet sama wifi ttep aja nge lag ga jelas, malah muncul tulisan menghubungkan trus, aneh bnget lama lama, lagi push rank, malah ngelag baeee... game ga jelas.....","9 orang merasa ulasan ini berguna",""
"https://play-lh.googleusercontent.com/a-/ALV-UjUPhdR9elNM6PQfWUnM4pjNIX5-VbT1SuFtmr6MHpSoDk09z0LD=s32-rw","Lzz","19 Desember 2025","setiap habis season selalu lag woi, masa pas lagi war tiba"" lag, padahal ping gw stabil di 20 ms ke bawah, please lah moonton fix bug jaringan ini","3 orang merasa ulasan ini berguna","Tampilkan histori ulasan"
"https://play-lh.googleusercontent.com/a/ACg8ocLPJiIochqU76RD3jgXmPF0kAcOsJ8NZF0Q5Rwln_Vr6c7bwQ=s32-rw-mo","Dwi Gusti Ramadhan","9 November 2025","ini game kenapa sih sering menghubungkan ulang pas hampir mau main, hp ram 4 sering kena,kena peringatan afk, padahal jaringan nya bagus, menit 11 baru bisa masuk game nya, ini kalo mau ngerusak akun bilang aja, afk berapa kali gw perkara gini. masuk menit 11,menit 2,kalah gold jadinya, tolong perbarui ml nya hp ram 4 ga gerak soalnya. game tolol","91 orang merasa ulasan ini berguna","Tampilkan histori ulasan"
"https://play-lh.googleusercontent.com/a/ACg8ocJGLUvOETtn98xR7xJUO2YK9F4qL9m_wkR7PbucRm-zMY5q9UQ=s32-rw-mo","Indra Fahrurrozy","17 Desember 2025","woy moonton, logika dikit lah, masa gw di anggep afk padahal sinyal gw yg lagi error. dibikin khusus sinyal rendah gitu, jangan di anggap afk, sebenernya gw suka aja mainnya, cuma yg go gw suka pas posisi sinyal gw drop malah di anggep afk. tolonglah, pahami kami yg tiba tiba sinyal jelek.","3 orang merasa ulasan ini berguna",""
"https://play-lh.googleusercontent.com/a/ACg8ocLq-ybFzQTaTkVGcMdoFa7IGYHBm_ZaSJnouRTsW3IA0ZBm6Q=s32-rw-mo","Gazali Munte","10 Desember 2025","sangat buruk sekali dari dulu 2018 sampai sekarang 2025 montoon masih belum bisa mengatasi masalah lag, bahkan sekarang per mainan di renk sering sekali di tabrak kan dengan pemain"" yg tidak sma livel main nya. Yg seharusnya bermain membuat playar hilang stress, malah tambah stress...","9 orang merasa ulasan ini berguna",""
"https://play-lh.googleusercontent.com/a/ACg8ocIwk5srQTVQJa8mWbTbOiBMXshLfPmk3kri0U8YKfx317Tq3A=s32-rw-mo","Fauzan Azmi hanif","12 Desember 2025","game rusak ngefrez setiap login lamamamamam tolong benerin lagi game nya jadi ga bisa main ngefrez aja terus event banyak tapi ga di kembangin. sistem nya buat apa event bagus sinyal jelek kalau main solo sama ngefrez buat yg mau download hati hati bisa bikin hp leg","9 orang merasa ulasan ini berguna",""
"https://play-lh.googleusercontent.com/a-/ALV-UjVKzKbk24zedR0-PYlB0dLtj3fVhGO00NrlIcaOcc6hMNaVocc=s32-rw","Lann Harlan","18 Desember 2025","Tolong perbaiki lagih jaringan nya karena suka lag tiba"" merah sendiri kalau setiap war atau push turet, kadang suka berat fremm drop Tolong Moonton Perbaiki Fremm Drop Jaringan Merah nya 🙏","1 orang merasa ulasan ini berguna",""
"https://play-lh.googleusercontent.com/a/ACg8ocIW6Q7L9xBOQSeVKnf-g7Kj24XieuBBiqeOeRUp1pYmeYNH8A=s32-rw-mo","Irfan Aditama","27 November 2025","awal rilis masih amanlah tapi makin kesini makin aneh, mulai dari matching yg ga adil sama sekali dalam game juga Hero tiba tiba gerak sendiri ping 8 ga bisa digerakin,kalo gini caranya lama"" pada pindah game sebelah kocak... lu benerin dulu sistem""nya biar player itu nyaman mainnya....","25 orang merasa ulasan ini berguna",""
"https://play-lh.googleusercontent.com/a/ACg8ocLBAtm_wjbP4YLkZR_D-HHfbxEP_UkEbgNxXMa-zyZqsFVfVA=s32-rw-mo","Komang Dolar","28 November 2025","game dengan banyak player jokian, system tidak bisa mendeteksi cheat dengan baik, jaringan sering lag tiba"", matcmaking kadang di buat terlalu mudah, kadang terlalu sulit, jika memang ada player partu 3/2 silahkan temukan dengan jumlah anggota party yg sama, bukannya malah trio ketemu party 5 orang..., intinya system match making gk imbang","4 orang merasa ulasan ini berguna","Tampilkan histori ulasan"
"https://play-lh.googleusercontent.com/a-/ALV-UjXzeWg6QOAHA1DdNPx4ua4b8qiNTEH44uOp9Umtt0m36AlNg94=s32-rw","Adiya Anggara","15 Desember 2025","makin lama game ini makin jelek aja,kita udah main malah ngeprame parah kita login ulang malah ngak bisa masuk lagi di arahin ke costumer service tapi respon nya lemot banget padahal sinyal 4g dan penyimpanan hp masih banyak,main PUBG aja ngak ngeprame tuh padahal kita ini kan player lama ,lama lama jadi males main game ini","5 orang merasa ulasan ini berguna","Tampilkan histori ulasan"
"https://play-lh.googleusercontent.com/a/ACg8ocJKSP_0vq7xZK44m54K8Mppha2LGCP2R-anPDm14TDYMxYGwg=s32-rw-mo","Zahra Nur125","21 November 2025","Anu min tolong kalau mempertemukan musuh tuh yang seimbang /sepadan dengan tim kita, lagi sinyal ku bagus tapi tiba ² lag gak bisa jalan padahal jaringan nya lancar. Tolong di seimbang in ya min gitu² merusak mod main 🗿🙏 sayonara","30 orang merasa ulasan ini berguna",""
"https://play-lh.googleusercontent.com/a-/ALV-UjVyyjhOnjgoe5_r7mVHX50JIusRa1F-HWb7C1pvIk3HzaGKoSMi=s32-rw","- Jun","22 Desember 2025","hadehh, semenjak update terbaru, gua main ml pas loading screen nya itu ngestuck di 30% an dan buat masuk ke dalam permainan nya bisa bisa di menit 1 an, padahal sebelum update masih fine fine aja, tolong dong di optimalkan buat para player hp menengah kebawah, jangan kerjaan nya collab terus, sesekali di perhatiin sistem game nya, mulai dari matching nya ga seimbang ketemu musuh yang jago sedangkan tim kita nya lol, perbaiki kedepannya jangan buat kecewa terus, tolong di speak up montoon😓","2 orang merasa ulasan ini berguna","Tampilkan histori ulasan"
"https://play-lh.googleusercontent.com/a/ACg8ocI-MEyGj3Z9g5QoiHPU87N31jV6WcyYQlKIQmdQzFeoW0gosg=s32-rw-mo","Kenzo Kenzo","20 Desember 2025","ini kenapa monton, waktu di lobby sama darfpik lancar jaya tapi waktu di main malah leg jaringan nya tiba2 jaringan jelek tiba2 diam padalah jaringan ku bagus emang gjls ini game mana dark sistem ny bayak bener hadehhh, mending nonton 60kep gua kalo gini ,pin 50ms malah leg","3 orang merasa ulasan ini berguna","Tampilkan histori ulasan"
"https://play-lh.googleusercontent.com/a-/ALV-UjUX-swJZHt98TWGIGbPBVKVyF19mXN2Nfj1sUwuXQC0kSMU3TzD=s32-rw","Ibnu Malik","6 Desember 2025","game sampah kalau kalian main solo/sendiri, makin kesini ""seperti"" ada sistem yang membuat kalian main dengan bot sedangkan musuh propler, katanya (permainan yang sportif) tapi buktinya se-tim dengan player egois. seharusnya kalau se-tim dengan player ego ya musuhnya juga ego begitupun sebaliknya jangan di beratkan ke salah satu pihak.","4 orang merasa ulasan ini berguna","Tampilkan histori ulasan"
"https://play-lh.googleusercontent.com/a/ACg8ocJukAjWSZVihG6adgKgozK9TLxblm05dEGPXN0RciFHdPYCrg=s32-rw-mo","Roziq Hazani","7 November 2025","pembagian tim yang masih tidak seimbang,,banyak bug,,kurang mendengar suara pleyrr nya,,dan yang bikin resah PEMBAGIAN TIM YANG TIDAK SEIMBANG,,tolong untuk tambah kan fitur filter player biar kalah pun bisa seneng kalo tim kita sama tim lawan imbang","90 orang merasa ulasan ini berguna",""
"https://play-lh.googleusercontent.com/a-/ALV-UjUzcKL8XageY4MsqHSlgWk4R93sRFkuZ7Op4Q6f--WCRitUQWZZ=s32-rw","Kha (A'ae)","21 Desember 2025","kenapa ini menghububgkan terus.. sdh hapus cache dan sudah restart game.. masih mentok gk bisa bergabung ke game dan gak bisa masuk lobi. jaringan lancar jaya","2 orang merasa ulasan ini berguna","Tampilkan histori ulasan"
"https://play-lh.googleusercontent.com/a-/ALV-UjXzJCfJJWIW6NjTuyH53XwHTt_4x2ng298j7wtFZ69-9kN_qnrV=s32-rw","Reh L Lawrence","25 Desember 2025","game gak jelas jaring bagus ngeleg parah waktu di In game padahal jaringan bagus, waktu draft pick ngeleg ngeleg juga gak jelas ni game update aja tetep sama gak jelas, L GAME","","Tampilkan histori ulasan"
"https://play-lh.googleusercontent.com/a-/ALV-UjUcsKFJ9GHYOAop_eEKGKYoCubcvBWb5nI0_2kQrNzgaEopVcO3=s32-rw","Bevlin Logen","23 November 2025","Jujur aja dari segi gameplay ini udah terbilang baik, cuman kalau pihak Moonton bisa perbaiki hal paling krusial yaitu sistem matchmaking yang adil ini bakal jauh lebih bagus. Dari pada iming"" buat ""komitmen menciptakan lingkungan permainan yang adil"", hitung aja seberapa sering kata ""darksistem"" muncul karena emang sistem matchmaking Mobile Legends sendiri itu terbilang jelek. Mythic Ke Atas aja pemain tim & musuh tidak seimbang, ada yang lebih hebat dan tidak. gw bet lu ga bakal react juga kok","80 orang merasa ulasan ini berguna","Tampilkan histori ulasan"
"https://play-lh.googleusercontent.com/a-/ALV-UjVgCp02SwHVWvUGf77Bpga6dMP6Af05B4XuyUguVbyvJsHjtw0=s32-rw","Official Dii.","26 Desember 2025","mobile legend sekarang makin hari makin aneh :( gak kayak dulu lagi, sekarang sinyal gampang lag,saat bermain sering patah"" jadi sekarang setiap hari cuma maen brawal gak main ranked lagi","105 orang merasa ulasan ini berguna","Tampilkan histori ulasan"
"https://play-lh.googleusercontent.com/a/ACg8ocIDgqwTJqFKe5-NOzLBkRA9TVbH_7nNQZgBUuIyu0l2DtbjMkk=s32-rw-mo","mas Dandi","22 Desember 2025","tolonglah developer kok makin ke sini game mobile legends ini makin berat HP aku udah nggak kuat banget tolong buat aplikasi mobile legends lite biar biar hp-nya yang enggak mampu nih bisa main lagi kalau kayak gini terus lebih baik kita pensi soalnya udah nggak kuat banget dan kalau nggak ada update-an yang yang terbaru makin ke sini makin berat Dan satu hal saat kita enak-enaknya main dan war la dari situ ngeframe banget semoga dibaca biar kedepannya lebih baik 😌","1 orang merasa ulasan ini berguna","Tampilkan histori ulasan"
"https://play-lh.googleusercontent.com/a/ACg8ocLfbuXSiycQgqZ7EvLCpO--AnSFS77e_TAm7LUIJa1XCpyirw=s32-rw-mo","Adi Adi","15 Desember 2025","Apalah tiap main sinyal selalu 200ms padahal saya pakai wifi dan pembagian tim nya ituloh sangat sangat tidak seimbang, tim sendiri ga bisa main sementara tim musuh jago jago. saran saya cuma 1 (perbaiki pembagian tim nya)","7 orang merasa ulasan ini berguna","Tampilkan histori ulasan"
"https://play-lh.googleusercontent.com/a/ACg8ocJ-Nea4q7_SRm6-y3nHjC72njQ_jY1PEuyhCla04PoZv5xTLQ=s32-rw-mo","Baim Ganteng","20 Desember 2025","menurut aku game ini ya lumayan seru sih, walaupun kalau aku denger suara ""defeat""aku sedikit kesel,tapi gapapa,jadi itu dia alasan aku mengasih bintang 4,sekian terima gaji","",""
"https://play-lh.googleusercontent.com/a-/ALV-UjV6PB3sNF6d5KFMDUCCNw7V8wJXo4327DV_PCu57P3KOwUZr_8=s32-rw","Mochamad Rasyid Alfiansyah","26 Desember 2025","tolong perbaiki bug sinyalnya dong, wifi bagus, apk lain lancar, tapi di ml ngelag sendiri pas ingame, mohon diperbaiki ya min 🙏🏻🙏🏻","1 orang merasa ulasan ini berguna","Tampilkan histori ulasan"
"https://play-lh.googleusercontent.com/a/ACg8ocKxzprlLT298Fo8D_xnHewXewJflP60Mg70wS9Ef0irbuh54Q=s32-rw-mo","Qeyzha Farendra","22 Desember 2025","!!!MOONTON!!! Tolonglah hapus bug download data di ml, jadi gini, waktu kemarin ML update kan harus download sedikit data, download nya itu dari 60% nah pas itu ga kenapa napa pas di draft pick, tapi pas download data nya udah 100% pas di draft pick pas hitung mundur mau masuk ke lane of dawn layar jadi berhenti sendiri, ga bisa ganti skin,emblem,sama build, padahal hp saya RAM nya ga penuh loh tapi kenapa tetap kaya gitu saya kira itu cuman sementara,tolong di perbaiki segera saya udah muak","3 orang merasa ulasan ini berguna","Tampilkan histori ulasan"
"https://play-lh.googleusercontent.com/a-/ALV-UjUlHHbHItrdq86Z0phWfrcA1OtYbog55vc8t83ZlBwMuSZFyRnL=s32-rw","Alivia Citra","1 Desember 2025","game mya sekarang udah ga se lancar dulu,wifi lancar tapi sering lag, penyimpanan masih sisa banyak tetap lag,ml nya udah ga kaya dulu lagi,tolong monton untuk di perbaikii lagi dari sinyal beserta lag dalam game nya","11 orang merasa ulasan ini berguna","Tampilkan histori ulasan"
"https://play-lh.googleusercontent.com/a/ACg8ocKePcp_zWeHJGNM52yw_poMVdR8K_mp6E05oaj-emMeXd93PQ=s32-rw-mo","Syahidan Hasby","18 Desember 2025","tolong perbaiki bug tentang player solo mungkin developer udah tahu match making ga seimbang sinyalll kenapa rusak kali sih full tapi in game rusak patah patah malah satu tim leg semua lagi musuhnya aman aja tolong lah perbaiki lagi 😞😞","",""
"https://play-lh.googleusercontent.com/a/ACg8ocJ1C24Jqjvv4tkCVBm_m_JSqqORY4myxtn21ZguFqSFrAxzjA=s32-rw-mo","Abdillah Bagas","25 Desember 2025","game ini bagus tapi dikasih tim draksistem tapi oke lah musuh nya menantang dan aku juga lumayan bisa memenang kan game ini walaupun tim musuh susah","",""
"https://play-lh.googleusercontent.com/a-/ALV-UjWu7l0hGvGOpiy5bKRdxebikcGNkFZ3kV2Gld9iQ8Ehy8ANAsLd=s32-rw","Afanza Azzfani","8 Desember 2025","kok belakang ini MOBIL LEGENDS sering lag ya padahal jaringannya Bagus Trus sering ngeframe trus kalo lagi war ada aja ganguannya sperti lag lah ngeframe lah padahal jaringannya lancar, sumpah belakangan ini game mobile legends ga baik' baik' game nya tambah berat' aku paling ga suka sama Maslah jaringannya padahal lancar, berat lagi trus skin skin ya mahall banget cuma bisa skin gratisan, terus kalo skin gratisan pasti' misi nya ga ngotak kaya sponsbob Ama Ducati","9 orang merasa ulasan ini berguna",""
"https://play-lh.googleusercontent.com/a/ACg8ocKXXFypOKRg6-_Zc5sBK9L1D4s8wbFjnhaG5V3KEHrAu04mJg=s32-rw-mo","Muwafiqul Huda","20 Desember 2025","ini kenapa moonton, kenapa jaringan nya gak stabil, terus kenapa tiap abis draft pick trus mau masuk ke in game nyapasti kadang selalu lemot, patah, gak sampe masuk game, GELAG","","Tampilkan histori ulasan"
"https://play-lh.googleusercontent.com/a-/ALV-UjXWBSE92KjiEGO1Iymxkkz-PUKQ0lUy_JjYRrAPZxEZld_-mgb8=s32-rw","Natsiramir Abdat","22 Desember 2025","setelah di update bukanya makin bagus malah makin rusak sinyal bagus hp bagus malah ngelag server rusak bukanya cepet di baikin atau jangan di buka dulu mode rank nya malah ampas ga ada kompensasi lagi","1 orang merasa ulasan ini berguna",""
"https://play-lh.googleusercontent.com/a-/ALV-UjXrcU2O21uie_twStx9L3QCJ8EsbKQQ0MHvS-k1L47b9DFjn_MS=s32-rw","Titis Sektiawan","25 Desember 2025","setelah bug nya data selesai sekarang permainan yang gak seimbang aku mohon di kasih kemenangan untuk rank bawah contohnya epick-legend soalnya tetangga saya sudah strees gara² di kasih kalah saya tolong di perbaiki dan untuk fitur lane udah gak berguna karena hero tetap aneh main gak sesuai role makanya saya tolong di kasih kemenangan di advance server maupun original","","Tampilkan histori ulasan"
"https://play-lh.googleusercontent.com/a-/ALV-UjUnE8OMMFzYDGfjjwcl9h2tNAjEcZYDd1yRheed4_WDCoYPxsJF=s32-rw","Ahmad Latif","9 November 2025","untuk sekarang sudah kurang layak di mainkan,banyak BUG,sistem matchmatching tidak seimbang,koneksi jaringan yang tidak baik,respon customer care yang tidak baik dan kurang mengerti apa maksud player ,dan lain-lain.Sesuai dengan Rating yang di berikan kebanyakan orang yang memainkan iki,.Rating yang tidak baik, sebagaimana ini Game kompetitif yang bersifat internasional.Saya sebagai player lama dan mungkin mewakili suara kebanyakan orang Mungkin sepakat dengan apa yang saya tulis di atas,......","76 orang merasa ulasan ini berguna","Tampilkan histori ulasan"
"https://play-lh.googleusercontent.com/a-/ALV-UjUwQLX0BMFTDTwWTrJBRGt1k3iXvf_7DeH50v9R-hC6nVjNUTjA=s32-rw","Anhar Gaming","24 Desember 2025","semakin di update malah ngleg2,, permainan juga gak se imbang, masa solo dapat nya yg mabar, tolong pebaiki lagi moonton sistem. maching nya, kasih yg adil","",""
"https://play-lh.googleusercontent.com/a-/ALV-UjXXtIb3nDAU6oWT5eAJwPEiNVzKetmkZOQtqIkZmxHClI6UVN8=s32-rw","Doni Abdulah","11 Desember 2025","sinyal cukup baik, mau att malah sinyal lossss.... itu beberapa kali udah pertanda di permainkan sistem. agar kalah. mau sejago apapun jika solo, pasti mentok di epic. selalu nemu player bot. naik 1Bintang tutun 5. hadehhh...","7 orang merasa ulasan ini berguna",""
"https://play-lh.googleusercontent.com/a-/ALV-UjXz6T-57-77qFBrMmZrl9kvquIuIoqYUiOtHC-MXJlNeqWspgzx=s32-rw","farih fauzan","28 Desember 2025","PING GA PERNAH STABIL PEMBAGIAN MATCHMAKING BURUK SEKALI SANGAT BURUK BERAT SEBELAH","23 orang merasa ulasan ini berguna","Tampilkan histori ulasan"
"https://play-lh.googleusercontent.com/a-/ALV-UjWxAbMyzyREFGnuQipVW6OJlJnmxIUXgKuOpAWPVYqyxfUYMvwO=s32-rw","Text Text","23 Desember 2025","Hero yang OP atau lemah bisa berbeda karena ada perubahan keseimbangan (balance) yang hanya ada di server tersebut.  Jika server telah diubah atau di ganti oleh player lain. tolong updatenya tentang server","",""
"https://play-lh.googleusercontent.com/a-/ALV-UjViEx2tlwNCbO6gnyJ4GHeNDUTbuAa_UdXO8FdQZCzFgpKxu8WA=s32-rw","MUHAMMAD NUR FAIZI","15 Desember 2025","makin kedepan bukannya bagus malah banyak bug, ngalamin gabisa konek lagi gara"" lag sampe di lobby ngstuck gabisa ngapa"" in di tunggu 1 jam sampe sekarang gabisa balik lagi ngeluh di costumer servis nunggu bales ga muncul"" merugikan bngt bintang udah ilang kredit score berkurang dan 1 lagi gada map event tahuan map itu""","7 orang merasa ulasan ini berguna",""
"https://play-lh.googleusercontent.com/a/ACg8ocJVgxq2nvs0UUA-OQIaAtvcxzuD7YxPAxM64TP3a7k5L-nnhg=s32-rw-mo","Nauval Rizki","19 Desember 2025","Lumayan tapi tolong jangan ada bug atau semacamnya saya selalu kalah padahal tim udah bagus sedangkan musuh ga jago dan mereka pake chit dibiarin aja","",""
"https://play-lh.googleusercontent.com/a-/ALV-UjUxORloEF5VLiFqzoGRwe5mBfs2KXMumwCY4GAym6CjziYoEtCc=s32-rw","Agong Barona","8 November 2025","bintang 5 karena kreatifitas dan keseruan yang diberikan game ini kepada player tidak ada habisnya, saya hanya tidak suka untuk publik yang diberikan developer, kadang mendapatkan tim yang tidak memahami cara bermain seperti build, equipment, dan emblem tidak sesuai hero yang dipick, dan tidak sesuai hero satu lane yang dilawan. Ada juga mendapatkan Lawan publik yang kompak, dan sangat mahir dalam hal menguasai mini map, car bermain dan equipment yang harus dibeli.","958 orang merasa ulasan ini berguna","Tampilkan histori ulasan"
"https://play-lh.googleusercontent.com/a/ACg8ocI4lCzVBXjaL6C1no_G-dSt2-pAOgtq3GRmiNb8G9LVhinxUQ=s32-rw-mo","Hamzah Adi","22 Desember 2025","jaringan suka ngeleg-ngeleg, padahal jaringan jika dipakai aplikasi atau game lain lancar, tolong segera di perbaiki dari pihak delveloper","1 orang merasa ulasan ini berguna",""
"https://play-lh.googleusercontent.com/a/ACg8ocL-UoBiZk-2zpTcM_mKGdbrEX0PGv2hIFCGnBo7NC4qEPplvQ=s32-rw-mo","Hisyam Yusniar","19 Desember 2025","Ketika sedang team fight tiba² saja saya mengalami crash atau bug yang secara mendadak dan itu membuat saya kesulitan untuk melakukan team fight, padahal ping saya masih stabil dan normal tapi saya tidak tahu apakah ini memang bug/crash atau mungkin juga ada cheater/orang yang curang secara sengaja mengaktifkan crash/bug tersebut pada saat sedang team fight. Saya mohon agar hal itu tidak pernah terjadi lagi kepada saya, dan saya tidak ingin mengalaminya lagi. tolong diperbaiki lagi ya!","529 orang merasa ulasan ini berguna","Tampilkan histori ulasan"
"https://play-lh.googleusercontent.com/a/ACg8ocIdtQm8QRrFCwbbGRHxka6LB3LHr-81MjNstCmbtcD9IxRcWg=s32-rw-mo","Jainal Riyan","25 Desember 2025","tolang dong jaringan di betul kan lagi saya merasa tidak Yaman bermain. saat masuk dalam pertandingan saya tertinggal berapa menit tolong di perbaiki lagi mohon kerjasama ya","",""
"https://play-lh.googleusercontent.com/a/ACg8ocLm_AskZWLtEoYoCVfuNKDcHIOn1R_93ZS9heyD9umMIvUMXg=s32-rw-mo","Ilham Adhitya putra","21 Desember 2025","ini kenapa dah akhir"" ini pas selesai draft suka ngelag/patah"" di in game jaringan bagus,jadi bikin susah buat ganti emblem spell skin...tolong lah diperbaiki","",""
"https://play-lh.googleusercontent.com/a/ACg8ocJP75safY9M4gbvpoNYfTCKsQ2C1D4U4Th3JwvU-FzLwSqg2Q=s32-rw-mo","Buzz Burst","17 Desember 2025","emang game ***, gua gak ngapa ngapain tiba-tiba di banned akun gua tolong ya jangan sampai kesalahan ini diteruskan, capek, system gak adil gak ada yang serius mainnya dan saran buat aja event untuk player roam setidaknya skin epic lah yang dikasih buat para roamer biar gak langka² banget player roam soalnya hampir setiap match itu pasti lama matchmakingnya capek nungguinnya tau gak, itu aja saran gua salam perpisahan buat gamer ,always support you guys bye👋","2 orang merasa ulasan ini berguna",""
"https://play-lh.googleusercontent.com/a/ACg8ocLhm2_Qnx5_z6rJilG1B-qjedsM18AZhJCYJiQ--rMy6SsTCg=s32-rw-mo","Muhhamad Hasan","25 Desember 2025","game nya bagus tapi tolong musuh nya suka ke benteng jadi kesel sama darah nya suka cepet abis padahal udah pake hero bagus sama kelihatannya kuat","",""
"https://play-lh.googleusercontent.com/a/ACg8ocIosCOJebwZWSWxaWTYN8i9pCRYBSLR91dg6Q2bgY2-Vv2OUA=s32-rw-mo","Efendi Rian","5 Desember 2025","Saya kehilangan akun saya karena BUG, verifikasi untuk perangkat baru. sedangkan saya menggunakan perangkat yg sama yg saya gunakan untuk akses akun ini beberapa jam yang lalu. Email sudah tidak saya gunakan. Akun saya hilang. Jangan mau beli apapun di game ini. anda rugi mereka mengambil akun anda. Ini tidak profesional. Tolong perbaiki bug ini.","9 orang merasa ulasan ini berguna",""
"https://play-lh.googleusercontent.com/a/ACg8ocLD3eQXl8I_bFQmzzDzgeZQc5BVgUv89lsdxC1gYLOjkKKUvw=s32-rw-mo","Randy Syinatria","22 Desember 2025","baru reset season dpt musuh mantan glory atau imo,tapi di tim kita mantan mawi bahkan legend,tambah setiap main ngeleg Mulu udh berapa kali ganti jaringan sama aja GAME JELEK GAUSAH DI INSTALL MENU MENUHIN MEMORI","","Tampilkan histori ulasan"
"https://play-lh.googleusercontent.com/a-/ALV-UjUVh259LMDBDyo43xGreJ-n6tYqFAda5iHQM1iVPqXqw5DI-jjn=s32-rw","Raiqa Ainun03","13 November 2025","bagus sih bagus. pas game play nya keren terkadang ada even skin gratis, seruh☺. tapi ada tapi nya, tapi bikin stress karna apa karna pas main reng tuh di kasih lose trek 😡😡😭 di situ lah letak kelemahan game ini, kalo gak sabaran gak usah di instal.","20 orang merasa ulasan ini berguna",""
"https://play-lh.googleusercontent.com/a-/ALV-UjWPH7n-GKHNs6FoI1kO77sbCzO1_-vsyJrneD3rqMBAaZ1BpmqW=s32-rw","Malin Ku Undang","16 Desember 2025","Makin sini makin ngeleg aja game GK guna ngapa coba jaringan ijo ping 9 tapi in game ampun ngelag nya jaringan bagus tapi malah delay dan semua musuh pun sama sering kejadian seperti itu.... tolonglah perbaiki nih game udh bagus tapi masalah jaringan banyak yang komplain.. tolong perbaiki moonton ngapa lah nih game makin rusak","1 orang merasa ulasan ini berguna","Tampilkan histori ulasan"
"https://play-lh.googleusercontent.com/a/ACg8ocIC-kX40MXX4kXfBI4xUOUM0HPDQhbBkwVb5hiqmURIzWOc2g=s32-rw-mo","Muhamad Kurniawan","15 Desember 2025","ini kenapa pas penyesuaian setalah draf pick 15 atau 10 detik terakhir frame drop, mau atur emblem pun susah, pas di in game lancar aja, hp saya juga masih support, kejadiannya udah 2 bulan saya biarin aja saya kira mungkin bug, tapi kenapa sampai hari ini masih sama aja","4 orang merasa ulasan ini berguna","Tampilkan histori ulasan"
"https://play-lh.googleusercontent.com/a-/ALV-UjW53yk8yLnXBXNVwkTGs0LPRNLzJANCXiPG4O9AXtnN-GtJl2gD=s32-rw","Muhammad Atha Firdaus","17 November 2025","Entah kenapa MLBB sekarang tiap loading match pas udh 100 persen semua player tiba tiba layar menjadi hitam lalu loading matchnya ulang lagi dari 0%. Apakah ini bug moonton, tolong diperbaiki saya sering telat masuk game, di menit 3 baru masuk yg lain udh level 4, mana aku user hyper pula. Tolong diperbaiki 😓 padahal di season yg lalu aja gk kayak gini, malah lancaran diseason yg dulu.","25 orang merasa ulasan ini berguna","Tampilkan histori ulasan"
"https://play-lh.googleusercontent.com/a-/ALV-UjUtnTGBnJliHaUksqYmdFvbNSePxxxsrgH-1Xb9tB-cB_ZnFJ8X=s32-rw","Faza Maraya","24 November 2025","ga recomended buat main solo, ngasih tim ga pernah ada yang bener matchmaking selalu berat sebelah, tim musuh jago tapi tim dapet nya yang full gabisa main, main di rank mythic tapi kaya di rank epic lain kali seimbangin kalo bisa, event aja di gedein bug, kesalahan jaringan, lag gapernah di fix, GAME RUSAK","16 orang merasa ulasan ini berguna","Tampilkan histori ulasan"
"https://play-lh.googleusercontent.com/a/ACg8ocLr9gf6pViw6rIJw3H3dfBQgkazlB6APizexqhm9xEq9Cpdig=s32-rw-mo","Kiky Busky","12 Desember 2025","sangat sangat buruk bukan hanya segi jaringan saja tapi dari segi pemilihan tim selalu main tim lawan kuat tidak di sesuaikan dengan baik gimana sih sistem kalian ini jangan kebanyakan skin aja perbaiki masalah itu dulu. lebih baik di HOK lancar dapat tim bagus lagi gak hancur parah kayak di game ini. kalian mau ngasih tim itu ngotak dikit jangan dilihat dari rank, wrnya, kdanyalah, apalah itu semua orang bisa kok. masalahnya gaya main itu sekarang developer tolol.","28 orang merasa ulasan ini berguna","Tampilkan histori ulasan"
"https://play-lh.googleusercontent.com/a-/ALV-UjVpRe_I9Eq2EvGRBDTHjJnU2IkAYlDLdM6HkalYon_JM6U6FD4C=s32-rw","Adinda Gemoy","29 November 2025","Moonton tolong lah yahh kan setelah draft pick itu kan loading lagi buat masuk kedalam pertandingan nah disana saya ngestakk di 30% padahal posisi jaringan bagus kuota juga banyak dan setelah saya bisa masuk kedlm pertandingan itu saya tlat 6mnit dan di cap afk oleh pihak game dan ketika org lain yg ngeliat itu mreka ngliat sya itu gk afk. mo bukti kirim kan ini fotonya ada aku. Ini bukannya terjadi sekali dua kali tapi sering moonton tolongg!!!. PERBAIKILAH!!! JADI MALES BANGET MAIN KAYAK GINI","19 orang merasa ulasan ini berguna","Tampilkan histori ulasan"
"https://play-lh.googleusercontent.com/a-/ALV-UjVfuMZ9h82gTthAq6ka09_2UBa4GQQjUWTylkRy6_w-rggkR4U=s32-rw","Lixst ENDER","18 November 2025","game ini buruk, matchmaking tidak adil, tiba tiba crash padahal jaringan lancar lancar saja, dan terlalu sering update yang tidak jelas, contohnya membuat hero atau ganti season, semakin berat karna kebanyakan update yang tidak terlalu berguna, saya hanya ingin game yang adil dan kompetitif mau di tim lawan atau di tim sendiri, semoga bisa menyelesaikan masalah ini","23 orang merasa ulasan ini berguna",""
"https://play-lh.googleusercontent.com/a/ACg8ocL1GAwncBJcRxVM2vpRRJcsshZ9borX8amnyUk4WXxOIxLU-Q=s32-rw-mo","Fickry Setiawan","23 Desember 2025","tolong betulin matchmaking kami gk perlu dikasih skin gratis benyak, kami hanya perlu matchmaking di betulin, masak tim saya rank tertinggi legend nabrak musuh rank tertinggi imortal, glory,siap update bukannya makin bagus malah makin buruk matchmaking nya","",""
"https://play-lh.googleusercontent.com/a-/ALV-UjXfMkvnbK35yp4qFR_wunEirjvx85F5SQ3Swx_zO23yKGwK97cQOg=s32-rw","Chiizy","25 Desember 2025","game rusak gua maen ml jaringan lancar malah jalan sendiri padahal gua bisa ngeliat pergerakan musuh, padahal gua gerakin analognya kemana malah jalan sendiri asw","","Tampilkan histori ulasan"
"https://play-lh.googleusercontent.com/a/ACg8ocI6PaKKuPCEXxfq6OHKqhKr1sUCrpq87W5gi_IUagD6PXeyyA=s32-rw-mo","Faisal Black","23 November 2025","saya kasih bintang 1 karena game nya udah bagus tetapi ada yang kurang setiap lagi war lag terus tapi giliran mati tidak lag padahal jaringan nya full terus di kasih musuh yang tidak sepadan padahal balat saya kaya computer semua nya tapi di kasih musuh nya tetep yang bagus bagus","20 orang merasa ulasan ini berguna",""
"https://play-lh.googleusercontent.com/a/ACg8ocIlRCmTCr7SxrslZLPpoBlyG6PtsBqUyeinzLRRJxLM6mFpTaM=s32-rw-mo","Naufal Hefzie","15 November 2025","surat terbuka aja buat developer: dimohon banget untuk mengapresiasi usaha player, kita kadang kalah bukan karena skill kita yang kurang, tapi karena cara bermain tim kita yang jelek, kita yang udah semaksimal mungkin bermain dengan bagus dan sesuai, tapi performa tim kita yang jelek mengakibatkan semua orang terkena imbas nya. mohon banget diubah cara mengapresiasi kan nya, bukan dengan memberikan mvp tapi kalah dan turun bintang, tapi mohon untuk memberikan bintang untuk mvp tapi kalah","30 orang merasa ulasan ini berguna","Tampilkan histori ulasan"
"https://play-lh.googleusercontent.com/a/ACg8ocKwvwz0x7lhu8wv-baPQTJ_ntCUGzqs_YsCLbDgAdQLK3e-LQ=s32-rw-mo","Andra Dani","23 Desember 2025","game apaan sekarang kaya apa lah jaringan dari season kemarin bug ping ini Mulu belum diperbaiki juga apaan lah ini moonton skin terus yang dibuat masalah sistem gak pernah tuh di perbaiki apa lah min","",""
"https://play-lh.googleusercontent.com/a-/ALV-UjWjZ0jaQ3zpIgSUjX84sMIYcnWteI6ciZ63VtsqhWeG1JKWeICdDg=s32-rw","Sukorejo Omahhp","18 Desember 2025","moonton sekarang aku ga bisa main keluar keluar terus setelah update,apa lagi habis season mau push tapi ga bisa main,mohon dibenerin min.","",""
"https://play-lh.googleusercontent.com/a-/ALV-UjWJAK82Yit2QwRkzo_q_aLn-BNJF0__zvXNXugTDL1Jts9Hd1XM=s32-rw","Kaaa Sa","6 November 2025","game kompetitif, yang cukup menarik dengan permainan 5 vs 5 yang mengandalkan teman satu team, tapi terkadang ada ke tidak stabilan match yaitu perbedaan permainan dari team lawan maupun team kita.terkadang saat kita menemukan team yang agak aneh, kita bisa melaporkan nya ke pihak moonton yang di wakilkan oleh silvana, tapii, Silvana tidak sepenuhnya memperhatikan pertandingan tapi hanya statistik dari pemain tersebut, yang terkadang itu lah yang membuat laporan salah di mengerti","456 orang merasa ulasan ini berguna","Tampilkan histori ulasan"
"https://play-lh.googleusercontent.com/a/ACg8ocJazmKZN5RA43oeM3egKSihFz3DNsSueaiZMMmT5FTKbTvsNw=s32-rw-mo","Fikri Tian sutis rubianka pratama","18 Desember 2025","game banyak bug padahal sudah pakai wifi, bintang 1,karena saya merasa dirugikan,padahal saya tidak melakukan afk tapi sistem mendeteksi afk, game nya saja yang memang bug, sangat kecewa.","2 orang merasa ulasan ini berguna",""
"https://play-lh.googleusercontent.com/a-/ALV-UjVlahYU-iU12JbO-BDYwTQOlQJ-XXD5JL0-uUxBnLRVwhd0y0E=s32-rw","Kani4xbert27 Kani4xbert27","9 Desember 2025","Apa sih kesini sini game nya malah banyak lag nya gak seperti dulu lagi,ditambah ngebug lagi padahal sinyal bagus tapi tiap main malah ngelag parah terus afk sampai2 ga bisa main terus overclose masuk sampai2 udah beres aja main nya terus hasil pertandingannya afk lagi gimana sih tolong perbaiki lagi montoon gamenya.....","9 orang merasa ulasan ini berguna",""
"https://play-lh.googleusercontent.com/a-/ALV-UjWOqwE-4HbArDAgoTgArLALh04Rka49O__3Km48obS5RDgmLhX7=s32-rw","Tsalitsa PatakaL","15 Desember 2025","banyak sekali bug di sini dan juga saya mengalami ""loding resources failed"" saya harap ini tidak terlalu dan juga seringkali saya menemukan player toxic dan juga saya mengalami atas pertandingan yang buruk seperti jaringan bagus tetapi lag mohon untuk di perbaiki lagi ya","","Tampilkan histori ulasan"
"https://play-lh.googleusercontent.com/a-/ALV-UjX8MMCVhdHPfRwHxU09a7TfSglNpOnE-EHuEUjBS70y7szuRa1z=s32-rw","17_Halim Al Farouq","24 Desember 2025","Moonton tolong gw player lama dan satu hal yang membuat menjengkelkan ketika main game lu ini ketika bertemu player yang tidak sebanding dengan rank kita, toxic player (tolong berikan sanksi kepada toxic player minimal hukuman 1 hari tidak bisa dibuka ML nya, tolong tegaskan), dan juga matchmaking tidak seimbang, tolong berikan fitur solo rank di ML supaya kita tidak bertemu team yang sedang party Karena itu merugikan banyak player solo, tolong moonton","","Tampilkan histori ulasan"
"https://play-lh.googleusercontent.com/a-/ALV-UjUIEra8WhrYRRnZjEHbZg9WiJtQaITY1ywsM7AlZs9fhyM2n7M6lA=s32-rw","timmah 2202","24 Desember 2025","pliss deeh montoon matchmaking apaaan sih kaya sengaja bangettt ngasih tim yg bot² sedangkan lawannya jago², sengaja nyempilinn bot, kalau nggak player solo nabrak partyan, pas main lag harusnya gak dikasih afk+peringatan inimalah pengurangan point kek mana laah mksdnya, tolong deh benerin lgi jgn event²²²² Mulu","",""
"https://play-lh.googleusercontent.com/a/ACg8ocI9YlmXvAk1AwnYOK6FH5xpft7sZ3yLvqYFwN_mv1N9lHbrWg=s32-rw-mo","Fahru Rozi","24 Desember 2025","halo development, ini kenapa ya setelah season permainan suka delay, padahal jaringan bagus, ram gede, tolong dong diperbaikin, biasanya lancar lancar aja ini","",""
"https://play-lh.googleusercontent.com/a-/ALV-UjUKqil0K3lQ0F1I4fYfWg4pUtoPppCMTER6wlCew0OZJcH_-OMc=s32-rw","iman munandar","15 Desember 2025","file data terlalu besar ketika ada yang rusak tidak bisa membuka aplikasi akhirnya menghabiskan sampai 30 giga data untuk mendownload ulang patch terlebih lagi moonton tutup mata sama penjoki dan tutup mata terhadap pelanggaran saat bermain 👏👏👏👏 lebih baik ganti permainan","7 orang merasa ulasan ini berguna",""
"https://play-lh.googleusercontent.com/a/ACg8ocLYu1C6gyD2SZg-WPi5iPYBI0CShDJULCCVj9bxkoSf0itNxA=s32-rw-mo","Rameta Putri","23 November 2025","Solo player pernah ngalamin ping naik secara tiba - tiba dan karakter cuma bisa jalan lurus ke depan sebelum disconnect ? entah itu diri kalian sendiri atau temen satu team yang ngalamin. Itu ULAH system yang udah di script .. biar kalian para player lebih banyak menghabiskan waktu dalam game. ini game bagus tapi sayangnya programmer ama developer terlalu rakus dan licik. Pindah ke HOK lebih baik, jangan termakan bujuk rayu skin elite gratis buat bertahan digame busuk ini","16 orang merasa ulasan ini berguna","Tampilkan histori ulasan"
"https://play-lh.googleusercontent.com/a/ACg8ocLu8H_h73OWGcYjeEjS8UXJZvkwedutzpW_5TBQUTSa-rnKpw=s32-rw-mo","Putri Alinka","25 Desember 2025","gajelas koneksi stabil tapi lag mulu koneksi merah lag lag gan padahal hp gua ram8, udah maen dari lama solo rank dapet nya zonk mulu dongo semua dapet tim nya","",""
"https://play-lh.googleusercontent.com/a/ACg8ocInSN2ca9sMdCSyzD2Jif4hjS9pcwYLwJN1KdUgzeTXSYXJPw=s32-rw-mo","Nabil Maulana","23 Desember 2025","maksudnya apa ngelag² padahal jaringan oke game rusak sistem match making makin sulit tim egois nih game ga layak maen rebuild aja game lu bgsat server bapuk amat dah banyak tuh yg komplen katanya memprioritaskan ke nyamanan dalam game tapi yg ada kelar maen cuma setres doang gw dah muak ya sma jaringan lag dah cukup gw pusing di irl gw main game biar relax bukan nya tambah setres","",""
"https://play-lh.googleusercontent.com/a/ACg8ocIBHLJerelALUUf1rKG0elf9CuXRIf_sOeSEd613pnTlnThcg=s32-rw-mo","candra cawit","11 Desember 2025","Kenapa udah akhir season masih ajah di kerasin musuhnya padahal bentar lagi reset season , frustasi aku percuma main kalau di kalahin terus gak seimbang banget musuh sama timnya ,aku mau pensiun ajah kalau begini terus ,aku mau pindah ke game sebelah ajah,buat para orang-orang jangan download aplikasi mobile legends ini game ini bikin kita stres ataupun gila terus-terusan di kasih lose strek tapi winstrek nya kagak di kasih sekali di kasih cuma winstrek 2/3 kali bikin males main Luh monton.!!!","3 orang merasa ulasan ini berguna",""
"https://play-lh.googleusercontent.com/a-/ALV-UjW1TLWvlR2RYAARQvtpciEOiEFJUKtrGc_Ys7aj1DgPuBRjHXw=s32-rw","Pahutar Rohil","18 Desember 2025","sangat disanyangkan setiap login Ml saya selalu dapat jaringan lemah.tetapi sarannya min tolong dipermudah KBdata Ml nya biar enak mainnnya. begitu banyak akun saya Ml semua diantaranya keredit kurang.karna faktor lag.akhirnya main Rank tidak bisa","","Tampilkan histori ulasan"
"https://play-lh.googleusercontent.com/a/ACg8ocIibzx7kV23sIFkoPXa7OqbU6Rz2m2gVIAgdgxKxbpVcLub2w=s32-rw-mo","Bagus Darmawan","19 Desember 2025","oi monton benerin server lu su gw mau main rank gw setiap main sinyal bagus tapi nge lag ato jalan sendiri menyusah kan user android sedangkan ip bisa aja su game jelek","2 orang merasa ulasan ini berguna",""
"https://play-lh.googleusercontent.com/a-/ALV-UjWNDXDH9avsmhWpZBi-pKUCcchFxQ24YV7XdmjjLF5Ly98slcf0=s32-rw","Badai Raya","6 Desember 2025","banyak bug,sering ngelag, terutama di saya sering nge bug setiap menit 6 jaringan nya suka hilang dan menghubungkan kembali padahal jaringannya bagus dan sudah ganti"" jaringan tapi tetap saja, di perbaiki lagi, atau kalo perlu riset dan bangun ulang sistem agar tidak ada bug bug yang meresahkan seperti ini","7 orang merasa ulasan ini berguna",""
"https://play-lh.googleusercontent.com/a/ACg8ocJDqO-qYLApKx694g0ps9iPfN5seVv-WMEyq2cVcJfMMq1XJA=s32-rw-mo","Ussy Amelya","8 November 2025","Gamenya bagus seru tapi tolong jaringannya benerin, masak lagi enak"" war tiba"" nge freze, makin kesini bener HD tapi cobaklah liat juga itu tata kelola pelayer kayak gimana. harusnya bisalah jadi PR buat moonton kedepanya update boleh, tapi liat juga kualitas jaringan dalam game mobanya, tertera ""speed jaringan"" tapi faktanya gak bisa di aktifin ama sekali.","28 orang merasa ulasan ini berguna","Tampilkan histori ulasan"
"https://play-lh.googleusercontent.com/a-/ALV-UjW5Yg32yd0MyMaWGmr9Xb6sgqiWoIlAezhXoaO8B8-Y7e60UMo=s32-rw","こうへいKouhei","21 Desember 2025","apaan lagi ini moonton,update malah banyak kejadian yang aneh,mulai dari ngestuck di loading screen ,jaringan drop, kadang juga ngeframe 🥲","",""
"https://play-lh.googleusercontent.com/a/ACg8ocJsidO668TBJBFzkUFMgTqETn_xOsqm970iVoUN8oPj6oz8iw=s32-rw-mo","Bambang Supriyanto","1 Desember 2025","saran perbaikan dari saya bagi yg main rank walaupun kalah kalo mainya mvp harusnya bintang nya jangan turun kalo ngga tetap naik , jadi pemain tidak kecewa walaupun kalah terus dan satu lagi kalo posisinya jaringan tidak stabil atau lag jg harusnya tidak berkurang bintangnya , dan perbaiki jaringanan saya setiap main jam 12 siang pasti lag akibat nya turun bintang terus , perbaiki semua nanti saya kasih 5 bintang","10 orang merasa ulasan ini berguna",""
"https://play-lh.googleusercontent.com/a/ACg8ocKJGeJwXu7M7Tm8Gcf_f00xAzasUyNYfp8LsAY69BrfNE1XHQ=s32-rw-mo","Albafi Alba","19 Desember 2025","saya diberi tim yang BOT terus, dan saya selalu diberi musuh yang pro mainnya, jadi rank saya selalu turun dan tidak selalu win streak, saya ingin diberi musuh yang bot, dan tim yang bot seperti computer","2 orang merasa ulasan ini berguna",""
"https://play-lh.googleusercontent.com/a/ACg8ocLF6c54NRtxEyptICaxiC6sEJCB2ZblPbN7Yl6eLJZQtjEz7g=s32-rw-mo","Ida Wati","14 November 2025","game nya bagus tapi sayang banyak dark sistem, dan kebanyakan kalo main random sering sekali ketemu tim yg gk mau berkontribusi, karna itu lah sekarang saya emosi sendiri dan kecewa dengan sistem moonton yg kurang bagus dalam pembagian tim, dan saya sudah melaporkan pemain yg seperti yg saya bilang diawal namun tidak terjadi apa apa pada akun itu entah kredit skor berkurang dll. tapi tidak ada ngaruh, saya sudah 700 match tapi masi bertahan di mythic 10, dan nge stag di situ situ aja,","10 orang merasa ulasan ini berguna",""
"https://play-lh.googleusercontent.com/a/ACg8ocI7HpfJXRk-pz0KqIxURS_wK3udzI1R6A4R-hCecHKsQzAvCw=s32-rw-mo","Roizal Arya","22 Desember 2025","udah berapa kali ulasan saya edit gonta ganti terus,game ngk pernah seimbang lawan dikasih susah tim dikasih tier yg rendah dari awal season mentok epic sebab cuma dikasih tim yg ngk pernah sepadan dengan musuh!!!","1 orang merasa ulasan ini berguna","Tampilkan histori ulasan"
"https://play-lh.googleusercontent.com/a-/ALV-UjUpFv5jW8g0Nf2R1CnlWFGVs0oEmZ8TbqiJ0BobJfuPja_6Qia7Qw=s32-rw","Ahmad BOGOR","25 Desember 2025","ini gw kasih bintang 5 biar di baca. Montoon tolong lah kasih setim yang waras dan matchmaking yang adil sesuai rank, kemampuan, jangan lah kasih tim yang jelek terus udh se minggu gw Lostreak dari legend 4 sampe epic... DAN SATU HAL LAGI. YAITU SAAT BERJALAN NYA PERTANDINGAN SERINGKALI LAG PADAHAL JARINGAN SAYA BAGUS!!","",""
"https://play-lh.googleusercontent.com/a-/ALV-UjVOCHYuNtpkjC5aNq6Te8ve_EUMf_V0YXzjZhNffj9Mnmdqvd4=s32-rw","Niko kurniawan","15 Desember 2025","Halo, Maaf ini kok stuck ya? Stuck di loading. ga bisa masuk lobby ntah kenapa padahal wifi lancar. Akun advance Server, Nickname Yuee. Osaka nomer 3 kalea kalau ga salah, Perbaiki dong mau push rank, masih epic mulu ketemu tim yang ga sesuai","7 orang merasa ulasan ini berguna","Tampilkan histori ulasan"
"https://play-lh.googleusercontent.com/a/ACg8ocIsO-5p3ftTLCNEqSZX83WwgCfazDAHKgKC-jbQzqD2DctdKg=s32-rw-mo","Windra Reza","19 November 2025","Bug sinyal makin parah ,satu server pun leg ,jumping sinyal makin parah ,satu tim dan musuh ngeleg bersama ,makin di update makin gak jelas sistem nya ,perbaiki lah masalah sinyal ini ,semenjak update makin parah bug sinyal nya ,lagi dan lagi masalah sinyal masih juga leg ,pdhal sinyal bagus dikota ,perbaiki lah moonton secepatnya","87 orang merasa ulasan ini berguna",""
"https://play-lh.googleusercontent.com/a/ACg8ocIJZXwINL3O8_WBYUlbr5WGe9gRPsp-RKxb-ilnA57r_IJejA=s32-rw-mo","Fiorina","23 Desember 2025","Ini adalah game MOBA terjelek yang pernah saya mainkan karena , saat wifi sedang lancar malah di bilang koneksi tidak baik atau bagus , saya sangat tidak senang","",""
"https://play-lh.googleusercontent.com/a-/ALV-UjVuNruqf9i6TGyG1Puw50UzAECQzV1nMsKts2eHO6JuSK6b2Fo=s32-rw","Iqlima Hanum","25 Desember 2025","game nya bagus,tapi tolong di perbaiki soal draksistem yg feed dengan sengaja,saya sampai lose 5 kali,jaringan tidak stabil!!","","Tampilkan histori ulasan"
"https://play-lh.googleusercontent.com/a/ACg8ocK8AtQydP4WiNYvOOaVieuktNGj0cGZk2_3rrntKlWbbpDqEA=s32-rw-mo","Lingga Zayandar","12 November 2025","gamenya bagus tapi tolong tambahkan fitur untuk memprioritaskan data² kecil daja yang ingin di download terlebih dahulu supaya HP yang ukuran penyimpanan nya kecil bisa main dgn lancar...ini sangat menganggu","47 orang merasa ulasan ini berguna","Tampilkan histori ulasan"
"https://play-lh.googleusercontent.com/a/ACg8ocJhIh8oOzeNu1ZOIwkmdTFIzdD-XaNSonry9baXUktdoREm2g=s32-rw-mo","Eni Sulis","15 Desember 2025","moonton tolonglah, sinyal gw dh bagus tapi napa suka ngelag sih? gw mati matian ngepush cuma buat glory 1 kalii aja, coba. giliran dh honor 49 noh main sekali pasti ngelag kck, padahal sinyal bagus, wifi lancar, apasi mau lu ton? emg stres ni game","3 orang merasa ulasan ini berguna",""
"https://play-lh.googleusercontent.com/a-/ALV-UjXZM3KH9oE5A00uR7_frVU4vj_ny3FaaEfQozeYOtZZ1UIpaN8E=s32-rw","ikhsannn, actually maftuh can also","4 Desember 2025","kenapa sih, hp mendukung, wifi lancar, masih aja ngelag, mana ngelagnya ga wajar, tolong di pikir ya moonton, udah dari kemarin ngelag gini, udah komplain ke customer service juga ga ada tindak lanjut, apa begini caramu menyenangkan playernya? server nya tuh di perbaiki","4 orang merasa ulasan ini berguna","Tampilkan histori ulasan"
"https://play-lh.googleusercontent.com/a/ACg8ocIzBdMnyeemt8o3TuDkn1jFpIZx6YZ2tdOClF2ssRfsp83J0g=s32-rw-mo","Jack zon","15 Desember 2025","monton Napa dah, tiba-tiba koneksi gua terputus pas lagi in game kirain data gua abis ternyata engga kirain jaringan lagi lemot, masuk YouTube aman² ajah jaringan gua. gua restart ulang gamenya malah nga bisa masuk lagi, parah.","6 orang merasa ulasan ini berguna",""
"https://play-lh.googleusercontent.com/a/ACg8ocJfSClE4rQIz-IyJCJHP-yb5LyLHnYGFQ7U3ELhY4vpV-1yNQ=s32-rw-mo","Ria Mandalawangi","7 Desember 2025","kesel.. mobile legends tiap x login pasti keluar sendiri.. lebih parah nya kadang udah ngepus tau2 ngeblank keluar sendiri,, mana pas mau login lagi lama banget.. akhirnya kena pelanggaran trus,, padahal gak ada niat ninggalin pertandingan.. malah sistem nya log out sendiri.. capek sama ini game.. aneh","10 orang merasa ulasan ini berguna","Tampilkan histori ulasan"
"https://play-lh.googleusercontent.com/a-/ALV-UjUOa0lL2Xsd8c7ySOmwQT2sFbY3oLeqC0QaPTocwfm1BZ3LrI1-=s32-rw","fathur rohman","24 Desember 2025","yaelah match making makin ga beres lama lama ganti game lain gw. males top up sering kek dulu lagi kalo match making nya gaberes. kebetulan di moba sebelah gw mulai tertarik","","Tampilkan histori ulasan"
"https://play-lh.googleusercontent.com/a/ACg8ocKYG8OxBBDhDZ7YEkl_K-jaJ_0eEzpWuAS0F92dd3TnjaNFlQ=s32-rw-mo","Yudi Setiawan","19 Desember 2025","updetan macam ap ini moonton, lagnya parah bener, kalok masalahnya jaringan gw main game lainnya gak ad tu ping Sampek 200, lah ini gam sudah update pingnya ampun dah parah bener","","Tampilkan histori ulasan"
"https://play-lh.googleusercontent.com/a-/ALV-UjXkZS_qvb3XNppQ86a-VMaDWvgZtOrxxmdxWuV6Gfh5_RVtvqdx=s32-rw","Rahadian Raka","18 Desember 2025","setelah update malah lag parah, saya mau coba Hero baru kehalang sama lag, tolong di optimalkan lagi agar tidak lag pada awal update","",""
"https://play-lh.googleusercontent.com/a/ACg8ocIjiPTfp_Lojfb8rIvcYAbtTtkW6_dBxuT62rzbZDUeqozZiQ=s32-rw-mo","Riski Raje","18 November 2025","ini alasanya kenapa saya kasih bintang satu Karena pas lagi main, misalnya rank, terus gak sengaja Keluar, pas mau login lagi, lama banget sampai di bilang afk, jadi kalau bisa si cepat biar gak buangan waktu, ini menurut saya","16 orang merasa ulasan ini berguna","Tampilkan histori ulasan"
"https://play-lh.googleusercontent.com/a/ACg8ocIxwXmhgOBqEgmD76JGqyznnPsjS5tHt-0yDi6SKNRrOJR_cw=s32-rw-mo","Khoirul safitri","25 November 2025","sering bug, setiap selesai pertandingan pasti selalu layarnya jadi warna biru, atau sebelum main pun tiba² layar jadi gelap/hitam, tolong apanya ini yang salah, tolong diperbaiki, agar tidak menganggu ketika sedang main, kalau tidak ada perubahan saya uninstall ini aplikasi","14 orang merasa ulasan ini berguna",""
"https://play-lh.googleusercontent.com/a/ACg8ocK-Iu5XObNAMceQXsSlzrmVpbmfx0eedZ6tDYYxplJZpi_TUQ=s32-rw-mo","Bangvivo","16 Desember 2025","game nya gk ngotak tim nya pada aneh orang lain pada war roam nya malah mundur, mm nya mati belasan kali, junggle nya indomaret,mid nya brawl, musuh nya kayak pro player, memang susah main dapat tim waras udh bentar lagi reset season, stres bang gw, tapi game nya bagus👍","1 orang merasa ulasan ini berguna","Tampilkan histori ulasan"
"https://play-lh.googleusercontent.com/a-/ALV-UjUv9duwDP6vLvRN05p55-i1zZgCYciPpYbWerA5TwPnpxpyJj8=s32-rw","LIAN aja","30 November 2025","disaat saya main terkadang game lag.padahal jaringan nya bagus,ntah karna ulah mu atau citer jaringan,gak 1-2 kali, bisa di bilang lebih dari satu,kalo itu ulah mu tolong diperbaiki,kalo ulah citer tolong di ban mereka,saya pasang script aja di ban,orang citer di lindungi gimana kamu ni mas moonton,masa citer kamu lindungi ni gimana konsep nya,jdi tolong di perbaiki secepatnya","7 orang merasa ulasan ini berguna",""
"https://play-lh.googleusercontent.com/a-/ALV-UjXuczMUlnB8KeTmGDeCkOFiNab1eYzi_h38BHaMHwIlexyjQwrB=s32-rw","Devon Adriansyah","3 Desember 2025","Buat Developer terhormat saya sebagai player dari game anda sangat-sangat berterimakasih telah membuat game moba mobile yang begitu menarik dan juga buat saran kritik buat developer dan juga staff-staff nya tolong perbaiki kembali matchmakin dan juga jangan hanya surver melalui mail in game saja tapi coba kalian dengarkan beberapa player yang sudah cape solo push di game ini terutama di ranked yang dangat tidak seimbang dalam matchmaking tersebut tolong perbaiki kembali. sekian terima kasih🙏🙏.","7 orang merasa ulasan ini berguna","Tampilkan histori ulasan"
"https://play-lh.googleusercontent.com/a/ACg8ocJKA79cY_RZiIOPJQrLT6cN98SgyU6Iihc-OuxwsYZOaowUKA=s32-rw-mo","Ami Rafthina","3 Desember 2025","bintang satu dulu, Lama-lama kenapa jadi jelek sekali kualitas nya setiap main pasti lag padahal hp jga memori tidak penuh wifi bagus tapi setiap war atau sudah mau menang selalu lag selalu lag pastiiiii selalu lag anjir lah ini di perbaiki dong sengaja kah supaya kita kalah tolong yaaa supaya jangan ada lagggggggg lagii capek ey main lag terus padahal wifi bagus banget emang aneh ni game ada hantunya kah? hadehh, saya tetap mau main game ini cuma tolong dong di perbaiki boleh kan nggk salah kan","8 orang merasa ulasan ini berguna","Tampilkan histori ulasan"
"https://play-lh.googleusercontent.com/a/ACg8ocKwZxf7rdnbFJGyAWde0dwboSN_yX1oEbtcMWZiJqg3UzQo_Q=s32-rw-mo","YUSRILBUSTAN MUHAMMAD YUSRIL BUSTAN","18 Desember 2025","game rusakk!!pas di loading screen sering ngestuck di 30% pas masuk di in game langsung ada notifikasi afk,padahal udah software hp masih seperti itu,mohon diperbaiki bug nya,biar kita makin enjoy main nya,COLLAB SANA SINI ELITE,PERBAIKIN BUG SEPELE SULIT,HADEH!!","2 orang merasa ulasan ini berguna",""
"https://play-lh.googleusercontent.com/a/ACg8ocJP5jHUWoQ8wRlyMbg0uNRb2kdwjIrYgqsCSnjLwOki3TB8qA=s32-rw-mo","Mama khalif","25 Desember 2025","moonton gimana sih tolong lah jangan kasih gua kalah mulu tim beban musuh jago apa apaan ini bosen dikasih kalah mulu mendingan gue hapus kalau begini terus untuk permainannya tim jelek kalo win bagus tapi sekali kalah dikasih kalah mulu mending jangan instal bikin emosi aja yg ada","","Tampilkan histori ulasan"
"https://play-lh.googleusercontent.com/a/ACg8ocJmNvxRrRfVX7V4_-gesBLKft63eXZSE-_RVCtxX7izsTZ-Zw=s32-rw-mo","Ahmad Junaidi","18 Desember 2025","saya memberi bintang 3 karna ini game saya suka dari ifen"" nya juga bagus tidak membosankan tapi ada yg tidak saya suka itu di saat setiap mau meningkatkan rank terutama ketika -1 bintang Mau metik,metik imo,& ke glory disaat -1 bintang pasti ada kesalahan seperti dapat time bot,terjadi ngeleg,dan membuat para pemain prostasi buat monton jangan bertingakah sesuka hati kalian,mhn perbaiki kualitas gameplay game ini Sejago apapun org kalau kena drak sistem mana bisa menang apa lagi player solo","",""
"https://play-lh.googleusercontent.com/a/ACg8ocJllqiX99R1GNQBTsrv9srDgJDCNOvn-ByHAH027AJhXIJY=s32-rw-mo","Eneng Sumiati","21 Desember 2025","Mobile lezend kok makin kesini makin ke sini banyak draksistem lag, bug, sinyal tiba tiba ilang, padahal jaringan ijo aneh tolong di perbaiki lagi monton","","Tampilkan histori ulasan"
"https://play-lh.googleusercontent.com/a/ACg8ocJDUjpMTwabz6m0Z-rTRLRdZZ_rKnXQiQooxx38HUyhCBEeWg=s32-rw-mo","Ginain Karim","30 November 2025","Game yang sangat bagus dan wajib dimainkan! 🤩 Gameplay selalu seru dan update terus menarik. Namun, ada beberapa saran: Mohon tambahkan kustomisasi Quick Chat yang lebih banyak, perketat sistem report & sanksi untuk toxic player, dan hadirkan mode turnamen in-game yang lebih serius (selain Ranked). Terima kasih Moonton, pertahankan kualitasnya!","8 orang merasa ulasan ini berguna",""
"https://play-lh.googleusercontent.com/a/ACg8ocLBJASegyI_eV41SkfEQ9YDXt74KnMvG5DXmyeyVkNZdGQWHQ=s32-rw-mo","MANAF BAGAS PRATAMA","19 Desember 2025","asalamualaikum developer, ini game sudah bagus banget tapi di aku masih ada kesalahan, bug, lag, sinyal, buruk padahal game lain yang berat bisa lancar tapi ini malah ngebug dan lag apa lagi sinyal nya gampang macet-macetan 70ms 90 ms jadi kalah tolong di perbaiki ya dan lag dan bug nya juga di hapus jangan menyerah untuk memutuskan update aplikasi ini, update game ini terus-menerus sampai optimal, lancar dan ringan","1 orang merasa ulasan ini berguna",""
"https://play-lh.googleusercontent.com/a/ACg8ocL2y9ZtAKUv2L33EdbZQMjpyP07diP9GCOZTDbCozCvGLYWUw=s32-rw-mo","Rania Rania","2 Desember 2025","moonton gj. pas lagi main dapat momen,tiba² ngelag trus mati anjir trus pas main dapat musuh yg ga ngotak semua, ga sesuai jir dan ini terus terjadi sampai gw udh bosen liat nya. bintang ga pernah nambah kaya di paksa turun lagi ke legend lagi pliss lah bagi musuh yg sesuai skill player","1 orang merasa ulasan ini berguna","Tampilkan histori ulasan"
"https://play-lh.googleusercontent.com/a-/ALV-UjWZ_m-lcQCwO5-E6HE71hL8sOqkYK2ySOAOLPG_dS2g_H70Efw=s32-rw","ily","26 Desember 2025","game taik ,ktemu tim kek bot smua,jaringan suka lag,pdahal hp bagus ,sinyak ok,kalo main game lain pdahal jaringan bagus aja ,game sampah","",""
"https://play-lh.googleusercontent.com/a/ACg8ocKneXHdvYhBSnrJ43pW3GIREf4PyXhqAM-Ly4QxVootGlZHDU4=s32-rw-mo","Nia putri","21 Desember 2025","game bagus,semuanya bagus,walaupun ada bug, tapi yang paling jelek itu sistem nya,main rank HABIS RESET SEASON malah ketemu ex mawi,musuh nya imo, GA ADIL, saya imo loh high rank nya harusnya se tim dengan imo, musuhnya pun ex imo juga,jangan saya ex imo malah dikasih baru epic,legend,mawi,SISTEM TERBUSUK sudah epic 1 satu tim dengan epic 3,dll KAN GA ADIL saya sudah sering terkena lose streak yang ga wajar u sudah 70 Match SAYA MENGGENDONG TIM TAPI DI TROLLL DAN TIDAK ADA BINTANG SAYA YANG nmbh","",""
"https://play-lh.googleusercontent.com/a-/ALV-UjUnuWf_WppcGLKIvDa-kGimt_0gVzsmPCtxFYu7JZgcAkH1rvi1hw=s32-rw","Rahmad Hidayat","21 Desember 2025","tolong cek akun saya... error jaringan.. padahal jaringan bagus aja di apk lagi bagus.. login bisa tapi tidak bisa main... ada notif jaringan bermasalah","1 orang merasa ulasan ini berguna","Tampilkan histori ulasan"
"https://play-lh.googleusercontent.com/a/ACg8ocLuYUmUJqEbc_EDfyKOEa0vgBYjknQbchLErIyN3xJchI8c2g=s32-rw-mo","Jar Yadi","22 Desember 2025","game sampah semakin di update semakin sampah, jaringan wifi sama jaringan seluler sama saja. saya pensiun tidak main lagi kalau jaringan tidak di benarkan","1 orang merasa ulasan ini berguna","Tampilkan histori ulasan"
"https://play-lh.googleusercontent.com/a/ACg8ocLYUwsWMlypJP2ycYq03Ud6s5nBxehfcvgJ-LhfXA3jEFyMJQ=s32-rw-mo","Daus Rafa","26 Desember 2025","kalau team mainnya lagi bagus sinyal dimainin kalau team mainya lagi jelek sinyal lancar banget pengalaman pribadi aja sih..","1 orang merasa ulasan ini berguna","Tampilkan histori ulasan"
"https://play-lh.googleusercontent.com/a-/ALV-UjUziKksASpgubwjdEJtMLTNpmzSiNRmlOpSK1nzYn0e5J-7ywzl=s32-rw","Ikram Murinda","2 Desember 2025","mohon perbaiki koneksi jaringan monton, kenapa ketika saya sedang berada di lobby tidak ngelag dan saat bermain jaringan malah ngelag padahal ping saya baik, penambahan jaringan pun serasa tidak berguna apalagi menggunakan wifi sama saja seperti jaringan busuk. mohon diperbaiki masalah jaringan moonton sebelum rating game mobile legends menjadi kecil dan tidak ada minat penggemar lagi. mohon dibaca oleh pihak montoon 🙏🙏 terimakasih.","7 orang merasa ulasan ini berguna",""
"https://play-lh.googleusercontent.com/a-/ALV-UjVwtw6MDPw8bHq1lSkhRDRbaWFbezFyP5E0BaJ6PFTUVAPSjqg=s32-rw","irfan ahmad","29 November 2025","ketemu orang yang egois gak bisa di ajak kerja sama terus pass kita laporin malah di anggap sepele sama geme, males tau ama game yang kurang ketat udah lah susah tim diatur gak pernah dapat bagus, kalo buat clasic gak apa apa tapi malah di rank dapat draksistem, lucu? gak lucu mah ini, dikira enak apa yang gendong tim, di kasih tau ngelunjak, lama lama saya retas nih game, liat lah","9 orang merasa ulasan ini berguna",""
"https://play-lh.googleusercontent.com/a/ACg8ocKEhgukDAUMNi4REaL1PU6FGLk1RS2Qfkv0ILtj3kinuuoC_Q=s32-rw-mo","Nanang Saputra","9 Desember 2025","woi yang bener aja ngasih tim nya masak lawan ama tim kuat lawan, minimal yang seimbang kuatnya terutama pas solo rank pasti dapat tim ga bener tapi musuhnya pada jago bener terutama pas mau naik rank pasti ada aja cobaannya. lama lama gua hapus juga ni game bikin emosi aja.","10 orang merasa ulasan ini berguna",""
"https://play-lh.googleusercontent.com/a/ACg8ocIcn9GZWkvxy21Hrk_mE3URi8MfWcaVkIRgeV5NhlSxezXKQg=s32-rw-mo","Ilham Ilahi","10 November 2025","lag banget, setiap mau masuk lag terus, minion pertama abis kita baru masuk, minion kedua di rebut hyper atau tank, aku main dari sesion 2 sampai sekarang, sesion ini yang paling parah, kecewa.","31 orang merasa ulasan ini berguna","Tampilkan histori ulasan"
"https://play-lh.googleusercontent.com/a/ACg8ocKg6ndiFXkW0McYxto9QNELa9Kovijv8WXgcyqnr1GzCJQm=s32-rw-mo","Muhamad fadil Sutrisno","22 Desember 2025","banyak bug nya dan semenjak update season kemaren jaringan gua jadi tambah lag parah padahal sebelumnya tidak...semoga di baca oleh pihak moonton langsung biar cepat di tangani","2 orang merasa ulasan ini berguna",""
"https://play-lh.googleusercontent.com/a-/ALV-UjUEcEOpAAJO5O-UiPrHEzz5bENksI6RTrYoz_78JO0ThaymLRM=s32-rw","Kucing Sedih","18 November 2025","Semenjak update event 11.11 saat match sedang berlangsung dari awal game sampai akhir ping tidak stabil. Sudah cek sana sini alhasil nihil padahal di lobby ga lag sedikit pun. Main game lain pun padahal lancar no lag","14 orang merasa ulasan ini berguna",""
"https://play-lh.googleusercontent.com/a-/ALV-UjWyJC18YsKm81lLg99CUePXQPlaU8bZVNgI7HlnDjhqT_VvmBWp=s32-rw","CINTA PUSPA","16 Desember 2025","Maaf, kali ini saya sangat kecewa dengan porsi team match yang tidak seimbang dan tidak segera diperbaiki, saya sudah bertahan 4 season menunggu match yang seimbang tapi ternyata NIHIL, masih banyak troll/bot dimana mana, team lawan mendapatkan team yang bagus sedangkan team sendiri mendapatkan troller/bot. Sistem ban pelanggaran silahkan diperketat, supaya player tidak main seenaknya (troll)","4 orang merasa ulasan ini berguna","Tampilkan histori ulasan"
"https://play-lh.googleusercontent.com/a-/ALV-UjU3EG1et7O-cD8bhAmr_bGuqm9NOvalYz5HcQ9us9OMzl6EdLY=s32-rw","Akbar Khatam ramadhan","14 Desember 2025","kecewa sama servernya. gmn sih masa sinyal ijo bisa lag nya kayak 999+. makin kesini bukannya makin bagus malah makin kikir. gak usah ngurusin skin dlu, urusin dlu tuh sinyal nya biar nyaman. game KIKIR","5 orang merasa ulasan ini berguna","Tampilkan histori ulasan"
"https://play-lh.googleusercontent.com/a/ACg8ocJ7X1oVr0BUnc8GZF9k0tfzNg0W59qhiy3QRMjxfDUx3K9TjQ=s32-rw-mo","Muhammad Zaidan Rachman","23 Desember 2025","mantap monton,tapi tolong bikin yang versi bisa di pc,jadi gak usah pake emulator jadi gak bakal pada ribet buat yang main pake emulator","",""
"https://play-lh.googleusercontent.com/a/ACg8ocJozac0c8zXrRl1cZIhqEV9vXHqUqmfr_rD5-u4n3JqHPHx3A=s32-rw-mo","Luthfi Ferdian","24 Desember 2025","game rusak , udah dari pencarian macth making yang asal-asalan, sama di tulisan rank ada perlindungan bintang, tapi pas kalah malah tidak ada itu perlindungan udah sih gak usah di mainin.","","Tampilkan histori ulasan"
"https://play-lh.googleusercontent.com/a-/ALV-UjW5DH9bYdc1DJP0VQM45YHNeq0xwpxmaV0VpfQEmZS2iiQKikko=s32-rw","rama dhan","9 Desember 2025","mobile legend kenapa sih pas loading match mau masuk ke pertandingan malah stuck lama dan lama terus pas masuk malah udah menit 1 / 2 ini sangat menganggu tidak worth it banget , semenjak update aneh banget ini terjadi selalu bukan sekali atau dua kali malah sering.","8 orang merasa ulasan ini berguna","Tampilkan histori ulasan"
"https://play-lh.googleusercontent.com/a/ACg8ocKiUMLOGyinUOgkDrP_yIGk_2EwzFUKgfWa-afXnTuK_qPR=s32-rw-mo","Fitra A","22 Desember 2025","terlalu banyak update yang menyusahkan player player yang devicenya sudah tidak mendukung,tolonglah updatenya jangan hanya skin skin skin skin terus,coba perbaiki server dan keluhan lag nya dulu","2 orang merasa ulasan ini berguna","Tampilkan histori ulasan"
"https://play-lh.googleusercontent.com/a-/ALV-UjX8PAMPDFx4RZfhSqtF0S-f1XIgsPD3oO2COPvWl4pd35Prr9w=s32-rw","Lalu Satria","10 Desember 2025","Tolong perbaiki game MLBB Jangan cuma update terbaru aja Lag saya parah banget Padahal pake wifi Kok ping saya turun naik hijau kuning merah Itu aja udah streees saya urusin Ada lgi masalah yg nambah, satu team saya macet semua karna musuh pake chit, tolong min, jangan cuma hero aja yg baru,  Tolong gamenya juga diperbaiki Kalok masih kayak gini teruus Mnding gak usah ada game ini Hampir 100%  yg comen bilang gituu Tapi KALIAN gak pernah mau nurut DAN gak pernah mengubah apapun Saran saya, kembalikan gamenya seperti yg dari awal Soalnya dulu awalnya gak pernah lag sama sekali Kok makin lama makin parah Tolong dibaca ya min Jangan sampai NGGAK Saya suport buat game ini Tapi bintangnya 1 dulu min Anggap saja sbagai ganti kekalahan saya yg beruntun di game INI Seriusss Parah BANGET macetnya, lagnya Saya jdi gak enak sama temen Kalah teruus gak bisa jalan Makasi min Masih banyak yg saya mau protes Tapi sampe disitu aja dulu Kalok gamenya bener bener udah baik dan lancar Saya kasih full bintang, saya LIKE, subcribs dan lain lainnya Saya mndukung besar game ini Makasih Semoga lancar","1 orang merasa ulasan ini berguna",""
"https://play-lh.googleusercontent.com/a-/ALV-UjXmapSkMkNp9TynrUqvDzbEzx0auQ_pwupfoEmr5J8LDFmAdvCf=s32-rw","Syifabina 1706","20 Desember 2025","game dongo tim ga bisa main musuhnya pro player. server ngeleg², kalo begini gimana mau banyat peminatnya ga bakal berkembang game ini kalo begitu terus","2 orang merasa ulasan ini berguna",""
"https://play-lh.googleusercontent.com/a/ACg8ocKtsEmw4bTWCSdNi3qjo6YqeHW-RbQ15x_1kOTqIZmDAanDYw=s32-rw-mo","Briezki Syahputra","24 Desember 2025","Tolong di tindak lanjuti lagi untuk MONTON. kenapa setiap ngerank Selalu sinyal bagian server sering lag. Tolong dong bikin nyaman main, Jangan Untuk para Live Streaming yang di spesialkan. para kami global juga butuh perhatian khusus. Tolong jangan pilih kasih, Setiap Bermain selalu Lag padahal saya bermain sinyal bagus dan memakai wifi","","Tampilkan histori ulasan"
"https://play-lh.googleusercontent.com/a/ACg8ocLgjnjj7jIdm_d92C2I0U8wPVRSbyPLylmPE0zn_PeLRWN8Kw=s32-rw-mo","Juan Xi","6 November 2025","Mohon di perbaiki dong sistem nya jika match dapat team yg main nya ngawur. JD kalah terus. apa memang sengaja buat system seperti itu.. mohon di perbaiki jika terus seperti itu penggemar mobile legend akan berkurang.","54 orang merasa ulasan ini berguna",""
"https://play-lh.googleusercontent.com/a-/ALV-UjV3ytz8Ha38O247C_XGPObKkxDHhgmoODNPjVaulUEbACFahP0=s32-rw","Mery Christie","4 Desember 2025","Menurut saya, game ini bagus dan hampir sempurna. Tapi, ada tapinya. Ketika pemain sudah level tinggi sedangkan kita masih rendah itulah yang menyebalkan. Karena tergantung sifat pemain, tadi barusan dia pamer mentang² udah level 15 dan sini rata² level 7, makanya aku berkata kasar di game ini. Tetapi tidakkah seharusnya dia yang di kenai hukuman ? Kenapa malah saya ? Padahal dia duluan yang mulai. Maka dari itu, tolong untuk ditingkatkan lagi system pengawasan ( Chat ) - nya. Biar tak singgung","4 orang merasa ulasan ini berguna",""
"https://play-lh.googleusercontent.com/a/ACg8ocIaxZwkCi--Nh8TSw1QJX6z0_wiTxDZmWKsdUD2i9O3eMeCbA=s32-rw-mo","zakaria zaka","30 November 2025","game nya udah bagus, event nya udah bagus, semuanya udah bagus, gw kasih bintang 4 karna minus nya di matching, gw main solo di rank mytic bintang 98 ketemunya legend 4, tapi musuhnya rank paling rendahnya honor, bukan sama sama legend, tolong sistem matching nya di perbaiki lagi ya monton","2 orang merasa ulasan ini berguna",""
"https://play-lh.googleusercontent.com/a-/ALV-UjVBcX4CGqv2QnLbDtpXbSqZc46zvpFhZGVWGowvTuRBKKImQ0I=s32-rw","Fanny Alukman","18 Desember 2025","Niat bikin game kagak lu, update doang lu ngebut tapi UI aja masih gak bisa optimal mana mobile legends yang dulu? yang setiap update kagak ada masalah UI lag lah belum optimal lah. kalo bisa rating minus bintang udah gw minusin bos. 1 bintang ini aja udah kebanyakan bagi gw ngasih rating ke aplikasi lu","3 orang merasa ulasan ini berguna","Tampilkan histori ulasan"
"https://play-lh.googleusercontent.com/a/ACg8ocLAKHUN0D4vSEDDUgCgKESoMbKqmYQkuqQDprJgPKJiOHOiPA=s32-rw-mo","sulton ahmadi","19 November 2025","pengaturan sistem sangat jelas, bagi player solo tidak ada yg namanya win streak, selalu di kasih tim yg ga seimbang, main game buat refreshing malah di buat stress sama sistemnya.... dan sering bgt ketika di match server suka lag, itu sangat mengagnggu,,, kalo ga mau player ml pindah game, cobalah benerin semua permasalahan yg buat stress ini... sangat kecewa! mana tadi di game delay patah"" tb tb langsung kalah mana turun lagi bintangnya","1.523 orang merasa ulasan ini berguna","Tampilkan histori ulasan"
"https://play-lh.googleusercontent.com/a-/ALV-UjX-7GGj19OGtSt5FniFyrbnauHvZfb6XvPReDxXPV7zz30dxW4M=s32-rw","Tegar Rizky","26 Desember 2025","tolong lah moonton di s39 ini kenapa team nya jelek 2 terus, saya capek udah 63 matching belum naik2 legend permasalahan adalah selalu dapat team yang tidak sesuai dengan kemampuan saya, saya merasa lama2 game ini membosankan dan bersifat tidak ada jika dibandingkan dengan musuh yang selalu ketemu mathmaching party.","",""
"https://play-lh.googleusercontent.com/a-/ALV-UjWHl6YlvezMCeTyDRGxiMqu85KVGL76BpLTHO0354rxbb0bmMc9QA=s32-rw","Ryan","26 November 2025","Saya memang benci game ini, tapi saya terus main klo ada waktu luang, itupun terbantu mode a.i setara Clasic, rasanya kalau player lama kembali seperti saya, gak sudi terima klaim hadiah, kayak pembohongan aja hadiah itu hanya pembantu luka kalau kalah. Walapun paduannya tertera hadiahnya akan hilang. Bisa dibilang saya setia tapi benci sistem peraturan anda. (seperti player toxic gak di filter, nonaktifkan chat gak otomatis, harus manual itupun di ingame gak ada di peraturan dan sebagainya)","6 orang merasa ulasan ini berguna","Tampilkan histori ulasan"
"https://play-lh.googleusercontent.com/a/ACg8ocIM0XyOP4fkI-sItilw8Zo-8dLDW7vEastQ4Cp_8E48i-vmBw=s32-rw-mo","Hendri hidayatuloh","10 November 2025","Tidak cekatan dalam mengatasi cheat!! juga tidak ada kompensasi untuk Player yang terkena dampak dari cheater tersebut, minimal bintang nya jangan turun lah kalau ada cheater, juga pertandingan nya langsung dihentikan, harus lebih berkembang lagi sampai bisa mendeteksi cheater ketika pertandingan berlangsung!!!! 😕","33 orang merasa ulasan ini berguna",""
"https://play-lh.googleusercontent.com/a/ACg8ocIE-4kG4z964WVp1AMlgG9YKmedKxOp_kQtlGJ7UPCqPs3JxQ=s32-rw-mo","Bantu Like 1","8 Desember 2025","game aneh,masa ping udh hijau wifi lancar tiba tiba gabisa digerakin padahal sekelas game dunia tapi kek gini kualitas nya aneh perbaiki lagi tuh gajelas banget,bentar lagi mau menang malah ada gangguan kayak gitu","5 orang merasa ulasan ini berguna",""
"https://play-lh.googleusercontent.com/a/ACg8ocLkGAAtoZBcENd2mz4aT4DhqqQrjGI-vEZd__8-7Q4SKcZQ-Q=s32-rw-mo","syahrul ramadhan","21 November 2025","woy monton ml lu kenapa lagi kocakk,masa udh ga bisa liat skin tim sama musuhnya percuma dong kalo beli skin,tapi ga bisa dilihat musuh atau tim, makanya bikin game jangan kebanyakan aquder tapi tambah ga jelas, mana kebanyakan yg ilang lagi flitur bagus nya,game buka main bagus malah makin jelek aja di aquder","11 orang merasa ulasan ini berguna","Tampilkan histori ulasan"
"https://play-lh.googleusercontent.com/a/ACg8ocJGlouYcVHwNySiPs20VYBAQUuZZ3YmjSjOlNU8Cufwgjlqqw=s32-rw-mo","Priska Nayoan","6 Desember 2025","waktu saya bermain di tahun 2018-2019 tapi beda akun, aku bermain waktu itu grafiknya jelek. tapi sekarang menurut saya semakin bagus, dan berkembang. lebih banyak Hero, dan lain². game paling seru untuk di mainin🎖️🎖️","4 orang merasa ulasan ini berguna",""
"https://play-lh.googleusercontent.com/a-/ALV-UjUO7F69B4ZFTOyZ5lKM-u5805JcPX-SbSu6dJaDJOmgsz-vhqk=s32-rw","di ngin009","8 Desember 2025","matmaking monton MLBB burik.. gak sesuai.. APK rugi TOP UP .. sering BUG.. jaringan tidak stabill, jaringan kuat malah ngeleg.. APK smkin kedepan semakin MEMBOSANKAN.. kalah 5 manang 2 klh 3 mnang 1 bgtu teruss... gimana mau naik...","5 orang merasa ulasan ini berguna","Tampilkan histori ulasan"
"https://play-lh.googleusercontent.com/a/ACg8ocIpRtDKGzcN28DX7Dt0y-wgqhT6S5vj1G2_hoM5lF5pWrWO8w=s32-rw-mo","Fiky Mamut","27 November 2025","setres lama lama main game ini, kenapa sih kalo kita lagi menang terus pasti di matchmaking selanjutnya itu di kasih tim yang ga bisa maen\bot, dikira ga setres apa lama lama, game rusak suka jalan sendiri ga bisa di kontrol mending maen hok","12 orang merasa ulasan ini berguna","Tampilkan histori ulasan"
"https://play-lh.googleusercontent.com/a/ACg8ocJGVz_fwsfZW8o6GEJrxlpIJNZ1EjOde0Lb_25D7BSunWFS9Q=s32-rw-mo","Fahmi Latieff","28 November 2025","udah cape banget main ini game, selalu ngasih tim yang gabisa main walaupun kita udah gendong gendong tapi tetep ini game moba gabisa cuma 1 orang yang bener bener bisa main. menang sekali Langsung di kasih kalah berkali kali gara gara tim nya pada gabisa main, udah cape banget!!!!!!!!!","12 orang merasa ulasan ini berguna",""
"https://play-lh.googleusercontent.com/a-/ALV-UjX7LOJ46igUopg6zeXmlgosqaUV9MbLipaxvzdSDWTPSUBO1iH8=s32-rw","Eka Alfariansyah","28 November 2025","menurutku game ini sangat bagus, tampilan ui yang keren dan skin yang bagus. tapi bohong.... kenapa aku kasih bintang 5 ? biar ulasanku terletak di paling atas. sebenarnya, montoon cuman banyak merilis skin dan memperbaiki tampilan ui tanpa memperbaiki sistem matchmaking. Please lah, betapa buruknya sistem matchmaking di mobile legends. banyak tim yang ngetrol, player yang gak ramah, asik ditemukan player yang skill nya setara MPL padahal main rank. tolong perbaiki sistem matchmaking.😌","28 orang merasa ulasan ini berguna","Tampilkan histori ulasan"
"https://play-lh.googleusercontent.com/a-/ALV-UjWlFahVQHwP0vRNbwaMyH1Wnar1CjDNlIW8TGnr_st0rLbN95M=s32-rw","aderius lajira","10 Desember 2025","Game ini makin lama makin gak benar. contoh : di rank mythic masih banyak player gak jelas harusnya Hero itu sesuai role.Di role Makrksman malah di pake Fighter jadi untuk monton,mohon di benerin deh gamenya dan terlebih kepada pemain yang tidak ikut aturan/prosedur main tolong beri hukuman atau di stop selama 1 Minggu jadi biar player pelanggar aturan bisa jerah. Selain dari itu coba kasih tim yg seimbang jadi para player bisa semangat kalaupun kalah gak nyesel.","9 orang merasa ulasan ini berguna","Tampilkan histori ulasan"
"https://play-lh.googleusercontent.com/a/ACg8ocIgIr-VhVUjHCytAj2zfmytSwJY59p_57e14JCieeuvk1fdjA=s32-rw-mo","Rohman jalal","12 Desember 2025","monton benerin game nya dong sinyal ku hijau tapi gk bisa gerak terus ada peringatan afk padahal ping nya hijau monton terus di kasih musuh susah, dapet tim ngetrol, sama gk kompak, tolong di kasih yang seimbang musuh/dan tim nyaa jangan musuh nya jago tim kita nya yang gk jago plissss monton benerin game nya padahal game ini seruu bangett aku sukaa banget samaa game nyaa😚😙","",""
"https://play-lh.googleusercontent.com/a/ACg8ocLG_sfwvLqvGVujxo-1IYqhM-Wn8ZVNG8iQOqnR5WsvcNR34w=s32-rw-mo","Rafly Aristyo","30 November 2025","sekarang setelah Draft pick Hero terakhir selalu lag, pada saat loading screen mau pakai data/wifi selalu lambat/stuck yang lain sudah sampai di Lane kita Bru spawn kalah xp kalah gold, saat nya beralih ke game sebelah","",""
"https://play-lh.googleusercontent.com/a-/ALV-UjVs2aIDlzovj3dVaRKobOYE5MvVJk0hllIjmd-JTKyZNrKms5M=s32-rw","Raisyaa Lucuu","15 Desember 2025","saya suka dengan gemes nya seru sekali namun ada sedikit kejanggalan ketika bermain dengan tim yang baru download itu susah banget buat viktroy jadi masalah nya kalorekan tim nya epic jangan dikasih lawan yang di atas epic","",""
"https://play-lh.googleusercontent.com/a-/ALV-UjUqh2rMU7Gt68MrIqoN_aG2p5EuNaheRY8Q4xpydGLxUo3H7X6V=s32-rw","OPPO","13 Desember 2025","Udah bagus si, bahkan lebih baik dari pada tahun lalu, minusnya cuma pas main kadang"" suka menghubungkan ulang padahal wifi sama sinyal bagus"" aja hero juga suka gerak sendiri padahal sinyal di tempatku lagi bagus bagusnya","1 orang merasa ulasan ini berguna","Tampilkan histori ulasan"
"https://play-lh.googleusercontent.com/a/ACg8ocJ-f9uLBFMBMf10iOi0uRbxO0CFxSzPD_HxJRiK4n-q_JV4_A=s32-rw-mo","Akun mlbb utama","17 Desember 2025","saya kecewa dengan update baru dari pengaturan grafis karna dibagian kualitas model hanya ada standar dan itu sangat tidak enak dilihat karna burik banget,seenggaknya walaupun hp tudak mendukung tetap ada hig lah jangan mentok di standar karna saya mementingkan hd daripada ferforma,tolong update lagi untuk pengaturan grafisnya yaa diadakan minimal hig semua ada","3 orang merasa ulasan ini berguna","Tampilkan histori ulasan"
"https://play-lh.googleusercontent.com/a-/ALV-UjWUPV26lgydKn1onwPSnSNIN4c2ZDt535B3JNRiFeDg-qRqo9jG=s32-rw","Shidou","17 Desember 2025","Kalo soal matchmaking sama keseimbangan tim gw lebih milih game sebelah, tiap main disini selalu di satukan sama player dengan skil rendah, sedangkan tim musuh sangat kuat, udh ngirim banyak ulasan tapi ttp gada perkembangan","3 orang merasa ulasan ini berguna","Tampilkan histori ulasan"
"https://play-lh.googleusercontent.com/a-/ALV-UjV8DxDYEfsqYgYcPL_Ui-0Y34e8BDFsUyijKBWppQCCXqapbXA=s32-rw","Navela Adianti","20 Desember 2025","aplikasi nya sekarang berubah,mengapa mmr ngga nyakit??dan mengapa aku kalah terus?? kapan ini aku naik rank?? kuota ada,sinyal bagus,namun di dalam pertandingan lag?dan stun lambat,ngga bisa dipencet²,di masak² juga gitu lagg😭🙏🏻🙏🏻aku mohon bang moonton segera diperbaiki!!!! aplikasi mobile legends nya🙏🏻,saat ki'o 1x bukannya MVP kalah malah dapet nya pedang 2☹️,aku udah kalah hampir 10x lebih 😭😭gimana ini???","3 orang merasa ulasan ini berguna","Tampilkan histori ulasan"
"https://play-lh.googleusercontent.com/a-/ALV-UjVVEXy0FU2aRCuMWOdGnqldLiNcbKl-xD8mEhci-G9MHzpP7qQ=s32-rw","OC Otit","18 Desember 2025","Masa tiap maen gw d kasih pemain afk semua. Saya mau nanya.. monton niat ga sih bikin game? Kalo ga niat benerin hapus aja dari play stor.! Tambah parah sekarang. Fps ga setabill . Ancur.. makin k sini . makin ancur . game nonton doang . Hero jalan sendiri ga bisa d pencet apa "". yg paling para cuman bisa liatin hero jalan d tempat tau"" mati.","2 orang merasa ulasan ini berguna","Tampilkan histori ulasan"
"https://play-lh.googleusercontent.com/a/ACg8ocKU9Rhy9Smw4rCvSXWNNjQS_Dnc9iXPm5-_f0w1_7S3vGEKnA=s32-rw-mo","Andri Okem","15 Desember 2025","sangat kecewa sih, bertahun2 main game ini baru kali ini ngalamin lagi enak main malah jaringan elor, sulit untuk menyambungkan ulang ke dalam game, padahal jaringan bagus, paketan juga masih banyak, malah suruh ke advance server, bnrin lah bug ke gini bikin kecewa delover aja","5 orang merasa ulasan ini berguna",""
"https://play-lh.googleusercontent.com/a/ACg8ocL8g3hU7f1eK_TxJqe4jA-svKBB-teQWQdFUeqo2pwaxJtMfA=s32-rw-mo","Cynthia Bella","16 Desember 2025","apaan sih kenapa lag bngtt gamenya padahal wifi ku lancar ga lag, jaringan hijau ga merah samsek mana posisinya lagi war dan 2 orng tim ku juga bilang kalo lag padahal jaringan mereka bagus, gr gr itu aku jadi kalah tolong lah diperbaiki.","3 orang merasa ulasan ini berguna","Tampilkan histori ulasan"
"https://play-lh.googleusercontent.com/a-/ALV-UjUBz7bk6XsSIUZ9fpQpgyh9k2azprjLpEtEXw-7vc0WW_DWFOTZ=s32-rw","BANG TAMA","16 Desember 2025","main clasic lancar. giliran main rangked ketika sudah selesai darfpick tiba tiba jaringan terputus. padahal jaringan wifi bagus. Hilangkan sistem bot. membuat game tidak seseru seperti dahulu. karena player player yang tidak pantas untuk naik rank berada di rank atas. Itulah yang membuat matchking semakin Susa. karena di rank atas ketemu player yang gameplaynya tidak sesuai. seharusnya ada sistem yang menilai gameplay setiap player. percuma ada IA. kalau para deplover tidak menindaklanjuti.","7 orang merasa ulasan ini berguna","Tampilkan histori ulasan"
"https://play-lh.googleusercontent.com/a-/ALV-UjV67nMx0YigFsX1hkvys8yNPSdmkDFu5LI4cVRWbcKE9IjMmEqp=s32-rw","Bagas Elwin","16 Desember 2025","Hero banyak tapi Power Hero ga imbang, ada yang Op parah ada yang ga guna, sudah ada mode pilih line sebelum match tapi semua Hero bisa dipakai disemua line sehingga masih banyak dark system","2 orang merasa ulasan ini berguna",""
"https://play-lh.googleusercontent.com/a/ACg8ocKIuWl5wE4VfPLBvGJwpMOxB5SDrDwVOQmcF8nCBU63NOgSvg=s32-rw-mo","achilles 06","7 Desember 2025","sengaja gw kasih bintang 5 biar diatas, woi monton lu niat bikin game ga? gw termasuk mampu wifi ada paket data juga ada, tpi knp pas pindah akun log monton jaringan tidak stabil? mau nyalahin jaringan? sini mampir ke Jakarta lu liat betapa lancar nya, game rusal","4 orang merasa ulasan ini berguna","Tampilkan histori ulasan"
"https://play-lh.googleusercontent.com/a-/ALV-UjXzLWdd74AMoYAFYq5kwsQx6lawVXdbgDHDpUjVA5p5GQj7EBsR=s32-rw","FIT FITRIANSYAH","14 Desember 2025","tolong diperbaiki lobby lag gk bisa dipencet layar lobby tiba² mengecil,tolong cepat diperbaiki sinyal padahal hijau tapi suka lag parah,hero kita di dalam game juga suka jalan sendiri padahal sinya hijau","1 orang merasa ulasan ini berguna",""
"https://play-lh.googleusercontent.com/a-/ALV-UjWbn2NRA6MY3pfFKFYrEGVtoSGrqZ9ESgmlj6XmD6sIKa8z9o3s=s32-rw","Blusukan Wengi Official","2 Desember 2025","Comeback lagi saya kira udh bener eh malah ancur, masak iya lostreak 10 Kali, mana yang katanya kalah 3 kali bakalan win, please benerin sistem match makingnya, game sebelah aja kalah asalkan MVP naik bintangnya kalau teamnya dark sistem, lah disini malah parah, maaf kalau gamenya mau rame kayak sebelah, dan gak stuck di Asean aja, lebih diperhatikan di matchmaking gamenya, disebelah lebih waras sistemnnya","",""
"https://play-lh.googleusercontent.com/a/ACg8ocJeEyxFEv1VudTHtqEtrjlb9cxME2A67L_IDoeaIxi8WuDc5w=s32-rw-mo","kemas alim","15 Desember 2025","game ini kadang tiba tiba down pas lagi main dan bisa di terdeteksi afk tiba tiba dan pas log-in ulang malah ngefrezee tapi tetep gak bisa dan tiba tiba ngelag pas war jadi team kalah war dan sering ketemu dua bucin troll yang cewek nya bantuin cowoknya terus itu bikin team kami gak bisa ngapa ngapain karna gak ada yang bantu","1 orang merasa ulasan ini berguna","Tampilkan histori ulasan"
"https://play-lh.googleusercontent.com/a-/ALV-UjVOm7s53XN0E1B8B1wsqsz3RL7fXrp59zjC6nUaq2xYCNf5d4Jx=s32-rw","Husen Adiyaksa","18 Desember 2025","game rusak ini sengaja gua kasih bintang 5 biar naik ke atas setiap awal season pasti lag dan bug udah gua gacha habis habisan gak dapat aspirant terus timnya pada gak bisa main mending gua main game sebelah aja yang skin nya murah tapi tebal efeknya","",""
"https://play-lh.googleusercontent.com/a-/ALV-UjU72XI4ILuNt2tVxFtAKYf-wYJFALh62sXImTDwfQY6QjUJGiI6=s32-rw","Chandra Nazar","16 Desember 2025","Kepada Developer Game pengembang game Mobile Legends: Bang-Bang ""Moonton"" saya menyampaikan pesan untuk menerima ulasan dari saya yaitu untuk meningkatkan performa jaringan sinyal nya pada dalam saat permainan karena saya yang selalu mengalami Lag sepanjang permainan berlangsung dan sekian itu saja saya sanggup sampai. saya harap kepada Moonton menerima usulan saya.","2 orang merasa ulasan ini berguna","Tampilkan histori ulasan"
"https://play-lh.googleusercontent.com/a/ACg8ocJl5EwSRwUxT6S1t-ZC1H-tw3CAh2SfLC346JN8xsFDgxUnig=s32-rw-mo","Alif Baktilah","17 Desember 2025","game ya bagus saya menyukainya bisa mode offline onlen tapi maaf ya bisa gak mode offline ya ada mode HART jadi biar bisa ngerasain kaya main rank gitu jadi mohon tambahin ya dan Adain gitu mode berawl offline jadi enak gitu bisa main macam macam mode mohon di tambahin dan monton bisa gak jangan suka kebiasaan tiap bintang sudah pul semua dan satu bintang lagi ke rank selanjutnya kebiasaan terus ahhhh males dan kenapa ya di rank epic selalu dapat tim deraksistem nyusahin tau tapi selebihny bagus","",""
"https://play-lh.googleusercontent.com/a-/ALV-UjX15Acum7U_fME7pdY0SB8zSCoc1f3NwMR9fJTg_apIa1fh51TS=s32-rw","M.y.s wkwkwk","16 Desember 2025","permainan sering tidak imbang entah dari tim yang b*d*h atau msuh yg terlalu jago dan itu sangat merugikan sekali..apalagi saya akhir akhir ini paling sering merasakan tim yang b*d*h dari pada tim yg bisa main(kompak)kalo tidak percaya kalian(pihak moonton) cek sendiri history permainan saya..saya sangat tidak suka permainan ini..sistem matchmaking nya terlalu di setting buruk untuk orang yg bermain solo atau duo..sekian terimakasih..semoga di baca sama pihak moonton 😘","",""
"https://play-lh.googleusercontent.com/a/ACg8ocLSqhdicmxoRVC43Kk42MRSWNCR2lqawG5LUL5zh6mzWMaCtw=s32-rw-mo","rakha satya","12 Desember 2025","tolong benerin sistem match nya ga adil bgt, cape player juga lama² maen nya mau sejago apapun juga klo di kasi tim feeder pasti kalah, ayolah dengerin, react, player² yg ngeluh itu bukan krna mereka ga jago emg dasar nya sistem match nya ga adil, tolong lah dengerin keluhan para player di luar sana, game rame juga gara gara player² yg main, klo begini trs game ml gaakan laku.","3 orang merasa ulasan ini berguna","Tampilkan histori ulasan"
"https://play-lh.googleusercontent.com/a/ACg8ocJWl765EJtyGgDe1cs0hfPRZxnyeCbmJwAhStcum-IpUnbiwQ=s32-rw-mo","Rifk","5 Desember 2025","main 2x menang . 20x kalah . dan jaringan bagus TPI ngelag . apakah gem ini masih berfungsi untuk d mainkan . lawan tidak sepadan . kalo bisa Absen umur yg yg rata . lagi mau ngepus tim bocah semua main kaya cacing jadinya . monton harap d jelaskan jika memang ingin membuat game popular yg masuk akal . tolong d bereskan bag"" dan ketidak bagusan dalam bermain","6 orang merasa ulasan ini berguna",""
"https://play-lh.googleusercontent.com/a/ACg8ocKTtGDSaQmHQM1hrWvQMPAO3MK5Pa_ISO2YVHPe2TxvA6Q6Eg=s32-rw-mo","Aceng Viki","7 Desember 2025","wow,game yang di rekomendasi sama temen bagus sekali min,aku nyoba game nya tidak toxic,sama aku bintang 5 nih,sinyal juga bagus sekali skin skin nya banyak hero nya juga banyak,sama ada yang berbicara sopan dan ber doa sebluk mulai,itu keren banget sih menurut gua!!!","2 orang merasa ulasan ini berguna",""
"https://play-lh.googleusercontent.com/a-/ALV-UjXoeuj5qHCu7cSXnPpxJlxc-6E43gJQl986fYEUI3Cv7VAaWxM=s32-rw","Arya Hapella 007","16 Desember 2025","Minta tolong min benerin bug sinyal ini mengganggu banget saat main hampir semua match bermasalah ga di rank,klasik,atau di brawl ngeleg parah banget padahal niat banget main dan seru ni game tapi bug sinyal ini kaya ga direspon sama sekali padahal kita setia Ama ni game ,tolongg min yahh perbaikin bugnya sebelum ganti season baru ini nanti","2 orang merasa ulasan ini berguna","Tampilkan histori ulasan"
"https://play-lh.googleusercontent.com/a/ACg8ocKtagC2J2PH7K4sEXQKK9V-kHwcLitzls5HjZCIsudezvCtpg=s32-rw-mo","Ukar","5 Desember 2025","hahahaha game ini sangat menyenangkan setiap main ketemu drak sistem terus jadi rank aku turun menurun jadi aku ajak main aja orang drak sistem biar rank ku turun menurun sumpah game ini sangat menyenangkan sampai membuat ku gila! dan setres!...","4 orang merasa ulasan ini berguna","Tampilkan histori ulasan"
"https://play-lh.googleusercontent.com/a/ACg8ocJqsB1Z4rYt98exHLCtzYSzaBEWMTsuNMeNBX2togsnnhvfhA=s32-rw-mo","Pt Endix Wiriawan","11 Desember 2025","game nya sih bagus tapi, tapi ni ya playernya banyak yang pakek cheat, cheat sinyal lag lah map hack lah dan ada lagi nih walaupun game nya bagus tapi player nya kek💩 kalo di tim, kalo di musuh beh jago parah dan juga ml sekarang suka ngefreem dari pas login sama pas terakhir draft pick. ini cuma saran mohon untuk developernya di seimbangin lagi ini game bukannya bikin fun malah bikin strees","1 orang merasa ulasan ini berguna",""
"https://play-lh.googleusercontent.com/a/ACg8ocLAoKDl9yQcHw_Yp3uoa3PXzSB6EP0KEO3G1F6EXRW9dBuTaA=s32-rw-mo","Azzahra Kamila","14 Desember 2025","e moonton, ini jaringan ku bagus padahal, kenapa setiap loading masuk ke in game selalu ngestack di 30%? itu yang selalu bikin timku ketinggalan level/poin, akhirnya? lose streak terusss. perbaikin dong.","",""
"https://play-lh.googleusercontent.com/a-/ALV-UjVOP5NZoTl4s0HmAc41DCqUtd1ejPrCQks9GXg0bOXuBH4QF5t4=s32-rw","Saya_ Sio","4 Desember 2025","rating 1 aja ah, selain collab nya yang ga niat cs nya juga bot doang jadi tanggapanya cuma itu itu mulu dan sistem matchnya ga bisa bebas harus role tertentu padahal player nya belum tentu bisa main di role tersebut dan bodohnya lagi banyak bot yang mainya benar benar bego","3 orang merasa ulasan ini berguna",""
"https://play-lh.googleusercontent.com/a-/ALV-UjV_cUncVuz47cys26QdyrFPbErdjfm7pPAv-wQ-ioM3OuM4CRIa=s32-rw","Alan Septiadi","3 Desember 2025","Cuma ingin satu hal,tolong perbaiki isu jaringan di In game nya,serius masa Macht pertama masih bagus agak ngelag sedikit, setelah macth kedua langsung di beri sinyal full merah di satu macth full.","4 orang merasa ulasan ini berguna","Tampilkan histori ulasan"
"https://play-lh.googleusercontent.com/a-/ALV-UjVBaxXle42EJWJmarL4WNx_WKJhzzt4FB4iMeL4pPK7bS1g1lo=s32-rw","Turi Ayyubi","14 Desember 2025","untuk game nya bagus skinnya keren keren apalagi colector and legend sumpah bagus bagus bgttt plisss!! skin nya banyak keren keren hero nya banyak dan penampilannya gak kalah bagus dan heronya ngambil dari cerita sejarah kebudayaan negara yang ada didunia contohnya kayak Kadita dari Indonesia yang realnya namanya nyi roro kidul ratu pantai selatan ahhh suka bgtttt!!! tapi kurangnya banyak lovers and drak sistem di ranked tapi dari segi model dll bagus gw kasih bintang 4 bagus bgtttttt!!!!","1 orang merasa ulasan ini berguna","Tampilkan histori ulasan"
"https://play-lh.googleusercontent.com/a/ACg8ocLQMP946PaUY5JYlCGpZnF0f_cztXqoaHpZuixmKkbl0fHrmg=s32-rw-mo","Udin Sariudin","2 Desember 2025","game gajelas mau ganti akun aja susah bet padahal jaringan aman, game dengan sistem matchmaking tersampah yang pernah gw mainin, orang gila mana ex immo dapat tim yang mentok honor, tapi musuh nya ex immo, diubah dong sistem matchmakingnya, biar player nyaman main nih game","5 orang merasa ulasan ini berguna","Tampilkan histori ulasan"
"https://play-lh.googleusercontent.com/a-/ALV-UjX_QcWXARnTHYHM7ewQEPB38Gvp1AiTHRbttmgJCOnWHnqptFpM=s32-rw","Tomy Trifandy","18 Desember 2025","game apa lah ini lama lama buat emosi.. Masa baru turun season jaringan Ngeleg mulu?? pas tes jaringan bagus 7MS.. ketika dlam game malah ngelek parah.. tolong lah diperbaiki lagi monton.. kecewa player kalian buat","1 orang merasa ulasan ini berguna","Tampilkan histori ulasan"
"https://play-lh.googleusercontent.com/a-/ALV-UjU-vwDHTlpzJ8sDWtleF101xnbrm_t05kLcOFH41g_8RBjYrAhM=s32-rw","DaengLira99 Randy","17 Desember 2025","makin ke sini bpk moonton,makin banyak yang ngeluh pas matchmaking stuck di 30% sebelum masuk di lane di situ juga tertera sinyal tidak baik dll padahal mah sinyal bagus, al hasil di menit 40 second baru masuk dan susah beda level sama lawan, ku kira hp gw udh g mampu, dan ternyata banyak keluhan yg serupa bahkan lebih buruk lagi, pliss lah udah lama main,makin ke sini makin ga jelas toloooonnggggg!!!!!","1 orang merasa ulasan ini berguna","Tampilkan histori ulasan"
"https://play-lh.googleusercontent.com/a/ACg8ocIFbUtdlxMEgyBlPrj0C_xGwltdDbPp2FA29KHTXh1jDVmRlQ=s32-rw-mo","Kiara Putriawan","16 Desember 2025","game nya udah bagus tim udah mulai oke tapi kadang kadang huruf huruf di item huruf penjelasan item semua lah hilang atau kadang kadang cuma beberapa kaya gini misalnya (de o n hu. t r s. rd)=aslinya(demon Hunter sword)jadi tolong di perbaiki kalo udah baru Bintang 5","1 orang merasa ulasan ini berguna",""
"https://play-lh.googleusercontent.com/a/ACg8ocKIUzOWdUDVKhTUmNPpJJtFaFDFsMwrXmfPZk8RLrtZ_15jCQ=s32-rw-mo","Habiba Zamima","18 Desember 2025","Game ini rusak sistem matchmaking yang lama dan sering keluar sendiri belum lagi kalau main biasanya dapat rekan yang tidak paham dengan game tidak mengerti role dan hal ini dapat merusak pengalaman bermain player","1 orang merasa ulasan ini berguna",""
"https://play-lh.googleusercontent.com/a/ACg8ocLEAP9VJgnUVtSJ38ArSyXEofm4hnQNHeb-PtSFliqpCc_zQQ=s32-rw-mo","Riyan Syah","11 Desember 2025","game MOBA ini sangat menarik dan menyenangkan dan terbaik yg pernah saya mainkan.saya telah mencapai rank 293 sedikit lagi ke 300 dan kemarin malah turun ke 213 sungguh permainan yg sangat indah ditambah lagi saya selalu mendapatkan tim sangat pintar sekali,ramah,sopan, tidak egois pengertian dan sangat lincah dalam bermain terimakasih MOONTHOND telah menciptakan game MOBA terindah sepanjang masa.INI SEMAKIN SERU","1 orang merasa ulasan ini berguna",""
"https://play-lh.googleusercontent.com/a/ACg8ocKxSR9DoEVWDEaTEYusRWQq6yfqAfhxJWu-8qIR-5UM8v9mnQ=s32-rw-mo","Anisa Agustin","12 Desember 2025","gua rating bintang 3, soal game memang asik asik sekali tapi ada beberapa faktor dalam game ini, kalo soal spesifikasi hp yang kentang mending gak usah main karna saya merasakan hp yang ngefram para player ml ini bukan semuanya udah kerja, ada yang masih pelajar dan ada yang kurang mampu untuk membeli hp yang layak, pliss lah moonton terbit kan ml lite biar kami para player ml yang hp nya kentang bisa main dengan tenang","","Tampilkan histori ulasan"
"https://play-lh.googleusercontent.com/a-/ALV-UjVkt5JU7uZWC3y2fpzoSoE7OaxQDJlJfjjSHMstKf76pi6N41L7=s32-rw","Bogi Purnomo","16 Desember 2025","plis lah ton fitur fitur yang ga guna itu di hapus aja ini ml udah 10gb sendiri di hp gw, perbaiki juga macthmaking nya heran gw ketemu tim yang ga bisa main mulu,yang terakhir perbaiki juga sinyal nya ping udah ijo tapi gabisa digerakin heran gw.","",""
"https://play-lh.googleusercontent.com/a/ACg8ocKz5Z1Fc6Pw_xZQrF56SW72doyc2NWUXt9yU8ZRg9cHSoaFbA=s32-rw-mo","Rehan Nurcahyo","11 Desember 2025","akhir akhir ini sering sekali kalah terus, selalu dapet musuh kuat,udh berturut turut ga dikasih menang,dan tolong perbaiki sistemnya,tolong rolenya diganti seperti dulu, setelah fitur pemilihan role ada makin ga bisa pake 1 role saja,dan harus pilih 2 role harusnya 1 aja kayak dulu","2 orang merasa ulasan ini berguna","Tampilkan histori ulasan"
"https://play-lh.googleusercontent.com/a-/ALV-UjU_U0dC5gP80_eXVsEpp3uI7o4a9kJujED_-QOaZBwzkDqA92tB=s32-rw","Ibnu Syaifullah","15 Desember 2025","jangan download game ini, ini game tidak ramah untuk player solo. percuma jago klo ketemu publik yg begonya luar biasa!! menang 2x sistem lgsung ngasih musuh yg ga ngotak. ditambah tim nya kocaknya luar biasa!!! game adil cuma ilusi semata!! klo bisa party, klo ga bisa jgn main ini game!! sumpah, game bego!!! jgn ngasih ⭐5, percuma kalian ngeluh. ga bakal ditanggepin. yg pling pnting itu cuannya, semisal cuma buat have fun silahkan. tapi ini game udah keterlaluan untuk match making nya!! sampah","1 orang merasa ulasan ini berguna","Tampilkan histori ulasan"
"https://play-lh.googleusercontent.com/a-/ALV-UjXncRNW8-AFNXsR2FXkvuA--H3nCxGMRbHtFXvUn0dYf5m-PHo=s32-rw","Adi Siswanto","4 Desember 2025","tolong perbaiki game nya saya lagi gepus malah di kasih musuh yg sulit dan tolong montooon kena saat kurang satu bintang malah di kasih musuh Suli dan tolongggg banget kasih kemudah dalam seson ini yng teingal beberapa hari tolong mudah kan para orang yg mau ngepus ke mitik ataupun yg belum pernah mitik biar juga ngrasaki bisa sampai mitik mask setiap inngin gepus mask di kasih musuh Sulit ayolah monton beri kemudahan dalam game agar para player senang juga kalok gini terus bikin kecewa game nya","","Tampilkan histori ulasan"
"https://play-lh.googleusercontent.com/a-/ALV-UjUO_l0ROb_Viw-zd4AgesoeyIZz-A-9jnYpTXaFtn906S7-ZQlq=s32-rw","Shadow","26 Desember 2025","moonton yg bener lah leg makin leg loh ,aku dri player old ini udh parah sih leg nya, saat war suka patah"" ,loading lama, saat masuk game aku baru bisa gerak detik 30 lebih ini bikin aku ga bisa hyper, nyiksa bgt gw player jungler, gimana moonton? jgn skin doang udh bosan gw udh bnyk skin bagus tpi percuma ga bisa menikmati main game Mobile legend nya","","Tampilkan histori ulasan"
"https://play-lh.googleusercontent.com/a/ACg8ocKC6dKzMJrFDeffdI2-cT2JRtwWkz0cKWBWfTF_c_AHump4Gg=s32-rw-mo","Shiva Kusuma","18 Desember 2025","gamenya baguss cma klo pas draft pick aga nge lag ya☺ tapi pas pertandingan juga aga lancar si kadang kaya geter sendiri hpku tpi bagus koo aku suka sama eventnya banya hero yg gratis trus sama hadiahnya yg banya tpi kalo bisa eventnya jangan dibawa ampe pertandingan soalnya setiap aku main itu selalu lagg parahh sampe ke turet sendiri loh ya tapi gapapa karna ini cuma game kann,kalo bisa banyakin skin hero gratisnya ya minn/kakaa","","Tampilkan histori ulasan"
"https://play-lh.googleusercontent.com/a/ACg8ocLZz-MpqIE9G5JPJXII9JXrz05sIGtFewIL9tLOmyrpr5iTSQ=s32-rw-mo","Muhammad Rozikin","11 Desember 2025","Kalo kasih tim yang bener lah udh sinyal sering lag main solo ketemu trio tolong di benerin lh dari pihak moonton PLAGIAT!!! Lagi gk malu apa copy ide pihak lain. semoga dengan kasus plagiat ini MOONTON DI HAPUS DARI PLAY STORE DAN APP STORE Dan biar nggak membuat pihak riot games kahwatir, apalah jir,malu berat","2 orang merasa ulasan ini berguna","Tampilkan histori ulasan"
"https://play-lh.googleusercontent.com/a/ACg8ocJarEXFKDLcMgO5x_vo4wpI9cukPA3gNljKVgzJYgjJYJ8L_w=s32-rw-mo","Putrizz Z","18 Desember 2025","gamenya bagus, tapi kenapa ya saat ganti desain pas main tbtb ngelag parah? padahal jaringan ku aman"" aja. dan bahkan ada peringatan afk gara"" lag parah tadi, dan aku udh berusaha buat gerah buat menghindari afk tapi ttp aja afk. dan 1 lagi jangan nambah"" in memo pls gw lebih suka ml yng dlu dripada skrng jadi mohon perbaiki y","",""
"https://play-lh.googleusercontent.com/a/ACg8ocLHKZ7xTe5l99yZ37MXaTWWdRscwqUitihHhHK1sItdTqwJZ88=s32-rw-mo","JonayCoo coo","12 Desember 2025","gamenya sangat bagus untuk dimainkan dan saya rekomendasikan untuk donlot karna gamenya sangat ramah lingkungan, dan juga hati hati maen diakhir season iya kawan kawan match matching nya lagi ga beres 😇, tadi saya main kalah 2 menang satu padahal di rank immortal dan itu keren banget","","Tampilkan histori ulasan"
"https://play-lh.googleusercontent.com/a/ACg8ocIQOwIBc3mh3TucfXPhDIg4RSb_TyDOnKpp6-vLPZxnCUu6Aw=s32-rw-mo","Muhammad Prayogi","6 Desember 2025","untuk monton yang terhormat.mohon jangan ijinkan playar lain screenshot profil foto kita.karena sering terjadi tim yang tidak terima kekalahan akan screenshot foto dan profil lalu diviralkan ke media sosial dan dipermalukan.ini sangat tidak relevan karena hanya sebuah game tapi berdampak untuk mental seseorang yang telah di viralkan.terimakasih.","2 orang merasa ulasan ini berguna",""
"https://play-lh.googleusercontent.com/a-/ALV-UjUO1yKo8ig8-85XhXcBsujrMrc7Mp-HUQQ3sonR4TqEqR9e39wP=s32-rw","Lynx Von Claire.","2 Desember 2025","game ini sangat tidak membuat orang happy, ini game yang buat manusia apa binatang sih?, gakjelas banget sistemnya, giliran mau naikin rank malah ketemu tim ampas, sekali musuhnya jago, draft pick di game ini sangat tidak seimbang, apa lagi mau kenaikan rank, udah di pastikan tim tidak ada yang waras, terutama bagi akun yang punya server lama, itu matchnya susah banget padahal ranknya masih rendah","4 orang merasa ulasan ini berguna","Tampilkan histori ulasan"
"https://play-lh.googleusercontent.com/a/ACg8ocJyxbrqqi9O5xeMhPGHHtc9YmWpzeCmnsCLHfMOpxYSbrAvIA=s32-rw-mo","Futri Kirani","17 Desember 2025","please lah kalo ngasih musuh itu yang adil masa musuh tim yang jago² sedangkan tim sendiri dikasih bot harusnya diseimbangin apalagi yang main solo itu susah mau di ranked atau di classic mau naik bintang satu aja harus LS 10x gimana mau naik nya coba","1 orang merasa ulasan ini berguna",""
"https://play-lh.googleusercontent.com/a-/ALV-UjVJ90T9TkCeHfUqpQ-OqDZPmq4WmWsEy8-iIPk7_8PZhpvb0vkj=s32-rw","Charel Anabiel","6 Desember 2025","benerin matching, masa solo mulu nemu trio duo party beban, cape, lu kalo mau dapetin duit jangan gitu juga moonton , sekarang gw ls dari malem sampe pagi, maksud gw gini, klo bisa adain sistem gk bisa main klo tim beban lah, cape, main game buat fun, klo ujung²nya kalah gk ada fun²nya","3 orang merasa ulasan ini berguna","Tampilkan histori ulasan"
"https://play-lh.googleusercontent.com/a-/ALV-UjXkQ510GtobX4ISK34DpakZkUAgpIHfAqG-1b90PD1M06LDzvj6=s32-rw","Silvi Munyenyo","16 Desember 2025","gatau knp ml sekarang pake wifi suka lag gitu, padahal pas dulu main ml pake wifi gak pernah lag sama sekali, tapi sekarang sering banget lag, padahal main apk apa pun yg ngegunain wifi selalu lancar tapi di game ml kaya lag terus gak bagus2 jaringan nya, tolong dong deplover perbaiki jaringan gamenya, supaya aku bisa nikmati gamenya dengan tenang","1 orang merasa ulasan ini berguna",""
"https://play-lh.googleusercontent.com/a/ACg8ocIwIuRKMfRvcS2N4THonKMuKm0Ctd0YJBRRTuKCZCcU1Zo-=s32-rw-mo","Alvaro Ariyanto","3 Desember 2025","nontoon plis tolong perbaiki game mobile Legends nya dong karena pas saat aku main kan sinyalnya masih hijau tapi tiba tiba ngelag nembus tembok, jalan sendiri, dan tidak bisa di gerakan dan timku juga semuanya juga ngelag dan pas aku ngelag itu sinyalku hijau tapi ngelag dan cuacanya tidak hujan mohon di perbaiki game nya ya ton nonton sekian terima apa ya 😄","2 orang merasa ulasan ini berguna","Tampilkan histori ulasan"
"https://play-lh.googleusercontent.com/a/ACg8ocJvkBqM8703rcooIkmk50kTE6zL1EhpKNJd8BsUfB-pnIJ4FA=s32-rw-mo","Muhamad Ridwan","4 Desember 2025","tolong kepada pihak monton saya sudah bermain 7 tahun lebih tolong buka. saya merasa jago atau gimana tapi tolong hilangkan yang namanya sistem macth frin dari kalian karna kita kalo main dengan orang yang bukan sepadan sama kita tapi musuhnya di kasih yang yang bisa berkontribusi maka kita pemain ml bakal stres monton tolong dari dulu sampai sekarang saya main rata rata di kasih win rek itu hanya 10 apakah itu cara kalian agar orang orang ketagihan main??? jika kita bermain ml untuk adu mekanik","","Tampilkan histori ulasan"
"https://play-lh.googleusercontent.com/a/ACg8ocJTr7W9iyW2vpLtqeMQ7wwGuSQlBxMmU5L7MLmquk3fLeGquQ=s32-rw-mo","Amin Amin","26 Desember 2025","lagi² ga da respon kali ini keluhan saya makin parah, coba ja bayangin, setiap mo in game pasti stak di 30%, sedangkan yg lain sdh mulai bermain, jadi saya selalu tertinggal hingga 2 level, pemberitahuan (koneksi terputus) sll begitu padahal sinyal baik² ja dan bagus, hadeeehhh moonton moonton, cuma bisa manfaatin kelemahan kami yg suka bermain game ini, semoga kalian cpt sadar ya.","1 orang merasa ulasan ini berguna","Tampilkan histori ulasan"
"https://play-lh.googleusercontent.com/a/ACg8ocKuUDr60nRyk1gYDmRyCj7KrKacY2sNQIy-4eQfJocsu78LNQ=s32-rw-mo","Ilman Nasution","7 Desember 2025","kalo game nya sih udah bagus tapi tolong lah kalo ngasih tim yang sepadan Ama lawan lah ini gua udah mau 2 Minggu dari legend 1 bintang nya di situ situ mulu kita nih udh berusaha untuk sisih kan waktu kita biar gak ketinggalan ini org kerja udah main 3 game an eh bukan naik malah turun . 1 lagi aku kasih masukan nih kita nih kerja kadang mau main game biar rank nya itu gak ketinggalan amat tipa seson ini di tinggl bentar udh apk gimana liat game sebelaj itu KLO main gak akan apk min","",""
"https://play-lh.googleusercontent.com/a/ACg8ocK77m4nRG2WFREvBH-vpyStmx0_-mKhpZAhnRSO4tusq_mp_w=s32-rw-mo","Nabha Jakid","17 Desember 2025","woi moonton server lu rusak, ngeleg banget padahal jaringan gw bagus bagus aja, waktu main bs gpp tuh, ngelag ny ga sampe 1 atau 2 kali lah, lah ini ampe 6 kali lebih, percuma main klo ga nambah bintang, gw satu bintang lagi imo malah ngelag, ga dapet bintang lagi... mending pindah epep.. 😠","1 orang merasa ulasan ini berguna",""
"https://play-lh.googleusercontent.com/a-/ALV-UjU0fZ8PKfYnUvHWnvBIZ-idOx-2j_mDbR7GS4nuvBHHcanVoiEo=s32-rw","wotabul hentai","16 Desember 2025","gini ya montoon, mohon maaf nih ya, nij pas saya main 2-3 win saya, enak timnya kompak l, tapi tiba tiba nih ya kok bisa ya saya main lagi ketemu sama dark sistem, udah gitu, Hero Alpha kok bisa-bisanya, jadi mid itu gimana, 1-2 kali wajar lahh, ini berkali-kali, tolong lah montoon, lu sengaja apa gimana dah, setiap bintang full, mesti ketemunya tim Ngtroll, tolong lah ya tolong bgt ini yaa ,di perbaiki apa kek.","1 orang merasa ulasan ini berguna",""
"https://play-lh.googleusercontent.com/a/ACg8ocIWXEJ75UCtTHCmcg2xQdOkZ_0XQBxoSM14-5gNs-2MBuH42Q=s32-rw-mo","Wiliam juner Sarumaha","18 Desember 2025","game ini makin update, bukannya makin bagus malah makin rusak. setiap main jaringan ijo tapi di in game lag nya luar biasa, mana tim sendiri sama tim lawan ngerasain pula. kalo begini makin malas main ml. Udah ketemu dark system, ditambah lagi lag yang luar biasa lucinta Luna berkepala naga.","1 orang merasa ulasan ini berguna",""
"https://play-lh.googleusercontent.com/a/ACg8ocIZURtwG9j5gYp2R6C9nxzdT5wItGbs_pBLh_JM7ujfSVRs=s32-rw-mo","HAFIZH GAMING","15 Desember 2025","kenapa akhir akhir ini sering terjadi lag secara tiba tiba padahal jaringan bagus tiba tiba lag jalan sendiri ini sangat merugikan tim,ini adalah pengalaman bermain yang sangat buruk karena setiap main selalu ada lag yang membuat saya tidak nyaman,dan membuat rank saya turun terus menerus,tolong monton perbaiki jaringan ini saya ingin pengalaman bermain yang mulus tidak ada masalah please","1 orang merasa ulasan ini berguna","Tampilkan histori ulasan"
"https://play-lh.googleusercontent.com/a/ACg8ocKLfojmtirwT0gI1Js8s68IVUv9EqarYT0DbUZIublRj2edkWY=s32-rw-mo","Rif'ad Dayatullah","15 Desember 2025","ini gimana moonton game kok lag hubungkan ke server Mulu ,awal main berapa menit ngelag parah aku sempet ngira ada yang cheat ,ternyata semua pemain tim sama musuh pada bilang lag nah terus pas pertandingan selesai gak bisa lgi lag hubungkan ke jaringan padahal sambil Musikan pakai Go tube gak ada lag sama sekali tak kira jaringanku ,klok emang jaringan pasti musiknya mati ,tak cobak lagi liat YouTube tiktok aman lancar malah pas masuk ML server nya gak bener gangguan tolong perbaikilah Moonton","",""
"https://play-lh.googleusercontent.com/a-/ALV-UjWS5vdwd8czcsL5L06s2gptxYra0IR65Q7TW7d7iBV23QIfWuo8=s32-rw","andy navier","16 Desember 2025","Tolonglah ketika memulai pertandingan dengan lawan ,timku harusnya seimbang dengan tim musuh .giliran tim musuh pada hebat-hebat, mau menang saja selalu sedikit ,beda sekali dengan kalahnya yang banyak","","Tampilkan histori ulasan"
"https://play-lh.googleusercontent.com/a/ACg8ocKRdSZ8K9WN8mpXXLcKD5ZTEqfBbIrL3QRnttGbOa9kgaJKnHI=s32-rw-mo","Fachrul Pangestu","14 Desember 2025","minta tolong,setiap akhir season kebelakang,selalu mengalami freez,nge stuck di lobby,dan di draf pemilihan emblem,selalu mengalami gangguan yang cukup serius sehingga para player MLBB merasa tidak nyaman dalam bermain,dan mohon kerjasamanya supaya tidak ada gangguan dalam bentuk apapun,dan kembali nyaman saat bermain.","2 orang merasa ulasan ini berguna","Tampilkan histori ulasan"
"https://play-lh.googleusercontent.com/a/ACg8ocIwctnNC_68t9Ar9MN19FgfbZvEjyndT74dXkQF7nzXb1UlRA=s32-rw-mo","thamaa awan","18 Desember 2025","game rusak ngelag""an bnyk bug nya kadang recal sendiri kadang jalan sendiri jaringan di liat juga bagus makin ganti season sama update rasanya makin susah bgt berat kadang semua ga bisa di pencet sampe hp ngeluarin suara kek mesin cukur padahal device support buat ini game gimana ini","1 orang merasa ulasan ini berguna","Tampilkan histori ulasan"
"https://play-lh.googleusercontent.com/a-/ALV-UjX6f9ofOIAg7D8143gd3XmBfn5QOF8m4wp9JGvBrVCHs8Sta3AK=s32-rw","Ardiansyah Pratama","18 Desember 2025","moonton makin hari makin aneh.. kemarin tiap login selalu freeze, kita karna hape ku yg jelek.. pas liat temen ternyata emg dari ml nya, terus hari ini jam 3 sore awal season. hampir semua player ngelag, gabisa gerak padahal sinyal bagus-bagus aja.. pls di benerin yah.. jadi ga nyaman","","Tampilkan histori ulasan"
"https://play-lh.googleusercontent.com/a/ACg8ocIzw8FP7h6BDYGBhwjSgTvKrnTLXtAD1lsCqxxbexlSa-HFHaQ=s32-rw-mo","FELISSA AZIZAH PUTRI WARDHANI","6 Desember 2025","game nya udah bagus,tetapi pilihan moonton kepada player yang pemain solo tidak bijak,padahal saya dan teman² berbeda rank tetapi bisa bertemu sekaligus satu tim,dan kalo begini caranya dalam 2 tahun ke depan mobile legend tidak akan dimainkan lagi karena pemilihan player dari moonton tidak bijak dan semoga moonton dapat berbenah di kemudian hari","3 orang merasa ulasan ini berguna",""
"https://play-lh.googleusercontent.com/a/ACg8ocKlWMxmcQfuXoypeen4hflmGAM9RMpezLJsXyC6sY1agSrYhg=s32-rw-mo","Bos Muda","15 Desember 2025","padahal jaringan bagus lancar malah lag lag an terus pada saat saya masuk kembali dalam game malah ngak bisa masuk malah ngestak di dalam room permainan bikin males aja main game ini tolong di perbaiki lagi ini game makin hari makin ngak bagus aja","1 orang merasa ulasan ini berguna",""
"https://play-lh.googleusercontent.com/a/ACg8ocJLtEDWRjY0BzBoPxewsUxDKe5zPnRhslXG-bP_hXp-umvM9w=s32-rw-mo","Gondit Aja","13 Desember 2025","saya kasih bintang dua soalnya sekarang sistem nya aneh masak main kalah mulu gk ada menang nya, sama satu lagi tolong kalo org yg ngetrol Kredit skor nya turunin yg banyak minimal 10 atau berapa kek, masak main udh serius timm nya poke semua. saya udh main ML 4 Tahun lo kalah mulu menang cuma sekali lainnya kalah trus, siapa yg gk emosi coba main dapat timm gk jelas semua, trus sama musuhnya tlong di sesuaikan lah sama renk nya, udh ini aja yg bisa saya bilang tolong di perbaiki sistemnya min.","","Tampilkan histori ulasan"
"https://play-lh.googleusercontent.com/a/ACg8ocIi_xjg2-uVTzr91-mBA0lWdUXRiijLrbAwUxynJEhMX2oX5Q=s32-rw-mo","the fire bull","5 Desember 2025","masalah montooon 1 terkadang pas saya lag kan ada fitur baru yaitu bang bang card sama mau claim kartu nya lag terus pas udah lancar tiba tiba udah katak di klaim tapi aku gak tau aku klaim apa apakah itu bug? saya ingin masalah ini cepat di selesai kan","","Tampilkan histori ulasan"
"https://play-lh.googleusercontent.com/a-/ALV-UjV4V2ipxb1kIynE2zSRWfIcmJGJPfQ3TJBM3adFTFQhtWS56Bc=s32-rw","Arif Sinchan","29 November 2025","Silvana terlalu sering mengurangi kredit skor. makanya saya kasih tambahan 2 bintang dulu. kondisi internet yang gak baik kit yang kena afk. dah melakukan deteksi jaringan ya tetap kredit skornya gak naik. Mau banding kebanyakan rentetannya","2 orang merasa ulasan ini berguna","Tampilkan histori ulasan"
"https://play-lh.googleusercontent.com/a/ACg8ocIUus3KvXPjgX-txS7eBeglBdUq44diTUQvXrBNfYJur-_-xQ=s32-rw-mo","Kurniawan","17 Desember 2025","pliss ya aku selama main ml dulu sinyal GK pernah buruk, padahal aku dah pake hp yang ram nya lumayan buat main game ini, tapi entah kenapa sekarang tuh suka buruk sinyal ml nya padahal sinyal ku baik baik aja, ini kayak nya server nya rusak deh, perbaiki lagi ya + harga skin nya terlalu mahal dan efek nya GK terlalu bagus sama game sebelah, sekali skin di puji harga langsung naik, seperti ivent Layla 11.11 yang naik kasta.","1 orang merasa ulasan ini berguna",""
"https://play-lh.googleusercontent.com/a/ACg8ocI5zoJmb0v1dVdqeV3Au07D__O5U2sNZpvlCLrpigYthR4sSA=s32-rw-mo","Muhamad Fajar hariyono","3 Desember 2025","system pembagian team dalam rank sangatlah buruk, dikasih laporan dalam game pun tidak ada tindak lanjutnya, lebih baik kasih bintang 1 karena kualitas system algoritma nya sangatlah buruk.system game tidak bisa membedakan mana player yang punya skill sama player yang hasil jokian orang lain atau hasil gendongan orang lain. intinya system moonton sangatlah buruk kualitas nya.","2 orang merasa ulasan ini berguna",""
"https://play-lh.googleusercontent.com/a-/ALV-UjXG_2oFMUjURFlvjCoC5NIrlHXOLBup9Li1iAqpdwjiVI6IR4eg=s32-rw","¿ ¡","20 Desember 2025","game nya sudah lumayan tetapi tolong kasih lawan dan tim yang seimbang masa aku selalu di kasih dark sistem sedangkan musuh udah kayak party rank imortal bintang 1000 kompak banget kayak top global dan saya selalu di kasih teman yang suka ngetroll, musuh yang jago banget teman yang dark sistem musuh jago banget.","",""
"https://play-lh.googleusercontent.com/a-/ALV-UjUxzCSoG43uXafcCBRCTGgF64eUcFGPugkJi2_a_fxdK-mJnsBd=s32-rw","FizZ","12 Desember 2025","Gamenya udah bagus cuman saat saya bermain dan dimenit 17 itu saya bermain full lalu saya sholat dan afk dari game, selama kurang lebih 3 menit lalu saya bermain sampai pertandingan selesai dan alangkah terkejutnya saya saat mendapatkan AFK dari pertandingan tersebut, Tolong moonton kasih alasan afk seperti dulu agar gamenya lebih baik, saya harap ulasan saya dapat terbaca oleh pihak moonton. Terima Kasih","1 orang merasa ulasan ini berguna",""
"https://play-lh.googleusercontent.com/a/ACg8ocJAKz7zms-mZz5zyVKV2843PlX6ejUC5Nl-u_Y8PJy5I55yzw=s32-rw-mo","Juli Samsung","19 Desember 2025","auto hapus aja gak si game nya pas mau masuk pertandingan Sukak lama % nya sampai ketinggalan 3 Minion baru masuk, pas udah di game play juga sama nge lag"" padahal jaringan dalam kondisi bagus parah si ni dari kemarin"" belum ada perbaikan","","Tampilkan histori ulasan"
"https://play-lh.googleusercontent.com/a/ACg8ocLh2ZSvhZgPACY60A0O5yPKcm5QUF9QiB513lTRrD4ZiODckg=s32-rw-mo","intan putri","17 Desember 2025","Tolong di Fix bug (Alamat E-mail belum terdaftar dengan akun Moonton) ini sangat menganggu untuk login saya sangat panik mengira akun saya telah hilang.Lama lama ngeselin,setelah update banyak sekali bug","",""
"https://play-lh.googleusercontent.com/a-/ALV-UjWMcsD0KkkKo6OKHiTBMomb-j9z1e_ZxVE9bzrr55QbDfD9sYGd=s32-rw","Kana Putra Kamil","18 Desember 2025","gamenya bagus 👍,tapi tolong tambahkan fitur star protection untuk perangkat yang di awasi kontrol orang tua,karena sering sekali saya mengalaminya ketika sedikit lagi mau menang tapi malah keluar (karena fitur kontrol orangtua),tolong itu jangan dihitung AFK karena lebih mudah menaikkan rank dari pada menaikkan kredit skor. TOLONG DI TAMBAHKAN karena MERESAHKAN!!!","16 orang merasa ulasan ini berguna","Tampilkan histori ulasan"
"https://play-lh.googleusercontent.com/a/ACg8ocIWAUrK0QFjaAzA2D_S6o7wGZD56mxg9kiy1JrmI-R0vp1kYg=s32-rw-mo","Yulia Jiu","22 Desember 2025","setiap ganti season rank kita selalu turun Uda mytic tetap jadi epic. rank top local juga turun. main game selama setahun rasanya sia sia saja. gak ada yang bisa di banggain. toh semua waktu dan kerja keras kita tidak di hargai oleh pihak pembuat game. pengorbanan kita main game sepanjang hari hanya di anggap sampah bagi mereka. so, sebelum di perbaiki sistem nya. saya tidak akan main game ini lagi. Karena hanya membuang buang waktu saja. saya akan cari game yg bisa menghargai pemainnya.","2 orang merasa ulasan ini berguna","Tampilkan histori ulasan"
"https://play-lh.googleusercontent.com/a/ACg8ocJyv5Bp4a86YOInuiChtPKFdGHNMMybx2ikj4M0-5zCm-NIdg=s32-rw-mo","Suryati Yati","17 Desember 2025","game buruk setiap dapet tim selalu gajelas giliran musuh udh kaya pemain tour, kalo bisa kurang kurangin darksis moonton hp gua udh pecah lagi gegara dapet darksis lo!! kalo bener ini game MOBA seimbangin tim & lawan kalo tim lol musuh juara mcl gimana mau menang!!","",""
"https://play-lh.googleusercontent.com/a-/ALV-UjWjIBqX4tnRIXdTV2hod54gaFMvSQXOFiDCB-agkdG30xEQfqi6=s32-rw","Silcha Putri","3 Desember 2025","kenapa ya waktu aku coba advance server terus mau balik ke akun yang lama engga bisa login? padahal udh semua cara aku coba loh sampai aku ikhlasin hapus semua data yang ada di ml itu (padahal akunku yang lama udh lumayan) jujur sedih huhu:(","",""
"https://play-lh.googleusercontent.com/a/ACg8ocILNro7fDPBBq3C5Ex5rsYUbS27XOScKxjnZ3w9PpKic15R5A=s32-rw-mo","adam syahdam","24 Desember 2025","Matchmaking sering gak seimbang, percuma fitur pilih role tp nunggu sejam, giliran milih roam langsung dapat sedetik kemudian. pun gitu selalu dapat tim yang ngelawak, jadi apa gunanya nih pick roam kalau hero damage dealernya ngelucu???","","Tampilkan histori ulasan"
"https://play-lh.googleusercontent.com/a-/ALV-UjUJl0TieARiqPWwmCluvNEMqqvLNzyYeiJ9_WaDXyCgD9wVfVY=s32-rw","Moon Light","18 Desember 2025","Nge bug banget setelah update + reset season ini,Like bro? Biasa nya ga gini kok malah gini sih moonton? Perbaiki plis soal ny saya di awal season biasa ny langsung nge push rank tpi kalo kondisi ny gini yah ga bisa dong,Ping ny tiba"" merah di atas 200 biasa ny ad ak 20-40 itu udh normal dan enak lah ini, padahal wifi kuat hp jg ga kentang sama kepenuhan memori tpi kok game ny nge lag parah,Plis lah perbaiki secepatnya","",""
"https://play-lh.googleusercontent.com/a/ACg8ocI7GvXtFOokbDfTNRRRuKGvGQPWmv4spXHmEPW56G3r0eNslg=s32-rw-mo","Pakde Udien Gaming","22 Desember 2025","untuk developer sekarang ini skin di game ml sudah bagus² grafik oke juga tapi tolong computer computer dihapus atau dikurangi karna mengganggu pemain di rank epik,legend,mytich,dan honor yang sering ada karena tidak bisa diatur main maju maju sendiri kadang memencet skilnya lambat(computer muntun) klo masih seperti itu aku kasih bintang 1 dah gitu aja esmosi akunya","","Tampilkan histori ulasan"
"https://play-lh.googleusercontent.com/a/ACg8ocKag3MTBHvozPmo2I60uArWvajNsDDeEyjUXOuvvTMEvdH_9w=s32-rw-mo","Kardi Merak","7 Desember 2025","mending urungkan niat buat install game ini, kalo lo cari happy ini game yang 95% salah yang ada lo di kasih tim sampah dan tim musuh lebih jago mungkin pro player entah itu bot yang jalanin atau memang tim joga (2 atau lebih pemain) lawan tim solo player","1 orang merasa ulasan ini berguna",""
"https://play-lh.googleusercontent.com/a/ACg8ocIbKbFLiNJT2ltkhjxMuFjab3ZxqSVSixEkTrGHnl9lzjaQ=s32-rw-mo","AHMAD MAFAZA","17 Desember 2025","tolong lebih bijak lagi dalam memberi solusi dan keterkaitan akun untuk semua orang, tidak semua orang ingin menggunakan akun lamanya, jadi mohon untuk setelan akun dibuat seperti game umum lainya saja tidak perlu super protektif karna hanya akan mempersulit saja, saya bilang demikian karena saya tidak merasakan adanya kehangatan di game ini di pemain maupun pembuatnya terimakasih","",""
"https://play-lh.googleusercontent.com/a/ACg8ocJcWe_4v25NPx6DUYsx_GeJwjI4m0KlEyWB7AxT8zBLqXBrmQ=s32-rw-mo","Rezhafirman Syah","18 Desember 2025","lama lama update nya ga jelas moonton player yang hp nya kurang bagus jadi susah maen ml nya,update terbaru season baru bukan nya di perbaiki bug nya malah makin rusak,sebelum nya cuman di draft detik terakhir doang nge lag sekarang sepanjang game nge lag juga,hp yang kurang bagus jadi susah maen nya tadi gw maen cl terus rank gw sepanjang game lag ga bisa gerak ada 2 orang ga nge lag 1 di tim 1 di musuh gw tanya di chat all hp apaan dia pake IP 15 padahal hp gw pocom3,tolong moonton di perbaiki","","Tampilkan histori ulasan"
"https://play-lh.googleusercontent.com/a-/ALV-UjVFl_44tF2VROTCK6PMQbXOF9-qPWemX33ZaCS7hLsBYptx7Rg=s32-rw","Mahesa Karuna Sankara","29 November 2025","gak bosan kah? ngasih tim gak bisa main sumpah capek main sama anomali,saran gw mending player yang ngetroll/ngefeed itu kena hukuman akun ban 7/5harian gitu biar gak pada ngefeed mau main cl bosen main rank ketemu anomali capek gw ls sampe hampir balik legend,pada gak bisa main di role yang bahkan dia sendiri gak paham(player rata² pada maksa di role yang gak dia bisa)kalo gak bisa main di role itu kan bisa blajar di cl kalo gak di practice buat nguasain heronya,ya setidaknya buat nguasain hero","","Tampilkan histori ulasan"
"https://play-lh.googleusercontent.com/a/ACg8ocLFAZDQ3IJCwKsTNJJeVk_rxyI9GFkQDIqPp4xeKkhYoRUSPg=s32-rw-mo","Rara Ratu","3 Desember 2025","suka sama gamenya tapi jaringannya itu loh yang ngeselin. padahal hijau tetapi malah ngelag, pas war malah lag, matinya lancar lancar aja. mohon segera di perbaiki karena itu sangat mengganggu saat bermain🙏","",""
"https://play-lh.googleusercontent.com/a-/ALV-UjU_9sZxzaMhIIufzBm9ndlKLB-xoLMBIDE91-5FFfbBlkwZ_DXC=s32-rw","Free fire Garena","15 Desember 2025","tolong moonton pliss deh aku hampir nyerah dengan bug bug yang gk ada angin hujan petir sekalipun suka lag tiba tiba gimana mau main rank klo lag terus padahal sinyalnya ijo tapi suka lag tiba tiba dan arus internetnya kuat, pliss klo gini terus bisa bisa game lm gk menarik lagi gk rame seperti free fire yang sudah miliaran lebih sedangkan ml masih 500jt lebih buat lah kami senang sesekali tidak ada gangguan, pliss ya aku main ml karna gabut aku pindahan ff klo gini terus aku main ff lagi.","","Tampilkan histori ulasan"
"https://play-lh.googleusercontent.com/a/ACg8ocKGcIJUwUQTtZjgrFNqlKzBX2JCxw6psr8Z4BbsZn9HjiMMBw=s32-rw-mo","Qalesya Husna","22 Desember 2025","busuk banget gamenya, push awal season buat orang jadi gila, niat menginstal game karena ingin meredakan stress sekalinya main malah bikin stress. moonton ini gimana dong masa aku push awal season selalu dapat tim sampah kek gini, mana musuhnya ga ngotak lagi. mana sering dapat orang yang banyak bacot tapi mainnya kek orang dongo. gimana ga makin stress. fix jangan download y soalnya buat kalian stress","",""
"https://play-lh.googleusercontent.com/a/ACg8ocJ1MUvycinVE8C2i5WqmNccoJQiDua_zt87nMGpyl9UYAQJ-w=s32-rw-mo","Vall 4you","18 Desember 2025","haduh ini sangat merugikan dan mengganggu sekali untuk pemain, baru ganti season baru main rank lag lag ga jelas sinyal merah padahal jaringan lancar, perbaiki lah yang seperti ini karena sangat membuat tidak nyaman pemain","",""
"https://play-lh.googleusercontent.com/a/ACg8ocK7P74VhF6ygUU7gQSCrRDvNxVApUZ2K3f-qU2LAPeFtQLq7NM=s32-rw-mo","Violetha Tupa' Tengan","23 Desember 2025","game ini game paling buruk dalam hal jaringan. Lag di awal game, gak bisa farming sampai afk. Berkali kali complaint gak digubris, liat aja semua ulasan gak dibalas tanda gak peduli. Game taik, aku rekomendasikan jangan download, mending download honor of Kings👌👌","","Tampilkan histori ulasan"
"https://play-lh.googleusercontent.com/a/ACg8ocIy388iGXZJq0o-xc1_v2B7_iN4CTClcKHoAvs_Lsqj-8pUoA=s32-rw-mo","AL_FONSIUS TURNIP","24 Desember 2025","Game nya sih seru, tapi kok kalah mulu ya? bahkan disaat tim menang lane banyak dan skornya 47-13 , tiba tiba musuh comeback hanya karena kita chatan sama musuhnya, adminnya pasti cewe ini baperan. yapping dikit langsung kalah","","Tampilkan histori ulasan"
"https://play-lh.googleusercontent.com/a-/ALV-UjWvh9AtpyAxlbWL0bKGNsnMgWtRhrnmhvUx7Dzlq7AOcSdOtjM=s32-rw","dik","29 November 2025","Akhir-akhir ini,gak tau kenapa,ML suka ngelag(jalan sendiri),gak bisa di gerakin,padahal sinyal bagus di bawah 50,game rusak,gak bisa bikin pemain nyaman. Kocak lu monton!","2 orang merasa ulasan ini berguna",""
"https://play-lh.googleusercontent.com/a/ACg8ocKPVyrjuJT92_nnw_Ro3K2H6KqiBI5Sbvr9OgK7ZP2fdTjTbw=s32-rw-mo","Slamet 111","14 Desember 2025","Kenapa ya ml sekarang kalau lagi main tuh lag dan gabisa gerak, padahal wifi ku lancar dan ga putus putus, terus sekalinya gerak, gerak sendiri dan hilang arah. Tolong dibenerin yang seperti itu ya","",""
"https://play-lh.googleusercontent.com/a/ACg8ocIQuXZ49AI94_1ES7rqeY3z33rPnL8IVnnW1Htg9aJ_V0tHlw=s32-rw-mo","Bonek Persebaya","18 Desember 2025","tiba-tiba game nya bug setelah update tepat nya dari tadi jam 3 sampai sekarang kenapa tiba-tiba aja ngebug padahal buat yang lain nya bisa tapi waktu main bug? apa karena update padahal selama main gak kayak gini kenapa tiba-tiba aja?","",""
"https://play-lh.googleusercontent.com/a-/ALV-UjULWi1EV1VcHV7PszXY6Afw8zfeylMfJNZigGvLTuQxFUJL49ns=s32-rw","Sri Dewi Sartika Tika","15 Desember 2025","game nya itu seru sih, tapi tolong dong kalo mau pasang album atau profil nya jangan keluar sendiri terus login ulang gitu, kalo ada player yang pake vpn juga tolong langsung di ban dong bikin ngelag-ngelag kalo lagi main","","Tampilkan histori ulasan"
"https://play-lh.googleusercontent.com/a/ACg8ocLkoQGOkJB8QAVcQgSHUyENQETFXVRosjyd-5-3-fnG84QY=s32-rw-mo","Yosia Ekklesia","3 Desember 2025","Musuh juga dikasih musuh musuh yang berat banget, game nya juga kadang buat frustasi banget maunya main supaya seneng malah ini buat frustasi. Game gak jelas wifi bagus pas main jelek. Game buat stres gak bisa buat orang seneng. juga saat jaringan nya bagus tapi kenapa malah saat ada war malah lag?? ping naik turun naik turun. mana lingkungan bertanding yang adil moonton, omong kosong saja isinya. ketemu musuh juga ranknya aja beda mana ini pertandingan yang adil, omong doang. game kikir ni mah","2.504 orang merasa ulasan ini berguna","Tampilkan histori ulasan"
"https://play-lh.googleusercontent.com/a/ACg8ocK8rsJ18QIpvkVrceVSjQL9PUQGkhoT9cyckWmzXZ6OPvDLpA=s32-rw-mo","richo septianto","30 November 2025","kenapa tanpa bintang, karena terlalu buruk dikelas game moba, dan terlalu banyak player yang tidak mau bekerja sama, tidak berkontribusi dan tidak selalu menghakimi jika terjadi lose streak. sementara yang berjuang demi tim justru di abaikan bahkan tidak dibantu hingga selesai game","2 orang merasa ulasan ini berguna",""
"https://play-lh.googleusercontent.com/a-/ALV-UjX4kB0nTyRkoVeY7xJcEQsKklaTm6PNz2Vyro_Ktjq8oPIzAVXqdA=s32-rw","Herta","3 Desember 2025","game lu noh benerin, dari mythic sampai turun ke legend cuma gara² team yang gak tau kapan maju dan selalu salah posisi. kalau kalahnya 1/2 kali ok lah, tapi ini lebih dari itu dah berlebihan. dikira gw gk capek apa ke atas, tengah, terus bawah buat clear lane, terus ngomongin team buat benerin posisi. benerin dulu nih game biar player betah.","2 orang merasa ulasan ini berguna","Tampilkan histori ulasan"
"https://play-lh.googleusercontent.com/a/ACg8ocLO_eK72fhyf5gGyI48NHOnvfml-l8rPIOeeNCwxCv4euIsew=s32-rw-mo","Aqhwilla Zacha","15 Desember 2025","matchmaking aneh, meski kalah berkali² tetap saja dapat tim yg skill nya payah, ls terus menerus, rank tinggi namun sering kali dapat tim yg ranknya agak jauh dibawah, contohnya rank glory selalu bertemu rank legend maupun mythic biasa, namun berbeda dengan tim musuh yg timnya rank seimbang. semoga diperbaiki","","Tampilkan histori ulasan"
"https://play-lh.googleusercontent.com/a/ACg8ocKAI1HAzd7XZTRnB_k51kuyIqk8Lqs8vI4NEon4vy9CEniF3Q=s32-rw-mo","Marcha Putri","6 Desember 2025","game yang cukup bagus, cuma nih yah masa jaringan ku amann aja tiba tiba lag, pas afk cuma buat minum sebentar bug nya aneh banget sumpah padahal layar gak di matiin loh masih nyala aneh banget tapi tetap bagus sih, inti nya moonton lain kali bug nya di kurangin okey","",""
"https://play-lh.googleusercontent.com/a/ACg8ocIpqucXQQ8it87orka8RTZt0sL6YYpR6lf6jTP1apsLyMYOGg=s32-rw-mo","Ayfa Nafi","1 Desember 2025","game mabar yang wajib dimainkan semua orang, cocok untuk pemula dan anak kecil hingga dewasa saya rekomendasikan main mobile legend ini, sangat menghibur, bisa menghilangkan stres ketika bosan.. sekian terimakasih dan selamat bermain","4 orang merasa ulasan ini berguna",""
"https://play-lh.googleusercontent.com/a-/ALV-UjUsTA71WJF4F3zPyaFkuFI3GIJWAR_x5lGnqzea20AalcU4Ans=s32-rw","Zibnu Idm","5 Desember 2025","game ini bagus nya di report aja, soalnya bikin orang stres + gila, update update juga cuma buat event doang ga ada untuk perbaikan dan peningkatan kualitas matchmaking ny, jadi kita selama ini cuma ngehabisin kuota doang buat event ga jelas, sedangkan Matchmaking yang ga adil di biarkan begitu saja","4 orang merasa ulasan ini berguna","Tampilkan histori ulasan"
"https://play-lh.googleusercontent.com/a-/ALV-UjWqm_2gtzr1S6T41K3k1NHTlMYishLBZkBQIIf5_c4-AKwKKLFg=s32-rw","HamSky","2 Desember 2025","Kenapa sesudah update sayah tidak bisa login ke dalam game hanya loading saja tolong di bantu min, tong di perbaiki lagi min sayah ga bisa login lagi, ga tau knapa, apakah harus pindah game,","","Tampilkan histori ulasan"
"https://play-lh.googleusercontent.com/a/ACg8ocLKhq-i3xo9gWRTeTdMsPJK0iTcMfVwcd21D8j2rLmJpKRxYQ=s32-rw-mo","Abah Oman13","16 Desember 2025","Gamenya asyik cuman pas jaringan bagus tiba-tiba aja heronya diem kayak ngeleg padahal jaringan bagus, juga pas selesai diem heronya udah jalan sendiri terus jalannya tuh ngeleg parah, sampai saya tuh muak sama legnya, mohon diperbaiki yah","",""
"https://play-lh.googleusercontent.com/a-/ALV-UjVXE5wfUkTDIzZOtP4o8GkY_eAfD6VcU8ea78_ibeFXjON3C_g=s32-rw","tbanton maulana","17 Desember 2025","moonton coba update fitur custom yang meninggalkan loby.tidak di mainkan kalo yang punya loby tidak masuk sangat meresahkan banyak player yang terganggu dengan sistem tersebut yang di salah gunakan ketika game di mulai yang punya loby tiba tiba keluar dan game di pouse tidak bisa di mainkan sama sekali","1 orang merasa ulasan ini berguna","Tampilkan histori ulasan"
"https://play-lh.googleusercontent.com/a/ACg8ocI0fU80GO8CTbetfk-Kw2CjjaHlNlUuxTRzKmI-3CA0nQ7u9g=s32-rw-mo","Revan Revanz","1 Desember 2025","jangan tergoda sama game ini,emg awal² nya gampang seru,asik,bisa mabar tapi klo kalian udh lama main kalian pasti kesel dan pengen hapus game ini,emg game burik 8 bit nurutin GAME HOK,ini game nurutin hok,ini game ngejeplak dri hok,saya sampai kessl main game ini kalah mulu,tim ga jelas,game aneh,banyak bug ga kayak di hok,tim bagus,menang trs,bug ga ada,skinnya pada megah + gratisan lgi,hadi jangab tergoda sama game ini ingat itu!!","2 orang merasa ulasan ini berguna",""
"https://play-lh.googleusercontent.com/a-/ALV-UjXJisFXWIFtU5sRUklnydhraneHIrujQJnr99LjACN1Qxv5j98=s32-rw","Rika Hakim","25 Desember 2025","monton apalah coba perbaiki sistem match nya capek aku dikasih dark system sering menang kalah musuh kapan aku naik rank kalo kek gitu males lah main kalo ke gini perbaiki sistem match nya selalu gak adil","1 orang merasa ulasan ini berguna",""
"https://play-lh.googleusercontent.com/a/ACg8ocKXpO2NHPCDXzCGGj3sQpHP4Qnb51ZzK2xAvHp1HUjQ1xiJ1A=s32-rw-mo","Fakhri Alfatih","15 Desember 2025","di ml masih banyak kali buk contohnya buk jaringan tiba tiba jaringan buruk sampai enggak bisa gerak sekali buka tiktok atau aplikasi lain lancar sinyal,dan masih banyak buk lainnya tolong di perbaiki lagi ya developer sekian saran dari saya","",""
"https://play-lh.googleusercontent.com/a/ACg8ocKzDix9K29EFLuBLA3mAmKQj4x32WsoqUO_sRC7WRal-kk37w=s32-rw-mo","abdul Rohman","4 Desember 2025","gabisa login padahal jaringan lancar pas mau main rank gabisa masuk loby pas main ga bisa gerak game apa coba gajelas perbaiki lah moonton leg parah ini bikin kecewa aja untuk para pemain.PERBAIKI YG BENER!!!","2 orang merasa ulasan ini berguna",""
"https://play-lh.googleusercontent.com/a/ACg8ocKDfsQLD2rVPct89b3zttRpunppJ0CHYRIHLeqoifAtLO_C7g=s32-rw-mo","muhammad ghaniy","2 Desember 2025","kalo ngasih tim ngotak ton monton ,kalo emang sistem ya di ganti sistemnya,yang awalnya geme buat ngehilangin stres malah bikin stresss,capekk ton monton rank cuma naik turun , kalo bisa tambahin fitur cara memilih Lane dan pembesaran map,kalo bisa ga di kasih bintang ga gw kasih masih mending ni gw kasih 1","2 orang merasa ulasan ini berguna",""
"https://play-lh.googleusercontent.com/a/ACg8ocIh5E--J5q-NRYfV4cOYnqmVVdyIKwr1ieHEun4KiKdojcwFQ=s32-rw-mo","Sapar","6 Desember 2025","ni sistem jaringan lo kenapa montoon padahal jaringan gw bagus loh,kenapa di jaringan hijau giliran di tekan yang muncul warna merah kenapa dan setiap war jaeingan nya selalu merah.jadi mohon lah monton perbaiki sistem nya lah jadi gw kasih bintang 3 dulu kalo udah bagus gw kasih 5.","",""
"https://play-lh.googleusercontent.com/a/ACg8ocKVo6mDHdqN3ENAe1nXlKgaw3ChtIXizP5Xbbhh6Kji1wK0lg=s32-rw-mo","Tuti Ariani","16 Desember 2025","Game nya sangat menyenangkan dan juga gampang untuk dimain kan untuk pemula game ini pokoknya game yg paling enak montoon pun baik kali pada player player baru seperti aku,aku baru main aja sudah dapat skin pokoknya ini game sangat enak","","Tampilkan histori ulasan"
"https://play-lh.googleusercontent.com/a/ACg8ocK7BJcgGolBYnLH0P6_cu9xi1ReWoZ4hCM_q0C9w00WbgBuvg=s32-rw-mo","Gery 2011","26 Desember 2025","game nya seru, udah lama main ni game, tapii yng agak kurang nya sedikit sinyal si padahal sinyal hijau tapi entah mengapa bisa ga bergerak Hero nya mohon di perbaiki lagi, itu aj si semangatt🫰🏻","",""
"https://play-lh.googleusercontent.com/a/ACg8ocJFJykKsu8-xV_-vuRpHj3GKIUnX-4W7kLjEy7romzvTCDziVg=s32-rw-mo","Soleh Abenk","19 Desember 2025","kebanyakan bot yang main, udah sering dikasih bukti buat perubahan tetep aje kaga ada perubahan, abis download tambahan malah dibikin lag saat pertandingan, padahal jaringan bagus tapi pas war malah sering ngelag, gimana ini ga ada evaluasinya","","Tampilkan histori ulasan"
"https://play-lh.googleusercontent.com/a/ACg8ocL10HVqmby1y_bFDhWJ6T3YmxRGR6AzVLWBuIAygSJQoxu7=s32-rw-mo","Aini Rizkiah","25 Desember 2025","main game berasa lagi main judi, kalau lostreak pemainnya bakal stress karena kehilangan bintang, katanya game yang menyenangkan,mana? yang ada bikin para pemain emosi bahkan sampe ada yang melampiaskan emosinya ke orang lain yang jelas-jelas gk salah, mending game sebelah, itu yang baru namanya have fun, ini rank nya mytik di kasih musuh imo kan gk ngotak kalau mau ngasih musuh yang seimbang napa 😒","",""
"https://play-lh.googleusercontent.com/a/ACg8ocIvz2Ux4etyxftL-IIKsvAA2BMN6QFfEHneWCxpl30DuP3s9wQ=s32-rw-mo","Fit Fitroh","18 Desember 2025","game nya seru tapi masih ada banyak masalah nya mau pencet maen ga bisa di pencet apapun di loading screen nge stuck di detik 30 terus kadang 0 terus,terus relog sendiri nanti di anggap afk,tolong cepat di perbaiki saya maen mlbb jadi agak kesusahan, padahal hp saya di game yang lebih berat gak kayak gitu walaupun patah2 dikit kalo di ml skill nya gak bisa di pencet sama jaringan nya hijau kalo di pencet merah karna mengganggu jadi tolong di perbaiki","5 orang merasa ulasan ini berguna","Tampilkan histori ulasan"
"https://play-lh.googleusercontent.com/a/ACg8ocLJ_SjqZ0mpSdA1bWw7OhGITTLf_3yut7SnVC4ZmSbYaVid7g=s32-rw-mo","MuhammadMufti hanif","17 Desember 2025","Game Rusak,Galejas Abis Update Donwload lagi dalemanya dengan (mengecek konten), Tujuannya apa coba kayak begitu, saya baru beli kuota 3gb langsung ludes habis untuk game ini saja hadeh, lagi enak"" main tiba"" kuota internet abis,Payah Developernya,Kalau Memang Download ulang ya setidaknnya tawarin opsi lain lah jangan langsung download gitu aja, Kecewa Sama Moonton Kali Ini😓","1 orang merasa ulasan ini berguna","Tampilkan histori ulasan"
"https://play-lh.googleusercontent.com/a-/ALV-UjWayXR-A4ODlU2EaQvlqK31XtTWzEpAd8kTT0I0E8poU1b95UE=s32-rw","Fajar Firdaus","12 Desember 2025","singkat padat dark sistem,kalo bisa toon,biar gak byk dark sistem + gaada bocill2,setiap akun harus verifikasi KTP dlu,soalnya kebanyakan bocil pake hp Mak/bapaknya,dan rata2 hp nya ya begitulah,ngelag2,nah akhir dia kesal dibanting lah hp nya,ya gimana namanya juga bocil....","",""
"https://play-lh.googleusercontent.com/a/ACg8ocIi_XqokPYk4DGy0n1YBcRie0773W27zYcjc3bW-taPDUf-Hg=s32-rw-mo","Asril Tanjung","2 Desember 2025","Game ini sangat cocok untuk orang yang banyak pikiran dan lagi stres, karena dapat menyembuhkan ketika ketemu Dark sistem. pemainnya sangat ramah, sering mengucapkan kata kata sopan. jika kalian ingin bahagia maka download lah game ini. pembuat kesenangan.","2 orang merasa ulasan ini berguna","Tampilkan histori ulasan"
"https://play-lh.googleusercontent.com/a-/ALV-UjXx-HTSZ9OVvdxUwqmVgChhxeiUcaYEM8y66VMT1IdurO3AKfI=s32-rw","Kevin kenzie","18 Desember 2025","Dear Moonton, saya ingin mengajukan keluhan saya saat bermain, pada saat saya dan teman-teman saya sedang bermain bersama (setelah update) terjadi lag massal yang mengganggu, dan musuh saya juga mengalami hal tersebut, maka dari itu saya mohon agar masalah seperti ini segera diperbaiki agar pengalaman bermain player lebih baik, atas perhatiannya saya ucapkan terima kasih.","",""
"https://play-lh.googleusercontent.com/a/ACg8ocIdW85J5cHsGwf88wOBz4e2N5kEAyZo6qwIi4aP7jndOamWMQ=s32-rw-mo","Muhammad Rafli","15 Desember 2025","permainan nya bagus TPI saya ksih bintang satu dulu ya, tolong lah di perbaiki sistem nya itu lama2 KLO mau naik ke ranked berikut nya jgn ksih yg sulit lawan nya ntar kasihan org2 pada main nya ksih lah lawan yg setara juga kasihan juga sama org yg ga ngerti retri,lawan nya gimana masa udh msuk ke rank berikut nya di ksih yg sulit lawan nya padahal blum sampai mythic nya jgn skin aja di update buat banyak2 TPI ksih lah para player itu Kemangan saat melawan dan ksih juga lawan yg masih mudah","","Tampilkan histori ulasan"
"https://play-lh.googleusercontent.com/a/ACg8ocKQk0FXcw2Tih_-KN7QdIIcqGMEh86a3QGxrGE48a0pIvytBQ=s32-rw-mo","Ikhwan Fakir Ilmu","5 Desember 2025","ga berpihak pada solo player. lose treak terus semoga bangkrut. tolong perbaiki match making nya sering lag sendiri padahal sinyal oke Tolong lah waktu match making di haruskan Hero sesuai role nya. jangan roam tapi pick Hero Mm","5 orang merasa ulasan ini berguna","Tampilkan histori ulasan"
"https://play-lh.googleusercontent.com/a-/ALV-UjVDtvM1HgJgl-4dyWdzUC02_1JC0rybXq2y4hHZMMXwhTm35BA=s32-rw","Zacky Alamsyah","11 Desember 2025","game nya udah lumayan bagus dan grafik nya ya sudah lebih baik dari yang dulu dulu namun masih ada kurangnya kurangnya itu di bagian Hero nya tolong Hero dan emblem nya di bikin lebih kuat lagi ya mooton","",""
"https://play-lh.googleusercontent.com/a-/ALV-UjU1Nd2wQWpcKqDVkXa422gFJ-RRzocaDt5XHI4CUJ4GjKIuHAE=s32-rw","Ida Komara","14 Desember 2025","Gamenya sangat jelek baru dikasih seneng langsung dikasih mental dengan game ini banyak sekali bug nya pin hijau tp analog gerak sendiri kalo setial selesai main gk bisa pencet konfirmasi padahal jaringan wifi gw bagus terus game nya gk adil dikasih tim gk kompak kalo musuh jago terus ada bug gw ketemu musuh yang gk bisa di hit dasar game tidak bisa perbaiki bug tidak seperti game lain langsung diperbaiki terus dengan skin yang efek nya tipis mending main hok efek tebel dan gk bikin dompet haus","1 orang merasa ulasan ini berguna","Tampilkan histori ulasan"
"https://play-lh.googleusercontent.com/a/ACg8ocLBRcyW6YGenYdEYcV8QXExHIrZPOK99FPIny89L1l6P73YoA=s32-rw-mo","Rey0512","16 Desember 2025","ini game tuh sengaja banget yah, kalau misalnya kita ws 3 kali aj, langsung ls beneran, udah gitu player nya nge trool semua, moonton tolong kasih saya player yg seimbang, kalau misalnya kita jago tapi tik kita bot cuman habi habisin waktu","",""
"https://play-lh.googleusercontent.com/a/ACg8ocLLMRxtmsNsUiqU444wgyFdVv6WPgpMcIAxSIbmQLIsmsBatw=s32-rw-mo","Herman Sau","18 Desember 2025","GAME RUSAK!!! makin bnyak bug,sering ngeleg d dlam game...sinyal bgus 20ms tpi d draf pick sering ngefreze,d loading lambat masuk smpe d nyatakan afk...d dlam game sinyal hijau tpi delay sering gerak"" sndiri walaupun analock sdah d lepasss....padahal HP 6ram gb sdah memadai tpi ttap sama aja smua.x ngeleg....pdahal tiap habis plng kerja mw main have fun aja buat ngilangin capek malahh game.x ngeleg, ngebug,cma merugikan waktu aja,,,apalaahhh engkau ni moonton....","",""
"https://play-lh.googleusercontent.com/a-/ALV-UjX3sV_FZOyBjpa1WWFlIz_1tXy66LsZFrvEd5sUdbvYgjtxy7A=s32-rw","Kayla Gustiana","26 Desember 2025","kepada montoon jika ada yang feeder atau afk coba untuk diberi sangsi yang lebih besar karena saya sudah muak dengan game ini banyak player yang sengaja melakukan afk namun hanya di beri sangsi ringan. coba kedepannya beri sangsi berat kepada player yang seperti itu.","1 orang merasa ulasan ini berguna","Tampilkan histori ulasan"
"https://play-lh.googleusercontent.com/a-/ALV-UjXTNQS-m5kNS_MAbFc0whYM7d0pD0PFom4eI2pZ_1_S1XMyh2cZ=s32-rw","Haekal 112","11 Desember 2025","game ini sangat jelek, sering menyebabkan lag dan jaringannya yang buruk, tapi aslinya sangat lancar, jadi ketika main ini game sangat buruk.Dan sering mendapatkan tim yang sangat jelek atau tidak berguna.","",""
"https://play-lh.googleusercontent.com/a/ACg8ocI0EGvsNrfHdcjmwsTX1e9UEWgfgyI-PsjVQ1SR9q7rI9hVlA=s32-rw-mo","Widia Ningsih","16 Desember 2025","game nya udah bagus tapi kalau di cl selalu ketemu sama dark sistem, di cl sih masih mending, tapi pas di rank terus ketemu dark sistem apalagi team sendiri rasanya kayak pengen ngulti orang idup idup anj. jadi untuk moonton tolong kalau di rank jangan sampai ada dark sistem padahal musuh pada jago jago. sekian terima gaji🙏🙏","","Tampilkan histori ulasan"
"https://play-lh.googleusercontent.com/a/ACg8ocJpAyqpBfhGSaocUiPUGH8EFeiFo7TkdOPriTspeBiiZjftDg=s32-rw-mo","Duete Naura","17 Desember 2025","game bocah""TK, bayak bocah TK, game yang tidak menghilangkan stres,tapi menimbulkan stres, meski rank tinggi seperti glory atau imortal masih banyak yang tidak bisa main, pemain solo seperti saya di suruh ngegendong 4 hewan di rank tinggi, banyak juga bug, game ini makin rame malah makin cacat","",""
"https://play-lh.googleusercontent.com/a-/ALV-UjUh-fyE-JXvsX4yiiWRyRNkUBMtKriwvkyJ7fFxV8yejzviv68J=s32-rw","Rifki Al Afif","5 Desember 2025","pengalaman game saya sangat buruk pemilihan tim untuk saya selalu yang tidak bisa main saya sangat kecewa dengan game ini saya baru main lagi satu 1 ini tapi hasil nya sangat hancur dan buruk tidak di rekomendasikan dan untuk monton tolong di perbaiki sistem pemilihan player nya jangan Kasi beban ke palyer yang main serius","2 orang merasa ulasan ini berguna",""
"https://play-lh.googleusercontent.com/a/ACg8ocISb3ktgr7Hu637HJ3TWMdcM224J18Gpc0bqQA7JUtsHOce3Q=s32-rw-mo","Renjiro Putra firmansyah","17 Desember 2025","saya sebagai player sepuh yang sudah memainkan mobilelegends dari rilis sampai sekarang saya sangat kecewa dengan game ini kenapa karena setiap itu strategi bermain tidak adil misal nih saya bermain rank (solo) itu semakin hari semakin susah contoh tim saya isi nya kaya orang gak waras (BOT) di tim lawan itu bagus2 banget tidak seperti tim saya padahal mobile legends sudah semakin maju fitur2 pada bagus kenapa matchmakingnya tidak berubah tolong jadi moonton liat kondisi playernya jangan kikir🤬","",""
"https://play-lh.googleusercontent.com/a-/ALV-UjU2hdM5sT6QTCXodskT7gK5ggx2fftNMpPtawV_z08ha6QBwzIj=s32-rw","CrawLerzツ","14 Desember 2025","Dapat bug, download data ""animasi tampilan skin"" walaupun udah pencet hapus dan batalkan, tetap aja masih terus didownload. Padahal ada resources lain yang perlu ku download","","Tampilkan histori ulasan"
"https://play-lh.googleusercontent.com/a-/ALV-UjWj0txmZE2ucZQqklqXuDlgxZ2SynChWh8zpkwnISDE-X-w8A0=s32-rw","Ahmad Ziyad","14 Desember 2025","mohon untuk diperbaki sistem keadilannya dari tadi saya dapat tim yang masih GM mulu padahal saya legend dan juga masalah jaringan padahal saya jaringannya udh baik banget tapi masih merah sedangkan orang lain gak merah dan kadang juga jaringan ping bagusnya hijau tapi masih lag mohon untuk diperbaiki moonton Dajjal 😇😇😇","","Tampilkan histori ulasan"
"https://play-lh.googleusercontent.com/a-/ALV-UjXXs9HtLpVuHBeJJRUV5jhekWGQeMjAD7X5V6mq4B0pl6N_myxx=s32-rw","Morph Z","5 Desember 2025","semua sistem dirubah agar kerja sama tim ditekan kan,tidak ada ruang untuk solo player se pro apapun dia.,sistem emblem yang hanya cocok untuk digunakan ke beberapa hero ,seluruh item survive agar dpt melakukan cary game solo dirubah efeknya seperti hasclaw, kapasitas hp hero terlalu rendah dengan base damage semua hero yang sangat besar, sistem bot yang terlalu banyak membantu player mencapai rank yang seharusnya belum dia capai, game sudah seperti game ofline,100% penurunan disetiap update...","1 orang merasa ulasan ini berguna",""
"https://play-lh.googleusercontent.com/a/ACg8ocJrNnyTS87QlUM16bCO5jiEvXa2eXExiBMJNWhkeaQiq6Y6=s32-rw-mo","Bos Edy","30 November 2025","overall udah bagus. saran aja, bikin match 5v5 versi cepat, atau 3v3 kaya tetangga sebelah. untuk 1v1 nya jangan cuma bisa lawan teman dong. satu lagi, untuk pembelian emblem bisa langsung dong, jangan sistem acak gitu, biar bisa cepat upgrade nya.","2 orang merasa ulasan ini berguna",""
"https://play-lh.googleusercontent.com/a-/ALV-UjWWj-cSzeRfsIGZbto8NDEJNM9OFieJ2gjI-FheFmfHrX9MlgA=s32-rw","Shadow Break","15 Desember 2025","setiap saya bermain game ini, kenapa sinyalnya selalu ngelag? ,padahal saat saya buka youtube atau game lainnya yang online tidak ngelag sama sekali , jika masalah nya di HP saya mungkin saya butuh ganti HP, tapi jika masalahnya ada di server tolong diperbaiki","","Tampilkan histori ulasan"
"https://play-lh.googleusercontent.com/a/ACg8ocLhGLL6g9mS20k3Bww-yiZaYk_oHTnqio2Kb9fx86tD3aibOA=s32-rw-mo","mas ora nggenah","13 Desember 2025","saya lelah memainkan game tidak berguna dan tidak berfaedah ini begitu banyak masalah didalam permainan antara pemula dan yg lama dijadikan dalam 1 game dan hasilnya tidak produktif bukan strategi yg dimainkan melainkan temen lawan temen begitukah yg diinginkan moonton???sampe ada kasus tentang pembunuhan gara"" game ini???","13 orang merasa ulasan ini berguna",""
"https://play-lh.googleusercontent.com/a/ACg8ocKXZ5mcx5XiX-IWDhzJ52aZvfwnaRyrzWxlxgeAhDrVr6JkJw=s32-rw-mo","Pradana Suprapto","30 November 2025","game nya bagus , tapi saya mau minta tolong banget ke pihak montoon , tolong kirangi dark sistem dan sering sering beri skin gratis atau apa yang sekiranya berfungsi, saya sering main game ini dan sering kali bertemu dengan orang egois dan ngetrol , tolong di atasi ya 🙏🙏","1 orang merasa ulasan ini berguna",""
"https://play-lh.googleusercontent.com/a/ACg8ocL8f0TOOrJGnzhPA5xbxHt_JHOVfbiYQK4yltVnITwp_zKfsw=s32-rw-mo","Ubydlillah","18 Desember 2025","woy moonton perbaiki lah server nya pas awal season ini lag parah sinyal hijau tapi kaga bisa digerakin, kehilangan 2 bintang gara gara lag minimal perbaiki server nya lah, ini w kasih bintang 5 BIAR DEVELOPER NYA BACA!!! MASIH NGELEG AWAS AJA LU!!","",""
"https://play-lh.googleusercontent.com/a/ACg8ocJ1lGYxKUMp-Ok2wmS4ZjhuNPuIP03bq7ZMp17FkskZAiqYAY4=s32-rw-mo","MOCH PUTRA HIDAYAT","23 Desember 2025","abis update terakhir makin gak jelas, dari segi matchup nya ga jelas, komposisi tim gak seimbang, minimal kalo emang ngasih pengalaman yang bikin ngasah kemampuan bikin sedikit dipermudah jangan 1 team isinya beban semua, tolong lah di perbaikin lagi soal komposisi team nih, ga yakin malah banyak yang stress gara gara nih masalah","",""
"https://play-lh.googleusercontent.com/a/ACg8ocLaMTKzcM07K5lWIM1qzROjn9iVjQWoDH3Hv8PLnjVbPPoUpA=s32-rw-mo","Al Kenzo","24 Desember 2025","game sampah dikit,, seoson dikit,, banyak bug monton kan GK wajar mempersulit player main mana update nya trus menerus sampai hp ram di bawah rata,, leg parah hp bagus bug dari sistem ap coba gak ngotak hanya game ngasilkan uang kan tidak merugikan mental dan lain,,","",""
"https://play-lh.googleusercontent.com/a-/ALV-UjVZVWyRIeF4nhofurBp5NS4rstptNdCvR1tn1wQ_G9kiyFgYJ2f=s32-rw","Apnert Tumpal Sijabat","30 November 2025","gw suka gamenya soalnya seru dan keren banyak skinnya. Tapi ad kekurangan contoh: 1.banyak player toxic. 2.banyak bully. 3.banyak bug setiap update. itu aja sih dari gw thanks🙏","1 orang merasa ulasan ini berguna",""
"https://play-lh.googleusercontent.com/a-/ALV-UjUte66Qba3DsKv7ylb_WfOaNV7mi9gtQhXweAwixa2IlqlN7181=s32-rw","Ahzaraffa Muhammad","7 Desember 2025","gimana yah akhir akhir ini selalu match making nya gak ada kaya musuh nya itu selalu di atas kita dan tim kita rata rata kurang bisa main lah tolong Moonton perbaiki lagi tolong","1 orang merasa ulasan ini berguna",""
"https://play-lh.googleusercontent.com/a-/ALV-UjUN8QSzqPSBqXqnk3jXS1GwxYhmBaMtZkd2wLF6BXgE7srYKxU=s32-rw","Rian Maulana","22 Desember 2025","Game udah bagus tinggal jaringan ama bug nya aja, padahal jaringan ijo tuh tapi tetep ngeleg itu gimana sih, terus bug nya gak bisa main gak bisa mactking nya lama kan yang main ni game juta - jutaan orang yang main ni game mohon di perbaiki","12 orang merasa ulasan ini berguna","Tampilkan histori ulasan"
"https://play-lh.googleusercontent.com/a/ACg8ocLSNtC1nkW5xHB8fCNJ_D_pBcIF3_MsMuBzlN44CXil-H7_fQ=s32-rw-mo","Mysh _12","4 Desember 2025","gamenya seru sekali, banyak player bocil dan berbagai pemain darksystem. keluarnya event baru, menguras uang para pemain dengan cara menaikkan kasta. yang sebelumnya jadwal rilis skin belum rilis, pas mau rilis mengubah tag kasta nya. masih lebih baik game sebelah...adil & jujur. honor of king tidak pernah merubah kasta skin, dan lain-lain. mereka adalah tokoh yang sangat royal. keren bangettt. the best lah ini game darksystem","2 orang merasa ulasan ini berguna","Tampilkan histori ulasan"
"https://play-lh.googleusercontent.com/a-/ALV-UjWBKpkLtGkRUBLUY8Tml4yWLkT46TaqYcX72u4Jai7UCpJwCpc=s32-rw","Wega Putu Marheindra","5 Desember 2025","game ini sudah cukup lumayan lama tapi dari awal rilis sampai saat ini permasalahannya hanya 1 yaitu jaringan tidak setabil masih kalah jauh dengan game moba lain yg jaringan lebih baik padahal game ini adalah game favorit semua kalangan tapi kenapa tidak berusaha untuk berbenah diri agar player terpuaskan terimakasih","1 orang merasa ulasan ini berguna",""
"https://play-lh.googleusercontent.com/a-/ALV-UjVWGI2psR4BdCC9mqcSDVzayrfFB386X8nNJ5ReLdT6ijBLqMnU=s32-rw","HeistUrTime","6 Desember 2025","gk sengaja keluar game masuk lagi lama banget. pas udah masuk menang ternyata malah dapat afk. gk naik rank. padahal main setengah match sampe selesai. kenapa pas waktu masuk loading match lma bgt.","3 orang merasa ulasan ini berguna","Tampilkan histori ulasan"
"https://play-lh.googleusercontent.com/a/ACg8ocL5JnT7bJhEb4BnUoOJOSExPuxr2kvJtK-Tep6KDAgrzzDof58=s32-rw-mo","Dims Ageng","4 Desember 2025","sistem kagak jelas, tim yg dikasih kayak gak bisa main, tim musuh jago semua jauh jir, ngrugi in player solo, game dark system, kalo game nya sih bagus buat player dongo","1 orang merasa ulasan ini berguna","Tampilkan histori ulasan"
"https://play-lh.googleusercontent.com/a/ACg8ocKZ2EGkGugqHOYWfWX8_6c2Nj_Sd3ED4K-pi9QLz0YbIU8ohg=s32-rw-mo","Zainal Abid","20 Desember 2025","monton monton kapan gua menang su gw kalah mulu dari kemarin bisa gak sih kalo ngasih match yang bener emang gak ada habisnya moton nyiksa orang gw strees lama lama dari epic 1 sampe epic 3 malah turun ton benerin napa akun gw liat sendiri ton awas aja ya kalo ngasih dark sistem lagi. Woyy rating satu aja ni game gak guna amat, dark sistem makin banyak, kalo salah apa dikit player nya maki maki, kenyamanannya dibenerin toh bikin males","","Tampilkan histori ulasan"
"https://play-lh.googleusercontent.com/a/ACg8ocLCGql2ZLBIwki1IkTebyBv83VQNaW_lJQMTRVI2BROwfXIag=s32-rw-mo","Attoya Attoya","18 Desember 2025","tolong dok dev untuk tiap update diperiksa dulu servernya. normal atau bermasalah jangan langsung gas aja kami sebagai player sering lag parah ketika permainan di mulai.","","Tampilkan histori ulasan"
"https://play-lh.googleusercontent.com/a/ACg8ocLQH1L2kY2ap_Wr3Lz4wKeQGclxkgn9b-PuhKI0kqE16h1K6w=s32-rw-mo","Nat hiel","11 Desember 2025","saya sangat suka bermain ini game namun ada sedikit saran dari aku di bagian draf atau memilih hero,jika bisa tolong perlihatkan animasi skin atau hero nya juga dong kayak draf di rank grand master ataupun master,soalnya menurutku agak bosan aja gitu di bagian draf hero nya di rank epic,legend dan myitik cuma melihat skin nya aja tapi gak ada animasinya sama sekali","6 orang merasa ulasan ini berguna","Tampilkan histori ulasan"
"https://play-lh.googleusercontent.com/a/ACg8ocJJi9LraDGovOuIi6MJvFu6Tl7P76VMO-vgK3fOCDn16UR-Iw=s32-rw-mo","Tri Utami","18 Desember 2025","game settingan. klo udh ws aja langsung di kasih team yg dark system,afk lah, role ngak sesuai lah. dr kemarin gw masih heran fungsi pick role diawal itu gunanya apa?? saran, ini mvp walau kalah harusnya ttp bintang ngak hilang donk. biar ada keuntungan, kt jd bs lebih semangat buat mvp/main serius walapun kalah. jd ngak sia2 udh main serius tp ttp turun bintang hanya karna 1 atau 2 team yg dikasih blunder. tolong lah kasih pertandingan nya yg adil. jgn cuma yg akun sultan aja yg DISEPESIALKAN!!","1 orang merasa ulasan ini berguna","Tampilkan histori ulasan"
"https://play-lh.googleusercontent.com/a/ACg8ocI_zxX-RkO41FJEP_jCFVpHVmQICX-IVfdinWiYzqlBJX_J6g=s32-rw-mo","syamsi sabia","18 Desember 2025","game gajelas, sinyal padahal bagus tapi pas main malah merah terus kadang heronya ga gerak padahal udah di gerakin analog benerin lah bego gua main ni game cuman dapet kesel nya doang gara gara jaringan nya tiba tiba jelek. udah mode pesawat juga sama aja tetep ngeleg, gw tungguin 1-2 menit masih tetep ngeleg, gw nonton anime aja kaga ngeleg ngeleg, ini pas main ml malah ngeleg, emang dari game nya ini mah","",""
"https://play-lh.googleusercontent.com/a/ACg8ocKDPY8_kMzdBgGNwaWTV1nCVv960mL6gfRojTD4AjWR9-bWJw=s32-rw-mo","Koham Makoza","30 November 2025","sistem gajelas sampah, guna penyesuaian role apa? kalau para player masih tidak bermain sesuai role. Kalau fitur masih belum jelas/matang jangan dirilis publik server MOONTON sialan. sosoan ngikutin fitur HOK, kami player main ingin komposisi seimbang.","1 orang merasa ulasan ini berguna",""
"https://play-lh.googleusercontent.com/a/ACg8ocIt9acUq2FQHAmj3p48gIrb6H7wFSxT1-YKcJa4SAXtqRCr7Q=s32-rw-mo","anisa azahra","6 Desember 2025","game sampah tolong lah moonton matching mu itu lah di perbaiki, solo jumpa solo duo jumpa duo, emang dari dulu gak ada perbaikan. game apaan begini, yang di update skin,map. matching di perbaiki.","1 orang merasa ulasan ini berguna","Tampilkan histori ulasan"
"https://play-lh.googleusercontent.com/a/ACg8ocIYXqLfsFN9Z1VwmCA73Swja9jmttXKlZnWT_ivH7nr-N69RA=s32-rw-mo","Febri Martiansyah","25 Desember 2025","game ampas nemu tim kaya mnyt mulu lu niat bikin game imbang 5 vs 5 atau 1 vs 5 ngotak dikit kalo nemuin tim tuh niat mau ngilangin stres malah tambah stres sytem nya imbangin lah kalo mau temen noob musuh juga minimal sama jangan malah berat sebelah udah main lama lama kirain bakal berubah system nya","",""
"https://play-lh.googleusercontent.com/a/ACg8ocL6ex1mOG1Sqe41l-i431nayGKy-6speRHqR5oueLvSFdMApg=s32-rw-mo","Hafid Fatahilah","5 Desember 2025","game paling buruk, bahkan lebih buruk dari pada free fire, semua player juga ingin ngejar bintang, tapi knp setelah menang 1x pasti di kasih kalah 4/5x , jika terus begini semua player ml akan gk merasakan keseruannya dalam bermain, tolong lah fiturnya di benerin, klok ngsih lawan tuh yang adil dong","1 orang merasa ulasan ini berguna",""
"https://play-lh.googleusercontent.com/a-/ALV-UjVGhtA5iscAmDFkVEFyMWPM_SA8xss7u9LBoDZhJMp4stUpnUw=s32-rw","Alzbilz Alz","13 Desember 2025","makin kesini makin parah Pencarian lawan nya dan Sistem anti dark sistem menurut gua ya Ga ngaruh soal nya Setiap ada yang isi walau isi roam tapi Kebanyakan roam yang diluar tank plus kebanyakan support yang dipick Jadi males buat player yg main nya apalagi sekarang sering ketemu tim ngetrol Yang Gajelas game burik Gajelas kasih bintang 1👎🏻🗿","","Tampilkan histori ulasan"
"https://play-lh.googleusercontent.com/a-/ALV-UjWjuE_dWNXZm5Vre-JqynyLYfA7oGSk_tchh8KKjGnyCfiEIXqO=s32-rw","elfaria albis selfort","18 Desember 2025","game nya bagus tapi barusan season saya bermain 1 matc kenapa ngeleg?dan juga semua tim sama musuh saya terkena masalah yg sama mohon untuk defloper game ini semoga di perbiki ngleg gamenya dan juga delay game nya kalo sudah di perbaiki. saya akan mengedit ulasan saya jadi bintang lima itu saja terima kasih😇","","Tampilkan histori ulasan"
"https://play-lh.googleusercontent.com/a/ACg8ocLI7n5HxolH3zAyVu2vg-Vwrlf0Pu5rEbysEZMqV84zIjuTng=s32-rw-mo","Bulan Pajar","15 Desember 2025","sebenernya seru seru aja, tapi kalo dikasih lose streak langsung stress nauzubillah minzalik muntun. tolonglah ilangin yg darksistem,di rank epic banyak bgt darksistem lah, troll lah, bikin losestreak buset. kalo sinyal hijau pun di game tetep lag, padahal jaringan bagus bagus aja, tolong moonton perbaiki lagi, makasih","",""
"https://play-lh.googleusercontent.com/a/ACg8ocKv09wliIkOqEhXY-GVDQmUcFqC4dE2WsSCNa85hR-_5CbUEA=s32-rw-mo","Aji Paku Sadewa","18 Desember 2025","Sumpah Ini Developer Nya Gimana Sih, Kenapa Permasalahan Nya selalu Sama, Setiap Reset Season/Awal Season/Setelah Update Pasti Jaringan/Ping Nya Diatas 200 terus, Saya Main Game Ini Sudab Sejak Lama, Dari Udah 7 Tahun Lebih Saya Main Nih game dan permasalahannya tetap Sama Selesai Update Season Pasti Server nya Down Saat Bermain, Ya Sih Kalau Di Lobby Game Tidak Ping nya rata rata 25-40an, tapi setelah masuk Di In Game Pasti Jaringan Nya Langsung Down Ke Ping 200+ Lebih.","",""
"https://play-lh.googleusercontent.com/a-/ALV-UjWV6tCP4BEDLaa4R1ZBxvA6QfnuwPGADprOQ5cDekNNjBAB2s0=s32-rw","Senja meilia Rahman","13 Desember 2025","game nya banyak orang"" toxic ngatain"" ,kaya gitu match making nya ga seimbang kadang dapet 3 komputer,musuh nya jago,waktu itu aku main di gm musuh nya ko bisa glory sama immo?moonton ini kenapa dh dan waktu itu pas di awal game udh nge frame gabisa apa"" pas aku matiin hp tetep sama aja, musuh nya darah ga abis"" padahal itu main mage ,itu cheat? kalo cheat ko itu ga kedeteksi si ,Sampe males main ml lagi ,udh mh banyak yg toxic.","",""
"https://play-lh.googleusercontent.com/a-/ALV-UjUqO12YId0OP7uz_7Acdtn32rUvr0aY79WoExm_D0ma5IcQvele=s32-rw","ArHard 15","13 Desember 2025","game penghilang stress ❌, Game penambah stress & Emosi ✅. aneh banget ini game, selain game ini jadi tambah berat juga banyak bug serta server jaringan yang Crash dan sangat merusak lingkungan bermain di in game, jaringan sudah bagus dan lancar ketika untuk memainkan game ini sangat sangat merusak mod untuk bermain ini game. perbaikilah jangan hanya memikirkan jualan skin doang tapi perhatikan kenyamanan para player saat bermain ini game, masa dikit dikit di kasih AFK mulu karena kalah jaringan","293 orang merasa ulasan ini berguna","Tampilkan histori ulasan"
"https://play-lh.googleusercontent.com/a/ACg8ocLFOzx8a0TybPWVH3-rGLCm7R6D29KmFgfXyWlieT8hSlRCDg=s32-rw-mo","Rasif","18 Desember 2025","agk jlk, lawannya gak di kasih yg setara, tim juga sering di kasih dark sistem, gak adil bgt, banyak yg cheat+juga sinyal kadang² gj, pahahal 15 tpi bisa maju² sendiri, tolong di perbaiki y monton","",""
"https://play-lh.googleusercontent.com/a/ACg8ocLj_4CvvQvmKJ7BF42SasJUCKn56huejbqE8pytsmQJ4I2tKA=s32-rw-mo","Ryas Anifa","13 Desember 2025","Game ini cuma bikin orang emosi doang dan juga game ini bikin orang buang buang waktunya,game itu bertujuan untuk menghibur kita tetapi game ini hanya bikin strees. Ketika main malah ketemu darksistem,percuma kalau ingin naikin rank juga pasti banyak kalah nya . Game ini juga berat dan tidak cocok untuk hp yang ram nya kecil.","","Tampilkan histori ulasan"
"https://play-lh.googleusercontent.com/a-/ALV-UjWsmzs7P92rCtVGvZA5evt22_-oopRrKi8N4P3e46rQsChtuus=s32-rw","wahda 046","5 Desember 2025","Matchmaking makin parah. Sering dipertemukan dengan pemain yang tidak seimbang dan mainnya asal. Permainan jadi tidak adil dan tidak nyaman. Tolong perbaiki sistemnya.","1 orang merasa ulasan ini berguna",""
"https://play-lh.googleusercontent.com/a/ACg8ocJp475mw9fD8rcnQQZA9Sj50s_DX40te-qtpAgM7Y-6N4VZDQ=s32-rw-mo","Cristian Dhevo","17 Desember 2025","game rusak. tim sendiri dikasi bot tim musuh dikasi spek proplayer. tambahin fitur tukar tim kalau kalah, ini game aneh hero yg dipake musuh damage ga ngotak, pas dipake ga ada damage. game gak adil","",""
"https://play-lh.googleusercontent.com/a/ACg8ocLqYRzFsRcNv8CMcugWdRZSMbksSFXYbuHqMZo6xHskVtk8GQ=s32-rw-mo","Vicky giesmaa Nyell","30 November 2025","partyan gw full honor, mawi, glory nabrak partyan full immo+global semua itu gimana dah, partyan gw gada yg ex immo nabrak immo gj ini game, gw udh lose streak dikasi tim dongo dari bintang 91 ke 80 itu aja masi ada perlindungan bintang. musuh full glory tim gw nyasar legend 2 biji hadehh. ditambah jaringan ijo ping stabil tiba tiba ga bisa gerak, tiba tiba mati turet, tiba tiba gerak sendiri ke musuh terus lagi war tiba tiba gabisa digerakin jaringan ijo ping stabil aja kek gitu","1 orang merasa ulasan ini berguna","Tampilkan histori ulasan"
"https://play-lh.googleusercontent.com/a/ACg8ocJnoEZHgl_p4qldAyDV1GJdabsrqAyofAxn1XCUeVsOER-org=s32-rw-mo","Mimi Mimi","15 Desember 2025","tiba-tiba mental dari pertandingan, padahal wifi aman, tapi di pertandingan malah ngelag gabisa jalan, tolong diperbaiki lagi sistemnya, makin lama kok makin on ol","","Tampilkan histori ulasan"
"https://play-lh.googleusercontent.com/a/ACg8ocK2EHJSWYUgdalJyW_MAQguxd8utj3FMBhFGstJqjHRwq-whQ=s32-rw-mo","Ferdi Ananta","13 Desember 2025","tolong lah moonton, klo mau ngasi lawan tu yang sepadan sama kriteria pemain, jangan kasi lawan jago tapi tim bego, klo bisa tukerun napa, semisal kita kalah 3 kli, kasi memang kek misa 5 kli, klo gitu kan bisa buat player lebih semangat buat main","","Tampilkan histori ulasan"
"https://play-lh.googleusercontent.com/a-/ALV-UjUslkeHXzye_OE3hdrhrRgiJjl0nxE2TwEAAxqI75m44EzxHR0=s32-rw","Rasya Pratama","2 Desember 2025","sekarang gila ping bagus tapi nge lag parah kaya jaringan nya kaya ilang anjir tim gw jg ngeluh kaya gitu pas tim lawan mah lancar-lancar aja tpi pas kalah langsung normal lagi apaan ni moonton lag bug? apa sengaja buat gw kalah!!","1 orang merasa ulasan ini berguna",""
"https://play-lh.googleusercontent.com/a-/ALV-UjUeHGQs-IwW51p9mLNphTTueXLevL5MSgnwDTqlAFKjgmJUJNSm=s32-rw","Sarah Rahmawati","18 Desember 2025","udah lama main gamenya dari 2018 game nya bener2 seru cuman ya gitu,kadang pas lagi main rank jaringan jelek padahal ngga, sampe mati kenak turret lawan karena jalan sendiri dibilangnya gaada jaringan, pdhl baru ganti wifi, apa wifi ku yang bermasalah ya? padahal dicoba mainin apa aja bisa tu, tapi gamenya juga seru kok kalo lagi bosen main mlbb biar mood lagi tapi kadang kesel juga pas defeat, aku paling suka game ini bisa dimainin offline tapi saya ga tau cara buka brawl pas lagi main offline?","4 orang merasa ulasan ini berguna",""
"https://play-lh.googleusercontent.com/a/ACg8ocJq7TY5uYQPbbbdhyhbJs4Ul9DqLviZ7w1BCswW63XkuoCEkQ=s32-rw-mo","An Naafihidayat","15 Desember 2025","game yng sangat seru,saya sedang main tiba tiba ngelag,kukira wifi tetangga ku ngelag ternyata game nya,saking serunya tim saya hebat pintar dan bisa diandalkan,sya ingin cepat cepat menghapus game ini karna terlalu seru","","Tampilkan histori ulasan"
"https://play-lh.googleusercontent.com/a/ACg8ocKFosxf3ETTgq3guy2UqGpcP6OK1jgCaQM1Qm5Z3AlHnkMmVQ=s32-rw-mo","Pury Anggria Sari","18 Desember 2025","ini game nya gila bug, sikit"" lag, dikit "" dan tiba"" keluar dari pertandingan,ngasih lawan damage nya tinggi kali patah"" tolonglah montoon tolong di perbaiki untuk semua nya udh bagus mulai dari skin sampai hero nya, game burik apa makin update makin buruk apaa lahh","","Tampilkan histori ulasan"
"https://play-lh.googleusercontent.com/a/ACg8ocJwZMJHiAQTVM5YTau2NxQ_b-Yi-DsRSNWTuP6lMIUa62w0yw=s32-rw-mo","Violita Naibaho","20 Desember 2025","saya sudah kesal sama pemain yang bot dan tidak tau main dan rotasi , saya sudah muak karna di kasih tim bot dan dark sisteng yang sangat parah . saya sangat tidak senang karna saya terus kalah akibat tim bot , saya hanya ingin tenang dan bermain dengan nyaman dan menang hingga mendapatkan renk yang di impikan . saya sudah muak dengan tim yang sangat bodoh , trimakasih","","Tampilkan histori ulasan"
"https://play-lh.googleusercontent.com/a-/ALV-UjUbieFHd1Uv8uaCS63UNW0p2vV4erej3BxoQAUe2xkYUtLIgM8=s32-rw","Suara Agung","15 Desember 2025","maap ni montod gua kasi bintang 1 gua td baru main sinyal bagus tiba tiba nge frez gua relog masi ga bisa masuk sinyal bagus padahal, bikin repot aja, dah tau susah nyari bintang 1 tu klo solo trus sistem nya gini anj emg.","",""
"https://play-lh.googleusercontent.com/a/ACg8ocJP0_5AUVdLFCSyfLlVogPcPUlF3XdSuZF2rwvRanCi8a5sXw=s32-rw-mo","Jaka Ria","25 Desember 2025","bener bener game ini nguras mental ku karna ni game 1 kali menang 3 kalah, dan membuat ku pusing sekaligus pas tinggal 1 bintang naik pangkat mau ke epic atau ke lejen berapa pun pasti dibuat susah, ntah kawan nya yg gak bisa main, atau musuh nya yg jago, itu pertase menang nya berapa Perses si, jujur aku stres kali tiap main ni game dan mental ku pun terkuras aku mohon buat sistem 3 menang 2 atau 1 kalah nya buat pertase menang nya itu 50℅ biar seimbang buat juga solo ketemu solo bukan 5 squad","",""
"https://play-lh.googleusercontent.com/a/ACg8ocJNmnAL1Iox_erhQquypz2Rtpcjm_do3j1xHFcKrxbihAFFKQ=s32-rw-mo","Ilham Iam","4 Desember 2025","game jelek,kikir,match making tidak seimbang,game dengan tingkat paling jelek yang pernah saya coba,kalah 1 pertandingan oke lah,tapi di kasih pertandingan yang kalah secara terus menerus dengan lawan yang tdk seimbang,itu patut di katai game terjelek sepanjang game moba yang saya coba","1 orang merasa ulasan ini berguna","Tampilkan histori ulasan"
"https://play-lh.googleusercontent.com/a-/ALV-UjV4WhwCyBs-gaFZ0ENlDImqo8qlyOCWzWbWy6k-e5_oPGVt73Q=s32-rw","Ozan Iqbal","18 Desember 2025","pas in game ping langsung merah, padahal pakai hp lain dengan waifi yang sama pas buka YouTube lancar saja. pantas ratingnya turun turus. Udah gak namanya lagi ini ML, makin berumur game seharusnya makin bagus sistemnya. Ini malah makin eror. mending main game lain aja lah.","",""
"https://play-lh.googleusercontent.com/a-/ALV-UjVXuCgZMBOT1MdMd7MHd4UqmuUv4lKwNrMyYhWD_-Yf9k5IHBDA=s32-rw","XFade Gaming","17 Desember 2025","Uninstall rame rame yuu,game apa ini,5 vs 5 apa 1 vs 9 gaada adil adilnya,jaringan pun anjg bangt,pale Telkomsel 4g ngebut aja masih lag,giliran skin aja gamau kelewatan, uninstall guys biar dibenerin ,klo game nya sepi pasti bakal diperbaiki.","","Tampilkan histori ulasan"
"https://play-lh.googleusercontent.com/a/ACg8ocKsXDlpyQ3Oy2TTpIQ0sGM6KOAujnhyt1DrsHn6yUDv3LTfqw=s32-rw-mo","Ruslan Akuy","20 Desember 2025","Untuk event and fitur si gak ada masalah nya tapi masalah nya tu cuman ada di pembagian tim lawan dan kawan yang gak adil banget gitu,ya oke kita sering dapet tim gg tapi musuh nya lebiihh darii gg,gimana si moonton mlbb bukan nya jadi game hypan malah jadi game penambah streess hidup orang tau gak si.","",""
"https://play-lh.googleusercontent.com/a/ACg8ocKZxrMWPbdEHxIoIBRuQZxpatpIPHUhHNahLbWOvWjdzOmFXQ=s32-rw-mo","rakhaditysfhd","18 Desember 2025","game nya bagus tapi, kok pas update sora kok ngeleg banget ya sampai 200 berapa gitu. tolong ya moonton di benerin lagi, tadi pas saya main itu ngeleg banget sampai keluar dari game nya. tolong ya moonton di benerin terimakasih ☺☺🙏.","",""
"https://play-lh.googleusercontent.com/a/ACg8ocJDd3HkN222K8rt4N0qGUrtmkHjx1G4mXzADpL6DqMxxuhFjw=s32-rw-mo","Mas Rupi","18 Desember 2025","gak punya modal bikin game ya gini ujung ujung nya cuma bikin kecewa para player ,bug di game ini terlalu berlebihan di update juga percuma aja game belum jadi di update ke versi baru jadi bug makin nambah dan tambah lama semakin parah,buat kawan kawan yang mau main game ada game bagus( avabel online ) game jepang semua CLAS dan skil tersedia di game ini saya merekomendasikan anda untuk mencoba, jangan cuma main game rusak kayak gini, 👎👎👎👎👎","","Tampilkan histori ulasan"
"https://play-lh.googleusercontent.com/a/ACg8ocJG-gwmz1kUoM6flaTpF5rvVRHyZbmqdyllhvq6tyirkIbemw=s32-rw-mo","Tris ZLH","7 Desember 2025","aneh banget anjir jaringannya jelek terus padahal di hp full tapi di ml jelek, pas draf bagus, pas main jelek nya minta ampun, ini tolong dong benerin lagi kesalahan nya, biar makin enak main nya, aneh kalo hidup jaringan nya jelek, tapi kalo mati jaringan nya bagus","",""
"https://play-lh.googleusercontent.com/a-/ALV-UjXaHjdChR3ltOrBop411jZqpEiRK1ynd4e9O7pxuzZtPKt2T-ki5A=s32-rw","Radit He","7 Desember 2025","matchmakingnya sangat tidak imbang, tim musuh sangat jago sedangkan tim sendiri sangat bodoh dan tidak berfikir jernih alias otaknya hilang. lebih baik saya bermain HOK saja lebih asik dan developernya tidak kikir","","Tampilkan histori ulasan"
"https://play-lh.googleusercontent.com/a-/ALV-UjUvgSlwKc23oWIfklPoamlHSCMUn_q-mZvB-NVZ98cgXXLWb3o=s32-rw","Alam Mahendra","14 Desember 2025","kurang nya stabilitas antar match dengan tim dan musuh, di tim mendapatkan rank rendah sedangkan musuh mendapatkan rank yg lebih tinggi. tolong diperbaiki muntun udah dari lama masih kayak gini apalagi saat draft pick seperti nge frame padahal pas in game biasa aja","","Tampilkan histori ulasan"
"https://play-lh.googleusercontent.com/a-/ALV-UjVqGX0nMsSQbaToeD4Itv37U9GduddBaWuxIP3LwuaRF7EgNP9f=s32-rw","Anes","2 Desember 2025","tiba tiba sekarang bermain Lag parah, jalan sendiri, jaringan baik tapi terputus, baterai juga cepat habis..terkadang hp menjadi panas..kalau lancar bagus baru main lagi..kalau begini bermain pun ga bisa.","1 orang merasa ulasan ini berguna",""
"https://play-lh.googleusercontent.com/a/ACg8ocIYkjek4flQHT_3EbrNu6HAhgPZ6esmJtQv7-zDrMc2E-qn=s32-rw-mo","JAUZA TAWURAN","4 Desember 2025","untuk papi monton yang terhormat tolong di dengar kan saran saya ini. SARAN SAYA: tolong kalau yang MVP dari tim yang kalah tidak berkurang bintang, wr, dan mmr. kasihan para solo player yang dah serius main tapi dapat tim ngetroll. kebanyakan dari para pemain papi monton yang terhormat itu solo player papi. perbaikilah sistem nya biar yang solo enak juga ngepush nyaa papi monton. itu aja saran dari saya.","",""
"https://play-lh.googleusercontent.com/a-/ALV-UjXsfrVyt9hyLBjh-ZOCOYn01IFyxBG4cdT2AJs8DLEQeW4j1nA=s32-rw","Fajri Muhammad fajri","18 Desember 2025","ya mungkin menurutku game ini juga sangat populer ke 2 karena dari grafiknya lumayan cara bermainnya juga, udah banyak global global besar yang menjadi pemenang ya ini lumayan sih tapi ada beberapa masalah yang tidak bisa aku sebutkan, sedikit alasannya pertama kadang main Classic atau main brawl itu kadang ketemu musuh yang sangat terlalu kuat atau terlalu pro sedangkan rank ya lumayan seimbang seimbang aja cuman kadang juga musuhnya keras terus yang kedua kondisi sinyal,sinyal kadang tdk kuat","27 orang merasa ulasan ini berguna","Tampilkan histori ulasan"
"https://play-lh.googleusercontent.com/a/ACg8ocKpv0mF5UNMeXO8jc9JOBCAzHKdwIFUSwvBCRgcQZs1_4dD1A=s32-rw-mo","Rulli Ahmad","17 Desember 2025","tolonglah kepada developer untuk segera memberantas para cheater dll,itu sangat menggangu keseimbangan permainan kami🙏🏻 saya dilaporkan tidak berkontribusi dalam game padahal ping bagus namun ngeleg dari awal bermain sampai pertandingan berakhir,tolonglah berantas para cheater ataupun pengguna aplikasi pihak ketiga lainnya","","Tampilkan histori ulasan"
"https://play-lh.googleusercontent.com/a/ACg8ocLPZ_s6jVzf8D94hODkCIyEPbwiKy_lf9G5Cc7GQnOaappeZA=s32-rw-mo","Chandra Syaputra","30 November 2025","buat game nya aneh tiba tiba gak bisa main padahal pertandingan udh ketemu terus mlh kena kredit SCOR karna gak mau siap pas matcmiking padahal di hp gw masih di loby mulai main sama IA lah latihan Hero lah Clasik aja ge gak bisa buat sistem Moonton tolong di perbaiki ya kalo tetep gak bisa ya terpaksa pensi ml lagi","","Tampilkan histori ulasan"
"https://play-lh.googleusercontent.com/a/ACg8ocJ16elGrESYy7avN_qcYH8DGA6jkTKx1bFSRZVqfbzEG_5PMQ=s32-rw-mo","Portofolio Dinata","6 Desember 2025","tolong bangett gw udah main dari 2016 tetep aja gk ada solusi buat jaringan yg gk lag itu gimana, bayangin 30ms delay gerakan nya masih kerasa, padahal udah gabungin paket data + wifi percuma","1 orang merasa ulasan ini berguna",""
"https://play-lh.googleusercontent.com/a-/ALV-UjVRf8tYyNWmxmPpBO5kKr9EvY_JCmT-S_-TaQBYeUJsVBeICrvD=s32-rw","arian fauza","18 Desember 2025","maaf aq ksh bintang 1 skrng. mlbb skrng lag bgt. udah d coba dgn 3 hp (ram 4/128, 8/256, 8/512) berbeda dan 3 kartu provider yg beda plus d bantu wifi. tetep aja lag. pdhl udah d setingan paling rendah smuanya. trutama d rank pas war. apa harus hp mahal bgt dlu baru bs lancar maen ni game? pdhl maen ni game dr awal rilis ampe skrng. 🤦🏻‍♂️","",""
"https://play-lh.googleusercontent.com/a-/ALV-UjWoiQk3jeZ3ljmbLJsB1X_h7CYvbnJkgf5LvA_uMouipCOB8oQ9=s32-rw","Upin “Upin ipin” Ipin","29 November 2025","Kepada Tim Moonton, Saya ingin melaporkan bahwa sistem matchmaking dan keseimbangan pertandingan MLBB saat ini terasa sangat tidak adil. Rank, kemampuan pemain, dan komposisi tim sering kali tidak seimbang, menyebabkan kekalahan beruntun yang terasa tidak wajar. Jujur saja, masak game seramai Mobile Legends bisa kalah soal keseimbangan dari Honor of Kings? Kami sebagai pemain hanya ingin pertandingan yang adil dan berbasis skill. Mohon segera dilakukan evaluasi dan perbaikan. Terima kasih.","317 orang merasa ulasan ini berguna",""
"https://play-lh.googleusercontent.com/a-/ALV-UjW_HrH9Nr3d4AOWhDU-chj_Gxphq4KoSLQwwkWMXw7ObA55DC6I=s32-rw","Ripaldo Samuel","23 Desember 2025","mohon moonton banyak sekali match tidak sesuai rank banyak player baru main di berikan rank tinggi tapi skill tidak sesuai mohon.. untuk rubah sesuai dengan skill agar game tidak terlalu berat bagi player solo.","38 orang merasa ulasan ini berguna",""
"https://play-lh.googleusercontent.com/a-/ALV-UjV18ekQJ_RPeAnkxQlHAm9HSyGjr1tWFl4AVYXZGCkpqw4X03tPvw=s32-rw","DUL'S GG","14 Desember 2025","keluhan saya 4 tahun lalu ga di baca sama developer respon lambat, mobile legend sekarang gamplaynya sudah toxic, developer belum bisa mengatasi kesenjangan skill dalam ranked, dan juga beberapa player yang toxic dan rasis tidak ditindak oleh developer, banyak player feed dan bermain asal asalan di rank tinggi, sebaliknya di rank rendah banyak player penguna cheat, san scrip juga saya memainkan game ini sudah sekitar 6 tahun dan developer tidak peduli dengan keluh kesan penguna game","21 orang merasa ulasan ini berguna","Tampilkan histori ulasan"
"https://play-lh.googleusercontent.com/a-/ALV-UjULfTFX3WbGcS6J-FayLRoSb5b5ZydddikwnEraxL2CmiQsOSE=s32-rw","Desti Sarip","30 November 2025","BAGUS! skin nyaa ituu lohh baguss, tapi menurut ku ada beberapa yang harus di perbaiki, tapi yang lain udah baguss!. eumm mungkin aku aja yang player baru and ga terlalu ngerti, tapii tapii baguosss bangett lohh:>","",""
"https://play-lh.googleusercontent.com/a/ACg8ocJHn5qPqfDHYVY6Fak6X3tdc2M12Clsh4qimE5W0dPIfqG7rg=s32-rw-mo","Arifal Muhammad fauzi","16 Desember 2025","Main mlbb itu buang-buang waktu saja, hasil gak ada hanya masalah makin bertambah, yang ada hanya bikin emosi dan stress, marah² gak jelas, ujung-ujungnya meskipun kita sudah berusaha malah dapat zonk karen dikasih darksistem oleh mooton kita udah semaksimal mungkin bertahan main dan serius dalam bermain tapi apalah daya timku yang begonya 4 orang sedangkan tim musuh jagonya 5 orang udah gitu kompak lagi lah tim gw war aja kayak ngantri bansos satu-satu, katanya game adil dan menegangkan","","Tampilkan histori ulasan"
"https://play-lh.googleusercontent.com/a/ACg8ocJsbuaXW_VGGGYZARhEO_Ee-BduzOxm5JP9GSEsaKgLCI9nBw=s32-rw-mo","Suardana Putra","26 Desember 2025","game MOBA paling sampah yang ada, pertandingan tidak seimbang, kadang bertemu orang troll dan tidak diberi sanksi yang setimpal, seharusnya kalau bertemu orang yang troll atau baru main diberikan perlindungan bintang saat kita kalah, dan saat selesai game seharusnya yang dilihat itu dari segi gameplay bukan kda, sebaiknya orang yang baru main jangan diberikan Hero tidak bagus seperti dyroth atau hanabi langsung saja Hero bagus agar tidak terus dibawa ke rank atas karena skill mereka di Hero itu","6 orang merasa ulasan ini berguna","Tampilkan histori ulasan"
"https://play-lh.googleusercontent.com/a/ACg8ocJJTuEA8tc4FNCg4wjWHmlxt14oTabsJhT1WqUOJy2nsPkXIQ=s32-rw-mo","Alhusaen Alfikhri","2 Desember 2025","min knpa pas ak main. jaringan tiba² ilang padahal itu kuota baru diisi jadi nglg grak gabisa cuman bisa liatin doang pas di login ulang masuk ke game dan main nglg lagi pas liat hasil pertandingan langsung afk","1 orang merasa ulasan ini berguna",""
"https://play-lh.googleusercontent.com/a-/ALV-UjXyzRTYnwaT6PlkDFPE6BK-xt-I-HfVNaK_4NyslwuFFBqTfOaV=s32-rw","Devan Putra","18 Desember 2025","GAME KAGA JELAS matching nya kaga jelas kaga pernah adil sama sekali gua sebagai user solo kecewa berat karena sering kali dpt tim yang high rank nya itu masih rendah sedangkan musuh high rank nya tinggi"". dan lu gak ush bilang kalo lu nyiptain permainan yang adil tapi liat apa???, lu malah ttp biarin aja yang kaya gini MIKIR","",""
"https://play-lh.googleusercontent.com/a-/ALV-UjX6XyCfx4Uuqp9my7dPjYc9JVQyHItubYhcw2pyMkNSCCTUTP10=s32-rw","AfdalN","20 Desember 2025","Game mabok jaringan ngelag selalu di in game padahal sebelumnya lancar2 aja buat scroll medsos pas main malah ngelag,, ga karuan lag nya siapa yg betah kalau ngegame sambil ngelag?!. matchmaking ga rata,, tim bloon banyak bet penyakit ni game!","2 orang merasa ulasan ini berguna","Tampilkan histori ulasan"
"https://play-lh.googleusercontent.com/a/ACg8ocIEwxHE7-jWIYRlOpXStH0t-dpp3zp7PoMMaeyV6ZoOHbv45Q=s32-rw-mo","Hamid nasyuha","5 Desember 2025","game gj,gw solo ketemu tim dark sistem,beban,bot,hama. kalau lawan di kasih lawan imo,gg,sama kompe. sistem matchmaking lu itu ga ad guna,lu ngasih lawan ke player solo itu yg susah,sedangkan palyer solo lu suruh nge gendong satu tim yang isi nya hama,dark sistem. dan juga sistem untuk player solo yg lu kasih baru' ini juga ga guna karna yg lu rekomendasi in ke player solo itu yang bot hama. game gj,gw pingin imo aja susah gara' matchmaking lu itu ga adil bodoh,game kikir","1 orang merasa ulasan ini berguna","Tampilkan histori ulasan"
"https://play-lh.googleusercontent.com/a/ACg8ocJBlt4XFUzcXJjuBQkPWQ3bxwTrzWsCmQmw8CMWiPFkjbqa8g=s32-rw-mo","Karim Nu'man","24 Desember 2025","Sebenarnya game ini bagus tetapi player nya toxic dan berprilaku tidak baik tapi saya masih maklumi akan tetapi yang bikin saya kesal adalah ketika saya bermain jaringannya sangat tidak stabil padahal baru beli Kouta dan lain kali kalau kasih tim yang seimbang soalnya kayak tidak adil pertandingannya ibaratnya tim saya epic lawannya glory","",""
"https://play-lh.googleusercontent.com/a/ACg8ocJXes_SEl8ZzNBOIDhStj9FCIIuzogfBW-a7KCxH0CHl03aUA=s32-rw-mo","Ainun Fathima","12 Desember 2025","game babi match tidak sesuai rank rankku epic tapi kok bisa dapat tim yg ad elit nya? anehhh dan setiap saya mau naik rank selalu ad yg mengganggu di tim giliran dilaporin malah gk bisa alasan nya tidak terdeteksi streesss pokok nya mainin game anj satu ni","1 orang merasa ulasan ini berguna","Tampilkan histori ulasan"
"https://play-lh.googleusercontent.com/a/ACg8ocKW5u45gUM-jSQDmuJpwXjov7pvj5vRGa4zvSM-biBCwnFqRQ=s32-rw-mo","Rasio Kuy","6 Desember 2025","kenapa saya login akun mooton saya, malah di suruh donload data trus di suruh buat akun pdahal email dan kata sandinya juga susah benar, mohon solusi dan bantuannya agar saya dapat login ke akun saya, saya sudah mencobanya tetapi tetap saja tidak bisa cuma muncul tulisan ""akun anda telah terkait anda tidak dapat beralih sekarang"", mohon di jawab","",""
"https://play-lh.googleusercontent.com/a-/ALV-UjWdS5oM8a-uL_nW0AmuJKzw1H4DSpIY2bkM17XbpjIX3E19uuN0=s32-rw","Clarisa Ardelia","17 Desember 2025","Halo kaka admin.. 1. Ping merah tinggi tiap war itu dadakan kayak tahu bulat, sebelumnya juga sering banget ya ampun, mungkin ini karna jangkauan antarplayer jauh.. Da atuh tolong perbaiki kalian teh, kan aku main game cuma mobile legend. Semangat. Nanti aku ubah bintangnya kalau udah bener lagi. Makasih.","","Tampilkan histori ulasan"
"https://play-lh.googleusercontent.com/a/ACg8ocIU2UfUszc6V-lO-SC3dNkcpt6xseMMx9OfBVmbByKBhkB18Q=s32-rw-mo","Mamam Tuh","14 Desember 2025","ini game nya sekarang udah rusak apa kebanyakan ngebug sih kalo ngebug di benerin lah padahal saya pengen mau post album malah login ulang udah dari kemarin ngga bisa bisa pasti login ulang atau nggak keluar dari lobby","",""
"https://play-lh.googleusercontent.com/a-/ALV-UjUqgnJQyJzpDi_9zkMo2gEBaEgWpfEYgsOIZYdeH8EzywTlFrcX=s32-rw","Rayandhika Alif Ramadhan","17 Desember 2025","game seru banyak sekali dark sistem nya yang membuat rank turun drastis tapi walaupun banyak dark sistem nya ini juga bagus dari ke KIKIRAN moonton saat gacha hehe game bagus bgt saya sangat tidak merekomendasikan nya","",""
"https://play-lh.googleusercontent.com/a-/ALV-UjWo5OqEgfj_rSXVIbzKGzzSArPNpW0ZyIRx7veGQhv9--GNLJE1=s32-rw","Manusia Biasa","11 Desember 2025","Makin lama makin ancur game lu, main clasic ataupun Rank, tim-nya gak sepadan.. masa Solo mythic Glory ketemu-nya Legend??? ngotak dikitlah, masalah matchmaking aja gak di perbaiki dari dulu.. ancur ni game, ampas","","Tampilkan histori ulasan"
"https://play-lh.googleusercontent.com/a/ACg8ocJcUJI1A1i8II4qDA8C2rByj66B96i-B6tWqpjhdpTHj_5XLg=s32-rw-mo","Alwa Simah","14 Desember 2025","Musuhnya pro² ga seimbang ditambah muncul drak sistem belum lagi hero² baru nambah susah ,apalagi kalau ketemu mantan mytic glory di Tiar rendah, nambah jaringan sering lag tiba² padahal sinyal bguss game burik","","Tampilkan histori ulasan"
"https://play-lh.googleusercontent.com/a/ACg8ocJ_b_HzK-a29eBqIogjIP6iGnyP_xm47m6b6tH4oFk7f63qmA=s32-rw-mo","Andri Ae","19 Desember 2025","lama-lama ga ngotak hampir setiap kali main late game selau los koneksi awal-awal ga ada kendala tapi setiap late game selalu los koneksi emang sistemnya gitu apa gimana","",""
"https://play-lh.googleusercontent.com/a/ACg8ocJxgHWbjKPvLxN_oLLr0pOXnRQJPa7v_UYrFXzyaXGRrkPvVco=s32-rw-mo","Rúnaa 乂 WIBUSOFT","18 Desember 2025","padahal jaringan bagus tapi ga bisa di gerakin,mode di gerakin computer ga bisa di ambil alih,malah dikasih afk(😹) padahal disitu udh arahin analog, tapi ttp computer yg mainin. gausah download ni game,bikin stress","","Tampilkan histori ulasan"
"https://play-lh.googleusercontent.com/a/ACg8ocKJ6hA0rqUuFTTEKydj7agBmRVIN8A4bmpnAfs3yxbV_zWGUA=s32-rw-mo","GodLing Retip","3 Desember 2025","Game nya seru match juga seru, minus nya hero kesukaan ku di nerf terus, jadi sedikit males ganti hero lain dan juga nguasain hero & buildnya. grafik masih kurang bagus, terus tambahin rank lagi diatas nya mythical immortal","1 orang merasa ulasan ini berguna","Tampilkan histori ulasan"
"https://play-lh.googleusercontent.com/a-/ALV-UjXdFP4S-Ckt3f7hUFbRBcf0H_mSE2fDzE4eDNX5o-c76oOs6GW7=s32-rw","qiyma vss227","2 Desember 2025","tiap main selalu ping tidak stabil. padahal udah 4G+ wifi masih aja belum bisa stabil. apalagi kalo di loading skrin selalu paling lama. masuk"" di menit 2/3 an jadi tolong lah om monnton","1 orang merasa ulasan ini berguna","Tampilkan histori ulasan"
"https://play-lh.googleusercontent.com/a-/ALV-UjXA90xuu4qXa905PEV7300MKhZqWTMJ7Cg-yIhDhE9CSwrSo9c=s32-rw","Rizqi Rafandi","6 Desember 2025","halo min ini gmn starlight ku level nya ga nambah/ngestuck lu mau ngejebak gw ngtd nyolong duit gw gitu level ngestuck 24 misi dah di selesain semua tetep ga nambah 1% pun bot keluhan lu juga lambat amat jadi perbaikan ya min kalo ga gw bisa kasih bintang 1 pake 500 akun atau mau lebih sekian dari saya 🥰","1 orang merasa ulasan ini berguna",""
"https://play-lh.googleusercontent.com/a-/ALV-UjWNHcJe-HvBD9tCq0zRmSYXs5Cr3eP8YCykVa0o8---kbW2kHOM=s32-rw","Mhaz Vhanaa","2 Desember 2025","dah lah capek main game ini padahal udah pake wifi masih nge lag juga, emang gak niat banget di perbaiki pas belum main masih biru coba udah main jaringan nya parah gimana mau konsentrasi kalau jaringan gak stabil,tau gitu hapus ajha ni game","174 orang merasa ulasan ini berguna",""
"https://play-lh.googleusercontent.com/a/ACg8ocLz_2tiDaV6SXq4WpkIy3xqOzQ7Zz2lgKc7nDjuhz7-c6-mdA=s32-rw-mo","eiyy piraa","15 Desember 2025","sinyal bagus, kuota full, tapi menghubungkan ulang terus, game aneh, udah mah dapet tim hewan terus di tambah server nya sering error, game aneh","",""
"https://play-lh.googleusercontent.com/a/ACg8ocKMI0e_Xk3LdPvl5xv4pOYNNw4EnzZpv3yV8GPiOmu1Cm9QVg=s32-rw-mo","Lilis Murlistiani","7 Desember 2025","game nya bagus tapi tolong drak sistem tolong di kurangin ya moonton tolonggg plissss....dari legend 4 lho ke epic 1 gimana ini moonton...enak nya dihapus aja ya ini game biar sepi peminat...soalnya ngasih game nya gak ada yang bagus...gak bisa bikin seneng malah bisanya bikin stress","","Tampilkan histori ulasan"
"https://play-lh.googleusercontent.com/a-/ALV-UjUe0BEvn_DIvFCt8sU6JxBlszmBpJsWMfRHfii8sTir7kJkQq0=s32-rw","cecep gaming","19 Desember 2025","sinyal sering mengalami bug, tolonglah kami ini mau bersenang-senang malah kena bug jaringan. Bugnya aja ga masalah, lah ini kena cap afk padahal kesalahannya dari situ","","Tampilkan histori ulasan"
"https://play-lh.googleusercontent.com/a/ACg8ocLsG7_kIMCxZ6_z8g823Jd0H2KI-IVl7L7txA3zQaxoZAP_-A=s32-rw-mo","Muhamad Zayin ilmi Said mubarok","11 Desember 2025","game rusak , banyak bug , sistem gelap , banyak cheatter , game tidak berguna , hapus saja dari playstore. saat di in game lawan nya selalu tidak seimbang gw main di mythic dapat tim legend semua , sedang kan tim musuh glory, selalu ada yang pake rw ( room wanggi ). mending hapus saja dari playstore.","","Tampilkan histori ulasan"
"https://play-lh.googleusercontent.com/a-/ALV-UjVbWX75n8sqmHRGwUHtdHYHCM6RK7K045pwqip3CyhUsCkPoGw=s32-rw","kaito deluxe","14 Desember 2025","hai moonton, saya ingin menyampaikan keluh kesah saya selama bermain mlbb, saya sinyalnya hijau tapi lag meski internet saya ada, tapi gamenya muncul afk, jadinya susah untuk memenangkan gamenya, mohon diperbaiki lagi salam hormat dari saya🙏🏻","",""
"https://play-lh.googleusercontent.com/a/ACg8ocKZGfXY_UGFnJu0LUAdF1dUkaPKbidZWkiliDR7a2RL-WDYPg=s32-rw-mo","Nainunis","18 Desember 2025","gua kasih dua karena nyebelin banget harus download data Mulu, ini bug udah dari dulu dan pas naik season sora ini datanya malah terhapus 13% gacor gak ada angin gak ada hujan selalu terhapus data, Lo kira download data itu gratis udah gua report di pelayanan pelanggan tapi bot nya rusak balas nya lama tolong di perbaiki ini bug (download data)","",""
"https://play-lh.googleusercontent.com/a/ACg8ocKcLmDGI0PkX2rcjn-88mKYKNIwjFoKIZVxuxHTqd36VOMLdA=s32-rw-mo","Asyifa Salsabila","20 Desember 2025","ngaa tau kenapa makin kesini game nya kok sering nge lag yaa,udah di update bukan nya bagus malah makin rusak tolong benerin lah min terutaa ma sinyal,sinyal udah bagus tapi tetep aja nga bisa di gerakin hadeh makin parah aja nih game","",""
"https://play-lh.googleusercontent.com/a/ACg8ocLfa3huoHc_t2AdG8e_FzpkGdOilZ-L7Th8CGJkNucVz7Qsww=s32-rw-mo","Herlis Herlis","24 Desember 2025","Ini game sangat membuat saya kecewa saya di kasih tim yg gk bisa main kalo niat untuk game rame jangan kek gini ini bukan orang tetap di game lu malah pengen pindah game lalu saat mau naik ke rank selanjutnya jangan di susahkan sedangkan game laen gk di kasih susah, ditambah sering ngeleg tiba2 Padahal tadi bagus tolong di perbaikin","","Tampilkan histori ulasan"
"https://play-lh.googleusercontent.com/a-/ALV-UjX5uoYK9VOL6VFTuNXBBE322orZvMDirajcNJaba7bbB7a_N3Y=s32-rw","Muhammad Al fariza","2 Desember 2025","Akun saya di hack oleh orang lain, udah lapor cs tapi tetep gabisa balik akunnya, padahal bukti udah lengkap dari tanggal akun dibuat sampe top up pertama masih tetep gabisa, tolong dong kasih solusi moonton","1 orang merasa ulasan ini berguna","Tampilkan histori ulasan"
"https://play-lh.googleusercontent.com/a/ACg8ocJZkgIgnjX6ABd4ds4mXv5ckAYEZ2CJQii7rqk7aHinFKtnGw=s32-rw-mo","Ridho Rapizar","15 Desember 2025","game nya seru banget apa lagi kalo main bareng sama temen, saran kalo main solo tim sama lawan nya di kasih yang seimbang ya Mimin, dan juga kalo ada tim yang gak sesuai pertandingan tolong denda nya di perkuat ya Mimin 😌🤧😇","",""
"https://play-lh.googleusercontent.com/a-/ALV-UjVVClZ4bBuQ_eV9q9ihDu1OB6aCKxuzTzCNIe0PZdiZwsTb9Dc=s32-rw","Akun Roblox Deva","14 Desember 2025","Memang Game Ini Sangat Seru Tapi Tolong, Fix Bug (Alamat E-mail belum terdaftar dengan akun moonton) ini sangat mengganggu untuk login saya sangat panik mengira akun saya telah hilang","",""
"https://play-lh.googleusercontent.com/a/ACg8ocJwOilchBvQQT-n10yEoWUTdA68qKv1CsOnN7vH692oTlzvBg=s32-rw-mo","Sri Hartati","22 Desember 2025","kayaknya aku berubah pikiran game ini bagus tapi tolong orang yang mainnya gak bener, gakbisa main banned 1 bulan kalo kata gua tapi jika jaringan yang buruk kayak aku biasanya aku ngeleg terus aku malah di anggep afk padahal aku udah nunggu sambil gerak gerakin controller ku itu aja deh⭐⭐⭐⭐⭐","","Tampilkan histori ulasan"
"https://play-lh.googleusercontent.com/a-/ALV-UjVlolW4lQrijw4ans5ipp1Cpckf_1B9IIlfCxH6v8Q-3NK1yzA=s32-rw","Yadi Muhamad","14 Desember 2025","Game nya bagus, strategi yang tepat, dan pengalaman bermain mlbb sangat menyenangkan, soal play in game 🗿 biar bintang yang berbicara (banyak dark sistem + ngetroll) oh ya game ini cocok dimainkan di bulan puasa 🗿👍","1 orang merasa ulasan ini berguna","Tampilkan histori ulasan"
"https://play-lh.googleusercontent.com/a-/ALV-UjVK_Q5LrBczi6LwBEJU00Tu329dTDqWJwOTqk3G9BVco6rE3eI=s32-rw","Arya Adrian wibisana","14 Desember 2025","tolong bgt si buat jaringan ama match making nya tolong di benerin, jaringan di HP bagus tapi pas di ml nya jelek jaringan nya, jadi tolong di perbaiki sistem jaringan di ml nya agar tidak ada lagi player yang kesusahan saat login mlbb/main mlbb","",""
"https://play-lh.googleusercontent.com/a/ACg8ocLjURZo_gX8gdmoBsM2bFbnQg1_3dxoCGl0Ka68mRIsxOHbt-o=s32-rw-mo","Candra","1 Desember 2025","tolong lah munton tidak semua Player ml, hp nya bagus2, masa hp ram 6 -128 ngefreeze saat draf pick dan di loading screen, di dalam gem yang masalah sinyal ngelag padahal 12-18ms, kacau, kalok gini terus Player ml yang hp kentang bisa ganti di MOBA sebelah, ini penyebab nya maap baru di ganta ganti","","Tampilkan histori ulasan"
"https://play-lh.googleusercontent.com/a/ACg8ocKByfkCxujblGDDSIRc8zZwS23CjuB6PvmR8R0V41UoLYVRbw=s32-rw-mo","Ibnu Halim Kurnia Agung","5 Desember 2025","Terimakasih moonton, karenamu saya tidak perlu ke kebun binatang untuk bertemu binatang-binatang disana tapi cukup dengan bermain game ini saya sering bertemu binatang-binatang tingkatkan lagi semoga suatu saat bisa solo vs squad ..","1 orang merasa ulasan ini berguna",""
"https://play-lh.googleusercontent.com/a-/ALV-UjXul3BjWCknplKOpAHHoNPcZTpW1TBPUntnh066vr6cTpXuSDbr=s32-rw","Akun sementara","15 Desember 2025","ni game dari dlu sampe sekarang masi aj banyak bgt masalahny persoalan sinyal padahal sinyalny bagus bagus aj lancar tp tiba tiba ngelek bgt ditungguin jg gk jalan² trs mau menghubungkan kembali gabisa bisa gjls bat dri dulu masalahny disinyal trs padahal sinyalny jg lg bagus bgt","",""
"https://play-lh.googleusercontent.com/a-/ALV-UjWD_rk_An2KXyLgQTvc4JtFN9H8wELhnOq1-I4_7M765Vuqxzjp=s32-rw","Supri Anto","13 Desember 2025","Apa di play store tidak ada bintang (0) tiap main terus terus kalah udah di gendong mvP masih aja kalah kalo kasih tim rada bisa main sikit napa game bukan nya untuk hiburan bukan malah memancing amarah perbaiki tim nya Ini sebanarnya game kesukaan saya","",""
"https://play-lh.googleusercontent.com/a-/ALV-UjWqYXbUTQL0hFpLksYvjdH7TBkEKCIbhKS1pkorInxjQ9sZMt4=s32-rw","Gamerz Lontong66","2 Desember 2025","saya selalu kalah saya dapat tim yang tidak bisa di andalkan sebaliknya tim musuh mendapatkan tim yang kompak tolong di benerin sistem matchmaking nya agar kekuatan tim imbang","1 orang merasa ulasan ini berguna",""
"https://play-lh.googleusercontent.com/a/ACg8ocLUqVYq6p8NDNoHjbTYLQCR5PR-Yyivh5qRDRahRGFjjxnRDA=s32-rw-mo","SAR MAN","21 Desember 2025","monton baca ni , jaringan jelek pas lagi war, pantas banyak yg udah pensi , jangan cuman skin doang di perbanyak , perbaiki tuh jaringan loh , lama gua pindah game sebelah yg Utaman jaringan dan banyak skin2 mahal yg gratis 😡","",""
"https://play-lh.googleusercontent.com/a-/ALV-UjWywzCsNlGV1nKK3MUjsd9cTXYYJ1-J_2aEAIWry3kJI9sLSnQ=s32-rw","Achmad Gimang","15 Desember 2025","banyak citer moonton tolong lah!! kejadiannya pukul 19.30, diawal game normal, sampai dimana posisi musuh udah kalah tiba² jaringan mulai ilang ga bisa main sampe game selesai, yg jaggalnya hasil pertandingan tersebut tidak ada diriwayat. gimana itu moonton tolong lah. sudah sangat meresahkan","",""
"https://play-lh.googleusercontent.com/a-/ALV-UjXbilFXekwaKOns0JLrFMermGjmkeZMx6ofZtmajVaeFc8k24se=s32-rw","hari sambas","12 Desember 2025","ingin mengeluhkan verifikasi 2 langkah,saya tidak mengaktifkannya, tapi saat login harus melalui verifikasi akun moonton, sedangkan saya sudah kehilangan akses untuk masuk ke akun moonton, ngapain ada pilihan non aktifkan kalo ujungnya harus verifikasi 2 langkah juga, dan akhirnya saya sudah tidak pernah bermain lagi karena malas kalau harus mengulang dari pertama lagi","","Tampilkan histori ulasan"
"https://play-lh.googleusercontent.com/a-/ALV-UjUGkmEXOGiEV_QKOECTlBZr8aVBT-BJOsPE6vV-8ZCl-KtSGtS9=s32-rw","Aliza Khairina","4 Desember 2025","Game aneh. Bukan gara–gara aku poke ya, aku jago. Machnya gak seimbang, dapet musuh yang jago terus, tapi timnya tolol. Menang 1× Kalah 9×. Mending game sebelah, lebih baik. Bahkan aku dan 14 temanku lebih milih game sebelah.","1 orang merasa ulasan ini berguna","Tampilkan histori ulasan"
"https://play-lh.googleusercontent.com/a-/ALV-UjXCUCML5POvbkzTA1rQuLmqdxq4rDky_KOfLnuMcKh3vLs_0UY=s32-rw","M.elchan K","29 November 2025","game ini gak adil untuk yg main sendiri karena tidak seimbang dari team kita sedang kan musuh jago , sudah beberapa kali di report tetapi tetap sama teman nya drag sistem semua mohon ke pada pihak ml agar buat player nyaman tidak membuat strees","1 orang merasa ulasan ini berguna","Tampilkan histori ulasan"
"https://play-lh.googleusercontent.com/a/ACg8ocL_NRxvhbvFMm7NRZck1wxEEJaDZiApqZR8CvwP1gRqZjYEPQ=s32-rw-mo","Deni Kusuma A","13 Desember 2025","Match making tidak seimbang, saya sudah mengalami lebih dari 15 kali bertemu dengan teman tim yg jauh di bawah saya bahkan lawan saya. Saya sudah melaporkan tindakan mereka yang merugikan tim tapi tidak ada respon bahkan beberapa tidak mendapat hukuman","1 orang merasa ulasan ini berguna",""
"https://play-lh.googleusercontent.com/a/ACg8ocKhAC4xG4vPYyeRKaAHU71lceZ8Z-ii2iJ_kOkrIv4-kWRjRQ=s32-rw-mo","FAKHRI KURNIA","3 Desember 2025","game nya udah oke tapi komposisi tim kita dan tim musuh tidak setara trus sistem report juga tidak berfungsi dengan baik karena banyak pemain yang bermain jelek tapi setelah di report tidak mengalami apa apa","2 orang merasa ulasan ini berguna",""
"https://play-lh.googleusercontent.com/a-/ALV-UjUePVWZB1QOKhjxdsNvqwvcNc-JhxCSCKQHXy6FHGiMftvtICk=s32-rw","Nur laila","18 Desember 2025","alasan saya mengasih bintang satu karena mendapatkan tim beban saya saranin saya kalah dan aku nangis melihat nya, menyebabkan game tidak berguna bagi saya karena game itu,kadang² menang kadang² kalah itu saya benci dengan hal itu karena aku menyesal dapat tim beban bucin dan musuh nya yang sangat jago dan saya menangis","",""
"https://play-lh.googleusercontent.com/a-/ALV-UjXGBkFEPLnuFT-QF_yr3r6mcpIWFs39x1o9leS-N07_iZuCjvw=s32-rw","Oos Kuman","29 November 2025","dari dulu game ini gak pernah ngasih solusi buat player troll. mreka cuma mikirin untung tp kenyamanan bermain buat solo player gak ada. heran, game dg fanbase besar bukannya merhatiin fundamentalnya malah fokus cari untung, mending main HOK aja!!","1 orang merasa ulasan ini berguna",""
"https://play-lh.googleusercontent.com/a-/ALV-UjUsB9NcJQAr30XxpU8P0wkpwaU7ZudDZYCtJWA1uGtucmdPOd4=s32-rw","Dwi yanti chanel","3 Desember 2025","Kadang ngelag gk bisa gerak nie .padahal sinyal bagus gk ada kendala.. makin jelek aj sinyal bagus suka leg terus.. bukannya makin bagus makin ngacok lol.. gk profesional perbaikannya","1 orang merasa ulasan ini berguna","Tampilkan histori ulasan"
"https://play-lh.googleusercontent.com/a/ACg8ocJR4vzjGIiygAReheWNJLThK6dijdZI9auLSG2-oQh-Oey6ng=s32-rw-mo","Ihza Rudianur","13 Desember 2025","adanya aturan role sudah bagus, tapi tolong dong jangan maksa buat main role yang bukan role utama. Saya jungler role utama, tapi 6 kali beruntun di kasih exp, giliran dapat jungler pasti selang-seling dapatnya ga beruntun","",""
"https://play-lh.googleusercontent.com/a/ACg8ocJ7ce8gfp-Bt_WifsIcmoji4d8AztEB7LWgFDMCf5DPGRY38Q=s32-rw-mo","Isnu Sura wardani","14 Desember 2025","game aneh rusak di lobby mau mencet apapun mesti muncul menganalisis data terus dah di tunggu sampe 30 menitan masih menganalisis data terusss bahkan mau main gak bisa gak mau masuk loby","1 orang merasa ulasan ini berguna",""
"https://play-lh.googleusercontent.com/a-/ALV-UjUwK2FIA-Z4_LOvOUAFbup1dzKMYMAHpUzRz-kakPvRUzKMVYg2=s32-rw","PRADIKA DIKA","14 Desember 2025","Cape banyak dark system, tidak fair dalam team match, kecurangan yang ditemukan banyak tidak menyenangkan sama sekali, perlu tindakan dan penangan match making yang lebih adil.","","Tampilkan histori ulasan"
"https://play-lh.googleusercontent.com/a/ACg8ocK2il81i66osiz0bo1c0N0Aj_Ck490Xi8oJqUGgH9w0hxS_XA=s32-rw-mo","Danendra Nayottama","18 Desember 2025","setelah update season bukannya tambah lancar sinyalnya malah makin ngelag kenapa harus banyak update ujung""nya malah dibikin gak nyaman main mending game lain masih mending gak ngelag enjoy mainnya dari pada ML update terus Ampe gak bisa main di in game mending main game lain aja kayak Roblox lebih santai","",""
"https://play-lh.googleusercontent.com/a/ACg8ocLeAJt6R16A58gmVBrpQVQqx9xSJE-7_yZN2L1tKVGrW1i3xg=s32-rw-mo","Sy4q1r4 Anatasyaww","20 Desember 2025","Bintang 2 soalnya setiap main rank dapet tim dark sistem sama jaringannya leg terus padahal sinyal Wi-Fi bagus dan ga ada gangguan sama seklali, tapi untuk gamenya emang seru di tambah juga bikin darah tinggi buat MOONTON benerin gamenya ya tiap main solo rank dapet tim yang DARK SISTEM BIKIN MMR TURUN SAMA RUSAK DI LIAT BUKAN DI BACA DOANG KOCAK","","Tampilkan histori ulasan"
"https://play-lh.googleusercontent.com/a/ACg8ocLD4lrGk3fbqeyYhdha215WYch1mZXHZDYmXrL1pR_0dY-FGEs=s32-rw-mo","GILANG WAHYU TRIJATI","4 Desember 2025","sistem matchmaxing buruk, sinyal juga down gak jelas, ditambah dapat player troll, tim musuh lebih unggul di banding tim, matchmaxing sudah buruk sekali, tiap main cuman di kasih 1x menang","2 orang merasa ulasan ini berguna","Tampilkan histori ulasan"
"https://play-lh.googleusercontent.com/a/ACg8ocKevLxGIKxt8LJ3sMyuw_xpWO8WngP2gLnNXmaYwy65c-bXrA=s32-rw-mo","muhammad nizal","1 Desember 2025","ini game nya ada yang eror apa gimana saya main dan anehnya lag terus padahal ijo gambar sinyalnya terus pada ngetik kalo lag ini gimana sih saya sudah 4 kali kaya gini di perbaiki dong","1 orang merasa ulasan ini berguna",""
"https://play-lh.googleusercontent.com/a/ACg8ocIg0hgHGQxL50mWMvsnfpooh26n8hDt8Ix5MubrWt-uV86y2g=s32-rw-mo","Alfin Herdiansyah","15 Desember 2025","permainan aneh, saat saya main saya mengalami permainan berhenti bergerak padahal sinyal saya bagus dan pemain lain masih bergerak, hanya saya saja yang tidak bisa dikendalikan. Saya udah mencoba beberapa cara tetapi masih tidak bisa, salah satu penyebab yang ini saya berhenti memainkan permainan ini. dimohon untuk diperbaiki sebelum pemain lain ikut berhenti bermain permainan ini seperti saya, terima kasih.","",""
"https://play-lh.googleusercontent.com/a/ACg8ocKBzt6l1OerrA01laUuqWSy8E8pyUoiqOhJeh9-aApVU6ZjqVs=s32-rw-mo","Zenuri Zen","14 Desember 2025","bagus banget game nya dari bintang 62 sampai 50,udah bagus banget, sampai sekarang belum di kasih menang 1 pun,dan tim nya bagus banget buat di gendong, udah ada tau di rumput ada musuh mm nya masih nge cek mulu. tolong ya moonton😀","",""
"https://play-lh.googleusercontent.com/a-/ALV-UjU9q4uoQh92qvTGuDkAYLHDVGlRny5s7v0hjwvUxOGM1n0yMjBA=s32-rw","Aydin","5 Desember 2025","Sistem matchmaking yang buruk. Saya bermain solo, tetapi saya mendapatkan tim yang bermain party. Itu tidak adil. Saya harap dengan ulasan saya, pihak Mobile Legend dapat menyelesaikan masalah ini.","","Tampilkan histori ulasan"
"https://play-lh.googleusercontent.com/a/ACg8ocIoyYCVFVeoaSUJn_ReC40QZtoMpPNfLoWZSGNUtSfyWNNPUQ=s32-rw-mo","Nafis Riakiansah","22 Desember 2025","wah game parah,mainya ngelag mulu,di draft ngelag bgt.padahal hp sama ms masih lancar dan oke.di game tiba tiba merah padahal ms stabil,dan jaringannya juga hijau di mlnya.namun tetep lag.di loby juga tiba tiba lag sendiri.gada koneksi internet.padahal jyga ada,ms stabil.tolong lah di perbaiki dulu.jangan fokus ke hero hero baru dulu.fokusin ke server lu noh masih ngelag","1 orang merasa ulasan ini berguna",""
"https://play-lh.googleusercontent.com/a-/ALV-UjWQj9vInWNvU21-2MbXQMAksOEOygE9YRSkfK2wiQJohFTsxQ9t=s32-rw","Pizel Aja","16 Desember 2025","sungguh game yang luar biasa hebat, saya main rank, solo dari b112 dan berakhir di glory b87. waaah game yang sangat seru dan menyenangkan. saya setiap main solo pasti ada orang yang main dengan cueknya. dan itu sangat menyenangkan dan seru sekali!! saya harap kedepannya game ini lebih menantang lagi🥰☺️","",""
"https://play-lh.googleusercontent.com/a-/ALV-UjWV4kumbH-bCxRqWzvuE1uJ_cQ6y0cCuJnIUj1tJ_F5O_YUmgZ0=s32-rw","Arsyad Ansyah","30 November 2025","Halo developer Montoon saya mau memberikan ulasan pada game ini pertama-tama saya memberikan game ini bintang 1 karena banyak sekali pemain yang bertanding tidak sesuai dengan rank mereka, lalu ada juga seorang pemain yang egois memilih hero yang tidak sesuai dengan lane. segitu aja ulasan saya semoga dibaca.","",""
"https://play-lh.googleusercontent.com/a/ACg8ocKa-xIIkzXEB6thezqzdVQhaEHicgtUdRhshcWPWQ5dGJ1ToQ=s32-rw-mo","Risky Ramadhan","26 Desember 2025","tolong moonton perbaiki game mu ini jangan asik bikin skin Mulu,matchmaking nya ituloh ngeselin bgt,yakali gw yg solo ketemu party ya udah pasti kalah lah, tapi tetep bagus sih ini game cuma minusnya itu aja di matchmaking nya,dan juga kalo naik glory tambahin benefit lain dong kayak pelindung bintang gitu supaya ga gampang turun lagi,semoga ini game rame terus dah sampai kapan pun karna ini game yg nemenin masa kecil gw sampai sekarang","","Tampilkan histori ulasan"
"https://play-lh.googleusercontent.com/a/ACg8ocIZmzbPb6NPce9C8uBTjCrT2OMraBI8w-8upqODD8gTDh6cFQ=s32-rw-mo","Dian Irawan","14 Desember 2025","Tolong dong dibetulin Kalau nggak saya tidak akan main game ini, pas jalan-jalan internetnya aman-aman pas mau nyerang musuh ngelag nya bukan main pas mau pakai ulti tiba-tiba mati tolong betulin lah percuma game bagus","1 orang merasa ulasan ini berguna",""
"https://play-lh.googleusercontent.com/a/ACg8ocLUzx-w7tehDfZKiOEJ-9HCMFmL9qCJL4t7xiQa7lFvfFFkDg=s32-rw-mo","Al Zidiq","14 Desember 2025","apalah, suka ngestuck di loby kalau mau login, kadang kalau bisa main sekali ngestuck lgi pas abis main apalagi pas draft beuh ngegrame parah gw mau tuker lane frame bnget mau gnti emblem frame padahal hp ku di pkek maen PUBG g se frame itu,tolong di benerin lah gw dah hapus trus download ulang data nya smpe full eh malah ngestuck gini lgi cacat"" ngentod","",""
"https://play-lh.googleusercontent.com/a-/ALV-UjU4ON_2Dn-t91HedSCMyxlz2nU2eIr7XFosv4lSfeBSmf_V0Fw=s32-rw","Robert Pattinson Dewangga","17 Desember 2025","nih gua kasih bintang 5 game nya seru cocok untuk menghilangkan stress menambah teman teman player nya juga ramah tamah tidak ad yg TOXIC kalo kalah retri didoain satu keluarga lagi kurang BAIK APA LAGI TIM NYA udh itu JAGO BGT LAgI TIM nya jadi game ini cocok untuk menghilangkan stress ini juga game santai .👍","","Tampilkan histori ulasan"
"https://play-lh.googleusercontent.com/a/ACg8ocJ_xY4wsyvyfh2Nnjku2oQ7iM1os5dpQ0_KBEpaT7aLgKL7Tw=s32-rw-mo","Wahyu Tri","13 Desember 2025","ml sekarang banyak permasalahan akun kena hack terutama yang udah lama gak login, udah kirim laporan selalu jawabannya laporan kurang, mau jelasin rinci sepesifik tentang akun kita juga gak bisa karena laporan nya ada batasan 200 huruf doang","",""
"https://play-lh.googleusercontent.com/a-/ALV-UjXxW4MS99KWFCQnCzYnX0Lp9_lOHfy98dGgMHnOtn5naHEjWfw=s32-rw","Royyan","2 Desember 2025","game yang selalu membatasi playernya ketika ingin menggunakan kreativitas dalam memainkan hero, saya sangat amat kecewa karena game ini selalu membuat susah para playernya, saya yang sudah bermain menggunakan change lumayan lama kecewa karena selalu mendapatkan nerf atau pengurangan kemampuan oleh sistem, lebih baik saya pindah memainkan honor of king saja atau lague of legend daripada memainkan game ini.","1 orang merasa ulasan ini berguna",""
"https://play-lh.googleusercontent.com/a-/ALV-UjWyHgVQGQMy_JGL-GEpiqbjN56QFABCTaG6pApZUgzJQdfmuh6P=s32-rw","Ifa Mutia","20 Desember 2025","keren musuhnya gampang diratain bahkan saya bisa dapat lebih dari 50 kil! heronya bagus enak buat pushrank tinggal set sekilo dua skil satu tinju tinju ULTI! gampang bgt buat dapetin kil walaupun kadang kesel sama musuhnya mainnya turet! tapi gapapa soalnya mereka juga bukan pro download sekarang!","11 orang merasa ulasan ini berguna",""
"https://play-lh.googleusercontent.com/a/ACg8ocIYcgiTDaDVMfZK5Necro4jXK4flzr_fosOYVcqBLufMou9pw=s32-rw-mo","Suprianto Manik","14 Desember 2025","moonton tolonglah. padahal sinyal saya bagus/hijau tapi ko pas mau mulai gamenya ko g bis mlh ad tulisan/bacaan (tolong perbaiki koneksi anda). tapi okelh gamenya bagus tapi tolng y perbaiki","","Tampilkan histori ulasan"
"https://play-lh.googleusercontent.com/a-/ALV-UjWxrVirn0bOk57D94gC8Qe6hezaRu1VSzMR8S8wvXgEDy7gccg=s32-rw","tralalelo tralala","20 Desember 2025","game paan si setiap war tiba"" ngelag dan gabisa gerak terus waktu mati lancar seperti biasa ga ngelag, padahal jaringan bagus dan wifi penuh, MAKSUD LO APA NJENG RANK GUE JADI TURUN","",""
"https://play-lh.googleusercontent.com/a/ACg8ocL-o_wYszBbwGdGeV8Gn-FBD1H7f4Vd7DoHwSaQYM7uHK5xOQ=s32-rw-mo","Joya Sinaga","3 Desember 2025","setiap main selalu aja di buat menang kalok game pertama habis itu lanjut main lagi kalah sampai 3 atau 4 baru menang kalah terus harus nya game buat seru bukan buat emosi habis itu musuh dikasih kawan yng jago giliran saya dikasih kawan yng trol sengaja kalah saya capek pus mmr hero favorit saya tapi di buat ml kalah terus mana sih katanya game nya populer tapi kok buat yng main kalah terus itu game atau apa","",""
"https://play-lh.googleusercontent.com/EGemoI2NTXmTsBVtJqk8jxF9rh8ApRWfsIMQSt2uE4OcpQqbFu7f7NbTK05lx80nuSijCz7sc3a277R67g=s32-rw","Pengguna Google","3 Desember 2025","tolong lah para dark sistem dihapus saya dari honor turun ke legends gara gara darksistem ini moonton oi. terus jaringannya ini lah diperbaiki saya Sampai nurunin wifi saya loh dan bar wifinya pun full tolong lah ya moonton kalau gak game ini saya hapus. dan gak akan main lagi dan kembali ke honor of king","",""
"https://play-lh.googleusercontent.com/a-/ALV-UjWL3rKiN8-K5K_amXLSxnTcR7nEYo-32EyS2i2sXJsqEnjxd9Q=s32-rw","Wiwik Puji","14 Desember 2025","gausah main ini game, kalo main nanti lu malah jadi odgj atau jadi suka marah2 sendiri kyk gw nih udah maen 20x hasilnya semuanya losestreak, dapat tim dark sistem terus, sama jaringan suka ngelag sendiri padahal pake wifi, emg moonton gabener mending kalian uninstall game ini aja cpt sebelum terlambat","",""
"https://play-lh.googleusercontent.com/a/ACg8ocLaIf6_5xNNq8kxhlhx6m9FIf8rlUiYvvddvCLFMW-WKsNKvg=s32-rw-mo","Misiati Salom","13 Desember 2025","game apa sih ini gw di kasih tim dark sistem Mulu padahal udah komplain ga di tanggepin pantes yang download game ini setengah nya udah setres slow nanggepin nya emang gimana sih nih game padahal udah main lama tetep dikasih tim semerawut kalo ga ga kompak tolong lah developer kasih tim bagus kalo dapat tim bagus lalu kembali kebintang yang saya tuju baru saya kasih bintang 5","","Tampilkan histori ulasan"
"https://play-lh.googleusercontent.com/a/ACg8ocLG7uBbycBcy5xyaxe90RUvIjjDQXWPHvMXJhVcV6MyXtcVzw=s32-rw-mo","Putra Adi susanto","18 Desember 2025","game membuat saya stres, karna saya mendapatkan tim bodoh sedangkan musuh mendapatkan tim yang jago main,saya selalu kalah karena tim bodoh,coba saya di kasih kemenangan saya kalah sampai tujuh kali saat memainkan mode rank, pengertian lah monton","",""
"https://play-lh.googleusercontent.com/a/ACg8ocKKCmcqSQ6TKWTuANjCXFlJKUNHYzn7ExPtbtICj_pONnmAjw=s32-rw-mo","Hj Siti Apiyah","18 Desember 2025","game nya bagus tapi ada beberapa saran nih dari aku buat developer moonton 1. sediakan pelatihan AI yang versi by one atau 1 vs 1 yang lumayan kuat buat dilawan dan hero lawannya bisa bebas pilih 2. sediakan fitur tombol maju mundur direplay pertandingan 3.sediakan mode wajib pengenalan dan pelatihan skil hero supaya gak ada pemain yang asal asalan main hero dirank dan supaya memudahkan pemula mempelajari suatu hero tertentu 4.Fitur ketik pencarian hero karena jumlah hero ML sudah makin banyak","3 orang merasa ulasan ini berguna","Tampilkan histori ulasan"
"https://play-lh.googleusercontent.com/a/ACg8ocKKMLsbrxnQtGG-6KJAaNPJNEOKqbFgWtN9z3yFJkT0akZ-OA=s32-rw-mo","Faiz Abdulah","16 Desember 2025","setiap saya maen kenapa tim saya meskipun ada title yang mana itu menggambarkan bahwasannya pemain itu bisa bermain tapi kenapa malah dohgo dan tim musuh selalu saja mendapakatkan yang terbaik itu membuat saya depresi tolong moonton ubah system nya","",""
"https://play-lh.googleusercontent.com/a/ACg8ocK0D41rJjzeK4lro57vc9ySHtJfI35bZUA0WxH1u5Wix6C-Ew=s32-rw-mo","fadlan mfadilah","18 Desember 2025","game nya bagus cuma suka ngebug, contoh jaringan Ijo tapi ngeleg terus suka ngestuck pas udh nge x iklan, jadi tolong perbaiki itu semua dan moonton kasih dong skin collector gratis hehe","1 orang merasa ulasan ini berguna","Tampilkan histori ulasan"
"https://play-lh.googleusercontent.com/a/ACg8ocKx_PMNhKqcekqrxd3FQrzt-7aG8YA9oz-GTY5V8sJF6Kym0g=s32-rw-mo","Feldian Nur","30 November 2025","tolong moonton tolong, yang kalah tapi mvp di ranked, tolong jangan di turunkan bintangnya, kasian, nanti kalau udah di update begitu saya kasih bintang 5 (game yang paling melekat di otak saya, jadi susah mau pensi)","",""
"https://play-lh.googleusercontent.com/a/ACg8ocKXHS_85AxRCL03xnWYaUv1i40XnNfhw5v8JdQORBkczFpYmis=s32-rw-mo","yuzé.","18 Desember 2025","Kembali lagi ke jaman di mana ml baru rilis -item sekarang rusak -game play tidak seimbang -semakin banyak Hero yang tidak berguna gara² update ini!!!!. Kenapa setiap bermain solo saya mendapatkan trio kenapa tidak solo bertemu dengan pemain solo??","","Tampilkan histori ulasan"
"https://play-lh.googleusercontent.com/a/ACg8ocIkPWcw1_84drr--FZoqA3XhfesOPxl8UrK29M8LJjQT5TK1g=s32-rw-mo","Edi Yusuf","18 Desember 2025","monton! kalo setiap sisen sinyal nya di benerin dong masa sisen sinyal nya merah terus mohon di perbaiki tapi gem nya udah bagus tinggal sinyal nya aja di benerin jadi setiap sisen ga ngeleg","",""
"https://play-lh.googleusercontent.com/a/ACg8ocIdAtv7A5SN86NV0Y7T3nNJ9vz9D2p1hxUWEbY4PsDViwRCAA=s32-rw-mo","Gigih Rikoo","1 Desember 2025","Minimal kalo ngasih musuh yang pro/jago ngasih tim juga yang sepadan cape losstreak muluu gendong muluu yaelah gmna sihh moonton tolong lah kami ngegame cuma mau ngilangin rasa stresss malah tambah stressss main game ni jadi buat moonton kalo ngasih musuh yang pro/jago ngasih tim juga yang sepadan sama musuh😊","",""
"https://play-lh.googleusercontent.com/a/ACg8ocLGVYs7AbS1APX5A4EsfNMjD6ajjbdCa-0pIV-2rR8C8tlH=s32-rw-mo","Syukri Ramadhan","4 Desember 2025","tolong lah matcmaking untuk player solo di buat fer udah dapat nama ini game di indo malah buat kayak gini developer nya apaan sih moonton masak ada yg ketemu sama party an lawan solo kalau bisa duo ketemu trio kalau solo sama solo kayak gitu kalau bisa player yg udah lose strike beri kemudahan di game selanjutnya masak sampai lose strike berkelanjutan. sampai 10 kali dalam waktu berbeda apaan sih MOONTON kalau gak segera di perbaiki ini yakin lah paling lama 5 tahun lagi ini game","",""
"https://play-lh.googleusercontent.com/a/ACg8ocIMkQ9oWfn-snVEHmsQqmzJelND8dhaqHiLm1xNjWEePFAQgA=s32-rw-mo","Pirman Alpiansyah","30 November 2025","bagus dalam segi permain dan Hero skin nya juga keren keren tapi kenapa yang mainnya kaya gimana gitu rank nya pada tinggi tinggi jadi main kaya bocil tapi rank udah mityik jadi susah mau naik honornya dan kenapa lag Mulu katanya salah serper tapi bintang turun","","Tampilkan histori ulasan"
"https://play-lh.googleusercontent.com/a-/ALV-UjX5kJ6CJ5Udt9RztDUmohbUrTaLr87MNxadG8yKnFvb1Tf2iAw=s32-rw","Stevani Ilfanahuang","12 Desember 2025","moonton tolong cara bisa ganti akun padahal email sudah benar tapi gabisa terus saya nya pusing jadi tolong ya perbaiki sudah hapus data pas masuk sama saja gaada perbedaan jadi tolong ya makasi atas kerja sama nya","",""
"https://play-lh.googleusercontent.com/a-/ALV-UjUwyth-MaIEtg-0h58BmsS0kAbNBrnwlhqIh7EAvCz4U82L_xQ-=s32-rw","Andri.m. Kasiaheng","18 Desember 2025","gamenya asik bagus TPI sinyal nya ini yg bikin dara tinggi perbaiki sinyal la montoon lag skli padahal jaringan di sya bagus pake wifi SMA data pun lag nya ga ngotak ..pdhl buka YouTube lancar sekali","",""
"https://play-lh.googleusercontent.com/a/ACg8ocJFtK4lA7g8KLtYMtuFKQQGJMuCHHjGZjL2xeDGOxW-kzUMDg=s32-rw-mo","Rai Adung","15 Desember 2025","matchmaking nya yang setara, hapus aja dah fitur lintas rank, nyusahin player yang beneran niat naikin rank, adain lagi juga fitur 1 Lane, buat solo ranked, biar main nya itu yang pasti gitu Lo, soal nya aku pernah ketemu kasus orang 49 match nya gold lane trus 1 match nya hyper, dan lucu nya dia malah jadi hyper","","Tampilkan histori ulasan"
"https://play-lh.googleusercontent.com/a/ACg8ocJgSRTOHfyscHDQW_fUehprRef6Qoqu15afRgGcGETDSmgRBg=s32-rw-mo","Kurnila Hirma","13 Desember 2025","saya ingin melaporkan bahwa akun email monton saya di ganti oleh seseorang. dan saya sudah melaporkan nya ke pihak tim cs mlbb tapi tanggapan nya sangat mengecewakan padahal saya mau menggantikan lagi alamat email montonnya dan bukti saya sudah kuat untuk mengubahnya ya itu ss transaksi top up, tanggal pembuatan akun, dan juga saya melaporkan nya memakai perangkat terpercaya. tapi hasilnya apa? hasil nya sangat mengecewakan","",""
"https://play-lh.googleusercontent.com/a-/ALV-UjUJs2PxbKZFeKKyKQ-scpBZOXQz22BUADIHLLOsR_wKjReg11o=s32-rw","Nasywa Rizqi shiyama","1 Desember 2025","nyebelin bgt dah nih game, lagi enak enak main nge lag. mana game kikir pula hadehh. semoga cepet berubah ya biar player u pada stay ga pindah ke game lain. kalau ngasih lawan yang bener dong ga bener semua njir lah.","1 orang merasa ulasan ini berguna",""
"https://play-lh.googleusercontent.com/a-/ALV-UjUzPfAYjtyJR-EJY8ELVez6ntSDQEpgLtQxHps8Bo7P0wpyv5hC=s32-rw","Dwi Noviana","25 Desember 2025","gamenya sangat bagus seru sekali, saya selalu main setiap hari dapet teamnya hebat banget saya seneng bangettt makasih ya yang udah ciptain game mobile legend temanya kok hebat banget yaa selalu bantuin ambil buff main ga satu Lane aja bahkan baru main mm nya langsung ambil mid waaah seruuu sekaliii","",""
"https://play-lh.googleusercontent.com/a/ACg8ocKylxLma5N1QA5QnxB8bC5p0OkIg11PvuEAcq-K6MLmTWLhwg=s32-rw-mo","Dika Juang","18 Desember 2025","knp sih ml sekarang tuh?server nya ga sebagus dlu,dan jga skrg tu keseringan lag,pdhl sinyal hp full tanpa lemot,tp sinyal di game merah.kadang jg sinyal game hijau tp gabisa di gerakin,sinyal game nya hijau kuning merah gt aja trs pdhl sinyal hp bagus bgt.tlong dong di perbaiki lagi","",""
"https://play-lh.googleusercontent.com/a/ACg8ocIGU6OWD_D0Txm6HMGsfqyYbW_566lWCQD9boiPSh-Z-hcRqq8=s32-rw-mo","Devano Saverio Paramaditya","1 Desember 2025","game burik system nya masih banyak bug sinyal bagus tetep ngeleh in game harap di perbaiki lagii game nya juga menggunakan data tingkat tinggi tapi masih banyak bug dan juga hero yang dikit","",""
"https://play-lh.googleusercontent.com/a/ACg8ocKm3kWxmieXTccrplcCu4DmrywiRjL-ykh3oJij9e5DNE0Avw=s32-rw-mo","Samsudin Udin","18 Desember 2025","Game burik GK laku, banyakan ngebak Game merusak tak yg buat nya juga GK ada tak, tiba tiba macet padahal wifi kenceng, trus mau login lelet nya minta ampun susah masuk, ram 8 juga GK kepake GK ngaruh klo mobil legend nya burik suka ngebup, baru main ktmu chiter langsung, games rusak, turun season bukanya bagus ngebasmi chiter malah makin merajalela digames, makin aneh aja ini games makin buruk","","Tampilkan histori ulasan"
"https://play-lh.googleusercontent.com/a-/ALV-UjVw9Z5CW7lNDw6u4IzT2fIHiOiF-pTHsgfwpfVQbdtJYRRCntWX=s32-rw","Lutfi lutfi","18 Desember 2025","Tolong lah moonton sistem matchmaking nya benerin ini masalah udah lama tpi masih aja kayak gini, gw udh cape main ini game main udah bener menang lane rotasi dll tapi tim nya kebanyakan ga ngerti main, jadi tolong lah adil kan sistem matchmaking nya, ya seenggaknya role nya ga tabrakan","1 orang merasa ulasan ini berguna","Tampilkan histori ulasan"
"https://play-lh.googleusercontent.com/a-/ALV-UjWaFqx92LkGNMZMDhno8K8T-b_i4INPqlZH4m72m8StSBhgBY6P=s32-rw","AlviN Aldiano","18 Desember 2025","setelah update terjadi lag sepanjang match dan sangat² mengganggu player, untuk lag bukan hanya di saya melainkan di seluruh server,mohon diperbaiki","",""
"https://play-lh.googleusercontent.com/a/ACg8ocKn_dXqs6UwC5qd7UzRcupiwBylafkr6MZ64PbesBjX40VCOA=s32-rw-mo","Muaqama Makassev","1 Desember 2025","aku beri bintang 1 aja deh percuma bintang 5 rate tetep timnya dark sistem, KLO main solo dapat tim yang baru belajar main, trs musuhnya jago, mentang bukan pro player","","Tampilkan histori ulasan"
"https://play-lh.googleusercontent.com/a-/ALV-UjXRw9JjumYNXBtaI06IBqbOKnKJOwshk71n01P2-e7uO_d_gYJa=s32-rw","Arif Setiawan","1 Desember 2025","hai min aku mau speak up, hal yang aku alami di mobile legends ini, kenapa ya makan kuota nya lebih boros banget dari biasanya aku gatau kenapa semenjak aku gamain ml aku download lagi jadi begini. semacam kasus kuota gondrong min, satu kali match nembus 310 MB min gawajar banget ini, yang biasanya dulu 30 mb-an sekarang jadi gede banget, dan iya aku for close normal lagi nyedotnya per-mb an ga langsung kaya sebelumnya hitungan detik boros banget. mohon bantu jawab min permasalahan ini","",""
"https://play-lh.googleusercontent.com/a-/ALV-UjXTamYanFAS4s91c2jzBkgwXsUgdyrx15TpklS-YwsQqPAv3N5m=s32-rw","M.alif.R","6 Desember 2025","udah ganti jaringan, pas awal ronde sampe pertengahan gak ada masalah, nah pas di akhir akhir ronde mulai ngedelay jalan hero dan pencet skill nya juga delay, analog nya gak di gerak in malah jalan sendiri hero nya","",""
"https://play-lh.googleusercontent.com/a-/ALV-UjWG1Joo-rK3VrM0zYpGSdwm3CYmI1s6HG5z77EhZXmGSePXo9A=s32-rw","Sri Wahyuni","7 Desember 2025","gamenya bagus tapi plis dengerin saran aku.game ini kurasa harus ditingkatkan sistemnya karena banyak pemain ngeluh dan resah karena jumpa dark sistem dan bagiku yang mvp kalah dalam tim itu tuh dikasih apresiasi jangan cuma dikasih poin untuk perlindungan bintang,ya minimal poin perlindungan bintang dikurangin lah jgn bnyk banged yg harus dipenuhi kalau tidak mau seperti itu yang mvp kalah tetep dilindungi dong bintangnya.soalnya capek jumpa dark sistem gendong tim mulu.","",""
"https://play-lh.googleusercontent.com/a-/ALV-UjUiTNjPdgVqZO98QLbsudhCODzgsCro6htX_ZYpG7wtPwBJmCSi=s32-rw","Hello SUN'S","18 Desember 2025","Collab MLBB X Titan point dibutuhkan utk claim box 480..sementara misi dan quest harian sudah terselesaikan semua totalnya 475??? 5nya kemana? masa sengaja biar gak dapet?? sungguh sangat licik sekali!!! 👎👎👎👎👎","",""
"https://play-lh.googleusercontent.com/a/ACg8ocJPT-i-W2GbJxFf_3yL1fbve9x3NcxTn1GkP5O6tp8XiRqmaw=s32-rw-mo","Wullan Darii","18 Desember 2025","setiap main dapat tim bot trs kalah mulu apalagi di rank jadi males main nya ga adil rasanya baru juga naik dah di turunin lagi bintangnya, monton tolonglah masa setiap dapat tim kayak gitu mulu jadi capek mau mainnya beda sama tim lawan hebat² semua, lah ini dpt tim hyper indomaret mm ga guna exp mati terus capek lh weii rasanya. mohon dong min tim ny itu setara capek loh naikin rank susah payah malah turun mulu ketemu musuh duo, squad, trio, kadang ber5 sedangakn ditim ku tu solo smua","","Tampilkan histori ulasan"
"https://play-lh.googleusercontent.com/a-/ALV-UjWfz54NtJ_QBFfoA2FOCyfrupBYEmnnrvMV-tNdxnOl8A4vXLOS=s32-rw","agil boyssd","20 Desember 2025","pliss lah monton jaringan kalo udah update stabilin lah gua cape monton game lu makin kesini makin rusak plis deh kalo update jaringan jan ngaco deh sumpah kalo bisa jan bikin orang repot game aja mau di nilai bagus tapi kalo kaya gini terus mah cape semuanya juga monton pesan dari saya jaringan stabilin gua main game lain aja. lancar.","",""
"https://play-lh.googleusercontent.com/a-/ALV-UjUZ7JDqc2EN2dnEnNkHNoZBoX76Px6LrZq1JvDNliJC8GvBtNJi=s32-rw","Adham Rks","3 Desember 2025","MONTON Terlalu Gila, Hingga Membuat Gua Hampir Stress... 700 pertandingan season tahun ini hanya mentok dihonor. jaringan bagus lancar hp lumayan tapi sering ngebug. lostrek sampe 20x gila ga tuh monton... penurunan bintang untuk apk, dari awal season cuma mentok diglory kan gila, kurang cerdik gimana gua dalam bermain.","","Tampilkan histori ulasan"
"https://play-lh.googleusercontent.com/a/ACg8ocIe30Is2LudYuXxBUbTQf_6THsNagwJRy7Ks6u3Vl4k1LOf7Q=s32-rw-mo","Bosandit Diss","30 November 2025","waktu bermain game sering lag tiba2, padahal jaringan hijau 11ms , makin gajelas ni game, pemilihan team juga gk seimbang, team musuh lebih jago daripada team sendiri .mohon diperbaiki min","","Tampilkan histori ulasan"
"https://play-lh.googleusercontent.com/a-/ALV-UjUy1RZbOJbJmFZ2XUfZ6Oab8VkXvpk1j73OeH3bnr5dZTQW_GIH=s32-rw","arif af","5 Desember 2025","kenapa ketika dalam game bagus dan lancar tapi ketika di loby atau sedang draf leg parah karna masalah jaringan padahal jaringan udah bagus 5ms cuma di loby dan pas draf aja yg leg kalo udah main malah lancar tolong diperbaiki","",""
"https://play-lh.googleusercontent.com/a/ACg8ocJ7HtN17-8MXfEcezc8Y9eI1J0qbgZpJOsYvAejRBRkFVoiHXU=s32-rw-mo","Muhammad Ariya Adiyaksa","29 November 2025","pengalaman bermaen yg buruk saya bermain dengan tim yg selalu ""beban"", dan server jaringan yg selalu error entah mengapa game kalau main game ini selalu ngelag tapi game lain tidak, ini adalah pengalaman bermaen game yg terburuk dalam hidup saya.","",""
"https://play-lh.googleusercontent.com/a-/ALV-UjVNLQYez3XdJwtAVFSfTir5dnZJLLryQy6Ymj2IPhB-ssKYdsEc=s32-rw","Muhammad Fajar sidik","19 Desember 2025","bintang satu game tidak ramah server aneh tim saya isinya orang yang ga bisa main sedangkan tim musuh hebat semua tidak rekomendasi untuk orang yang gampang stres karna game ini bisa bikin stres apa lagi sampai lose streak seperti saya dan juga tim saya banyak yang trol","","Tampilkan histori ulasan"
"https://play-lh.googleusercontent.com/a/ACg8ocKoFimf1r2O77kSrGJyGdOw06nld0dh8TCsUTuVE6mXqp4oBA=s32-rw-mo","Blogkister","15 Desember 2025","makin lama makin aneh aja ini, padahal sinyal bagus buka apk yng lain juga lancar gk ngelag ini ko menghubungkan terus udah ganti jaringan juga sama aja menghubungkan, perbaiki lagi lah masalah jaringan nya, biar player² lain merasa nyaman pas main, ini yng di perbaiki bug nya aja masalah jaringan nya gk di perbaiki parah.","7 orang merasa ulasan ini berguna","Tampilkan histori ulasan"
"https://play-lh.googleusercontent.com/a-/ALV-UjUTd9qlOUutRp390t8gfE1Dm29eQoQrENvRSQnHRjUti6Cy018=s32-rw","Acefile Login1","20 Desember 2025","game gajelas kebiasaan ngestack di loading screen 30% pas masuk in game menit 2-3 , barusan maen malah nge stack lagi padahal udah 100%, mana lagi sinyal udah bagus malah alasan ngeleg, mending tutup dulu aja ini game","",""
"https://play-lh.googleusercontent.com/a/ACg8ocIqapNZmLpNOgP2DGh0r5KQ3mufzYjkkGsG7wSvoAJvKnaGzw=s32-rw-mo","Susie Yanti","7 Desember 2025","ni game gak pantes di mainin jadi jangan sesekali di download ya emang gak cocok buang buang waktu، gak logis mending hapus aj ni apk, pertandingan nya pada ga seimbang emang gak cocok di mainin ni game, hindari untuk bahkan di kasih 1 bintang aja gak cocok mendownload NO RECOMMENDED!!!","","Tampilkan histori ulasan"
"https://play-lh.googleusercontent.com/a-/ALV-UjVSM5A-B_nGVk4bbKRW2FI1f_2QWd-9Gv27JQzDgBqnwR1lt0w=s32-rw","optimus prime","5 Desember 2025","lama-lama game tambah berat mau main selalu ngeleg, mau classic, rank, brawl sama aja, kalau mau player tetap main game ini di benarkan dong, udahlah ngeleg, naik rank pun susah game macam apa ini?","",""
"https://play-lh.googleusercontent.com/a-/ALV-UjVz1G6q770EUlWo35rG9eOIx-hyDqdy78KvaUB_lNWiZPiqfzs=s32-rw","Faisal Sukma","12 Desember 2025","game yang bagus dan seru, tapi match making nya kadang tidak seimbang, dan banyak player yang melakukan troll tolong tindak player yang melakukan troll dengan lebih keras, dan buat match making nya lebih seimbang. Terima kasih","",""
"https://play-lh.googleusercontent.com/a/ACg8ocJE_MTKSdg_FRR8cx6WH7Az36inBf9iTJQ1GLx7GBAQXSsaSA=s32-rw-mo","Agam Muhammad algifari","21 Desember 2025","kenapa season ini sering sekali dapet tim yang gak ngerti counter hero dan mainnya pada gak bener, tapi kalau musuh yang pake jago banget dan sekarang juga setiap main rank solo, duo maupun party pasti selalu kalah kenapa ya?","",""
"https://play-lh.googleusercontent.com/a-/ALV-UjVhClh88oXJa9yO5nAO5gS7NgSkqSqG16Fa5NBloBnvv_dB-tbG=s32-rw","Alif Leiyanro Simanjorang (Naga hitam)","1 Desember 2025","game sampah banyak bug sejak update sudah 3 kali saya bermain tiba tiba layar eror tidak bisa di sentuh, teruntuk teman teman sebaiknya tidak usa download game seperti ini game ini dapat merusak waktu teman teman dan dan pikiran teman teman game ini perusak generrasi","",""
"https://play-lh.googleusercontent.com/a/ACg8ocKwRBU2XZfAbNZeGxy3Zs3W7Y28Nt4TicYbUGi7dZMbxv6eCg=s32-rw-mo","Mangim Bulude","18 Desember 2025","ini kenapa lagi dah moonton baru juga update season udah ada aja kendalanya. ciba deh kalo update season di cek lagi biar ga bermasalah enak enak mau push malah bermasalah lagi ni sinyal parah. game rusak game rusak","",""
"https://play-lh.googleusercontent.com/a/ACg8ocK5AQf5Y7TFT83Qi6dcM1WTDJpHorRr6IVkgPULIKtOVhmT9Q=s32-rw-mo","Isoh","4 Desember 2025","Oy muntunn ini sinyal ijo loh ko ga bisa gerak ngebug mulu ,ping loncat² ,ape ni magsud nye ,kan saya yang kena bacot nya ,lama-lama jadi sumala ,terusss saya solo ko nabrak yang party duo,1 lagi kan saya rank nya honor ko bisa nabrak yang immortal,glory sedang kan tim saya? mytik ke bawah legend pula ikut 👿","",""
"https://play-lh.googleusercontent.com/a/ACg8ocJVgCcD9Ng4GYZC6qY6GnFTtfMWr_cIYR2TGGKs9AuIwaKvxA=s32-rw-mo","Risky Teguh","15 Desember 2025","bagus si game nya tapi ada 1 bug yg harus di hapus mengapa baru main tapi ml nya bermasalah seperti maaf blablabla dan menghubung kan kustomer serfis padahal game berjalan dengan lancar tapi heran nya ngebak tidak bisa bermain dan harus di hapus di lu ml nya jadi tolong ya monton perbaiki bug ini 🤬","",""
"https://play-lh.googleusercontent.com/a/ACg8ocIjoCN_gGucmqdnHQU9CIn9lAvkrQdsEEx9BO9r7yEHLH1k9w=s32-rw-mo","Risky Dwi andika","20 Desember 2025","Game rusak!!!!!,setiap gw main sinyal gw 67 ms TPI gak bisa gerak dan gerak sendiri,banyak bug pula,game yang bisa bikin stress gak recommended buat orang yang mudah marah","",""
"https://play-lh.googleusercontent.com/a/ACg8ocJYMpFoAfeMqXt54UtzBLhrI_RDGzZP9X57Utej6WWeKfeAWA=s32-rw-mo","Arjun Ardiyanto","18 Desember 2025","Koko di update malah lebih banyak lag si jaringan hijau Koko muncul menyambungkan jaringan tolong di perbaiki, dan gue lebih percaya sama timi walupun kada di bilang copy tapi mereka lebih mementingkan pemain mementingkan keseruan bukan kaya gini ini mah malah nambahin stres, makasih ya walaupun udah bikin aku stres tapi udah mau nemenin! tolong ya monton tolong hargai lah pemain lainnya 😭😭","1 orang merasa ulasan ini berguna","Tampilkan histori ulasan"
"https://play-lh.googleusercontent.com/a/ACg8ocJVeTjMDx-E0k-4jylCmP9tS2yIUQ5YOrp9LLs7Y1xfsH5_Lw=s32-rw-mo","Risky Gabe","17 Desember 2025","tolong lah monton perbaiki sistem matching nya, GLORY 70 + serasa main sama bot, rotasi + item aja ga paham, tolong monton kalo player yang 3 match berturut turut dapat coklat di kurangi kredit score nya 5","",""
"https://play-lh.googleusercontent.com/a-/ALV-UjX5-x4EXGOvM-dApyP73xjIs06Q_X9hDKwbFBaEWbVqw_SSU7fc=s32-rw","Muhammad Rayyan Nararya Gozal","16 Desember 2025","game ini sangat tak adil memberikan lawan yang tak sepadan dengan kemampuan tim yang di berikan dan mohon agar bisa melaporkan teman yang menggagu dalam pertandingan agar di ban sementara saya sangat stres dengan tim yang di berikan karna tak ada saksi yang di berikan dan hanya menyuruh pemain untuk menunggu hasil yang tak jelas mohon agar bisa di mengerti jika sudah bagus maka saya akan memberikan bintang 5","3 orang merasa ulasan ini berguna","Tampilkan histori ulasan"
"https://play-lh.googleusercontent.com/a-/ALV-UjWyplkZQB4NWGyNQCHUoU1dDsz9NjNTR3OBRwAITqMw8orRhho=s32-rw","Aldi yufri Mona","1 Desember 2025","wahai mobile legends kenapa game ini ada bot nya dan terlalu banyak lagi, saya sering kali cek profil kawan dan lawan sesaat setelah main dan bisa di pastikan hampir semua bot. kalo seperti ini terus saya jadi rugi waktu.","1 orang merasa ulasan ini berguna",""
"https://play-lh.googleusercontent.com/a-/ALV-UjUaLAO_HXA9G61AC5C3aqFB5D06X7V-bQoYW-YRIBIiIBeFEZvP=s32-rw","Muhammad Sipa","15 Desember 2025","udah berapa kali saya hapus download ulang ml, udah ke-4 kalinya diginiin soal masalah stuck login, data tidak lengkap atau apa itu blah blah perbaiki please player bakal risih kalo digituin montoon capek download ulang datanya lagi..","1 orang merasa ulasan ini berguna",""
"https://play-lh.googleusercontent.com/a/ACg8ocICm84KwI20VzEhFDVIuoFt4vWwZ12ARF5_SfPBYqZDHbjytA=s32-rw-mo","Ade Putra","25 Desember 2025","makin lama malah makin busuk update terus tapi jaringan tdk pernah di perbagus aneh nya tiap main rank ping selalu merah padahal jaringan bagus tolong di perbaiki lagi bos masalah jariangan yg tdk pernah stabil","","Tampilkan histori ulasan"
"https://play-lh.googleusercontent.com/a-/ALV-UjWf0HWtaduMSLtlELPStfc1Qbh9z4tWssaHoi9ejkZjH9mV4GE=s32-rw","Akbar Syahid Al Habsyi","24 Desember 2025","Tolonglah moonton kalo kasih tim itu yang seimbang, aku kalo main pasti tim sendiri dark system semua musuh nya jago jago. Tolong diperbaiki lagi matchmaking nya, pertemukan dengan yang seimbang","",""
"https://play-lh.googleusercontent.com/a/ACg8ocKXpzC6IBfYswQNXTUIsLj9X6aFISE6rmIwJZevkTmu6WJyyA=s32-rw-mo","Bawi Ahmad nabawiuwye7su","24 Desember 2025","saya rasa ini game membawa dosa yg banyak kenapa. gegara banyak pemain toxic karna mereka sering kalah di akibatkan musuh yg tidak seimbang dan mengakibatkan kata kasar yg tidak sopan dan manusiawi. dan itu terjadi kepada saya. coba buat game ini terasa lebih mudah dan cocok untuk anak kecil!","","Tampilkan histori ulasan"
"https://play-lh.googleusercontent.com/a-/ALV-UjWsso4tGwcngP1E4G1zN61sKL0vmWbG0aMCcazStQFeaeFgn3J1=s32-rw","Rafiki Mubarok","7 Desember 2025","makin update bukanya tambah betul malah tambah rusak,sering banget sinyal hijau tapi delay.untuk kedepanya harusnya lebih diperhatikan kalau mau buat game.","",""
"https://play-lh.googleusercontent.com/a/ACg8ocKR0pJ4XcKSHrBnxPqG4hv4TThIeKOyMd_DxlK40AOLc3MYvA=s32-rw-mo","Tagas","3 Desember 2025","plis lah kasih tim yang waras dikit, apalgi player solo kasih kemudahan buat kami player solo ,jangan dikasih dark system mulu, apalagi masalah jaringan sering banget lag","","Tampilkan histori ulasan"
"https://play-lh.googleusercontent.com/a/ACg8ocKclv4hkpxBJHrDVhZiR2ZuDmY7GLTXp9KLNbJ0Xi6-jMjoCA=s32-rw-mo","Komang Rita","15 Desember 2025","game nya bagus cmn knp sy dpt dark sistem mulu ya? akhir² ini sering ls bahkan sampe 10 kali lebih menang cuma 1 kali gmna mau imo kalo kek gni tim musuhnya bgs² tim sy agk², jadiny jrang main skrng","1 orang merasa ulasan ini berguna",""
"https://play-lh.googleusercontent.com/a/ACg8ocKD5K9k4qhfG7yDwo65S3scwmRoeJAyILfpWMjtjyfJackeNg=s32-rw-mo","Arif Dwi aryanto","26 Desember 2025","sistem pembagiannya tim lu noh benerin, musuh dapet tim bagus' sedangkan tim gw jelek', sekalinya playernya pake rw/joki malah di ban. tau ga lu, kalo player' lu suka joki & rw tuh karena sistem pembagian tim lu yg kurang banget, bikin kalah yg ga wajar bgt. BENERIN DULU GIH SEBELUM PLAYER LU PINDAH KE GAME LAIN. note: gw saranin buat org' yg gamau stresnya nambah, mending jangan main game ini dah asli, pamali.","",""
"https://play-lh.googleusercontent.com/a/ACg8ocLtzWt1nXsPOLeUeeIXEkqlX5HR9Uf8ikjw1I36hEOKIvojhA=s32-rw-mo","Brother Ejp","30 November 2025","mauu solo mauu party keseimbangan timnya selalu kacau monton, masa immo 500 ketemu imo dan glory perbatasan burukk bngt, satu hal lagi itemnya enakkan yg duluu terlalu banyak item yg dirubah males pakenya minimal buat tank fighter di posisi kalah harus 2/3 item meskipun mentahan lebih susah buat counter Hero yg heal dan attack speed minimal 2 item yaitu dominance dan chastise pauldron","","Tampilkan histori ulasan"
"https://play-lh.googleusercontent.com/a/ACg8ocLbPfl6PQsk1lqsDucrq9Ra2iOETTFWtLcMBYTWQ5R10dUfJQ=s32-rw-mo","Dirgarasya2014","3 Desember 2025","Ini game rusaaak parah aku tiba tiba suka putus koneksi abis itu team nyalahin aku padahal aku ngelag udah gitu kompensasinya cuma perlindungan bintang kalo gak ya dihitungnya afk dan jadi alasan aku berhenti main sejak saat ini","",""
"https://play-lh.googleusercontent.com/a-/ALV-UjWj71F9sLt8FSKklyKFQyTsmBhlb7HOB-IXqvm3wccKb6KisE8=s32-rw","Dean Naufal Gemilang Nafi","30 November 2025","Matchmaking tidak seimbang, rank honor serasa epic, banyak hama gak tau main. Perbaiki lgi matchmakingnya masa lose 9x win cuma 1x. Ketemu hamanya di role yg sama pula goldlane, midlane, goldlane. Main solo, duo, trio sama saja.","","Tampilkan histori ulasan"
"https://play-lh.googleusercontent.com/a-/ALV-UjX1ASDzHVXvfGsM_Fd6071UIZw8RZAIW2TCTylBUBOTEZGG_bQ=s32-rw","Riskaanggraeni","15 Desember 2025","Sumpah moonton game lu yaallah jelek bgt, hp gua mah aman tapi apk lu kenapa dah patah patah ga jelas, ganggu permainan tau ga, udah bagus menang di awal tiba tiba jalan sendiri padahal jaringan bagus, ga ngelag gaje sumpah kesel gua","",""
"https://play-lh.googleusercontent.com/a/ACg8ocJGI7Ys1LeUJoSL2_6ANC4Eh4WStDCFCecZ9-OnjimSmrZ-PA=s32-rw-mo","Kapuyuak Baremot","4 Desember 2025","ga ada adil adil nya,dpt tim ampas mulu dah.udh ngulang"" puluhan kali tetap aja dpt tim ampas.udh tier tinggi juga gitu ga ada bedanya,udh cape mvp kalah mulu,mana turun nya ga ngotak lagi.ls ampe turun 20 bintang kaga ada menang.kan ga logis,soal gameplay gw bukan player dongo,selalu dpt mvp/gold medal TAPI KALAHHH!","",""
"https://play-lh.googleusercontent.com/a-/ALV-UjUiyjbBBDGzPb4rDhaB_9-T98Q24v3yrPZVlnsqkUQknLN0eWw=s32-rw","Oura Ge","21 Desember 2025","Setiap main solo ketemu tim dark sistem Mulu sedangkan musuh nya jago tolong lah min kasih tim yang bagus buat player solo yang setara lah sama musuh tolong ya min udah cape banget ber season² lose treak Mulu kalo solo🤦","",""
"https://play-lh.googleusercontent.com/a-/ALV-UjV1IchsgiDyKRKbAEsy7UwFAW1mgAHZ5184PFHUoD_v6EDSlGE1=s32-rw","Putri Fauziah","15 Desember 2025","muntun tolong dong, pdhl sinyal oke kuota jg masih tp knp waktu main ping nya merah dan alhasil jd afk, trs pas mau login lg tulisannya ""menghubungkan kembali"" tp gk terhubung samsek, ini bikin kesel bgt jd tolong diperbaiki","","Tampilkan histori ulasan"
"https://play-lh.googleusercontent.com/a-/ALV-UjWDmgzfOx5iXB4s2XLOKkFl4SI7ZwhDE73UjM6fUHSCbnO-sOI=s32-rw","Isamar Huda","17 Desember 2025","padahal main di glory, tapi kenapa kalo di tim selalu aneh kalo main solo sedangkan musuh jago² semua ga adil banget, kadang roam gamau rotasi, hyper gak mau set up, Gold nya mati mulu","","Tampilkan histori ulasan"
"https://play-lh.googleusercontent.com/a-/ALV-UjU_IVC0ioc8r36YCpVl--D5O3mBt9CIyZF-bVH1BhFcq_sSEtM=s32-rw","aab","6 Desember 2025","server bot clasik kenapa lu fix monton? itu server sangat berguna untuk kami yang sibuk bekerja, karena di server itu kita tidak perlu memikirkan game play dan tidak menjadi beban team karena kesibukan kami","","Tampilkan histori ulasan"
"https://play-lh.googleusercontent.com/a/ACg8ocKD6jRIQYqsO4aj38kyS2g1koX0aDvQ_gLO_KClQ_l_JslHFw=s32-rw-mo","Hamza Afriyo","20 Desember 2025","ntah kenapa update sekarang lag banget,kadang tiba tiba lag,trus keluar aplikasi,padahal jaringan lancar, device juga gak kentang kentang amat moga segera di betulkan,soalnya jadinya AFK trus😭😭😭","","Tampilkan histori ulasan"
"https://play-lh.googleusercontent.com/a/ACg8ocJ0XKYY0OPQqbfI0HLowtssbsvDj8Gr37SDy1LgPWA1Zo7riw=s32-rw-mo","Ridho Anggaravivo","15 Desember 2025","karena geme ini membuat ku tidak kesepian dan menemani saat aku gabut download sekarang ml kualitas 👍bagusnya dan menbikin karaktet yang sanggat bagus dan banyak lagi sekin yang bagus dan antara sebabnya kenapa lelaki yg tertentu dan ciri khas yang telah berpartisipasi dalam kontes ini juga memiliki tubuh manusia yang suka sama orang yang tak pernah nak terpika oke download sekarang ml mobi l gen","",""
"https://play-lh.googleusercontent.com/a/ACg8ocKr9ykfb3rr3TgmL4s07mHuJ1Kne4gbk3TD4d4CxAmtmkHKXA=s32-rw-mo","Nasuha Putra","18 Desember 2025","game steressss bnyak bngat bug setelah season tolong cepat di perbaiki,soalnya sangat menurunkan performa bermain para player tolong di perbaiki secepatnya!!!","",""
"https://play-lh.googleusercontent.com/a-/ALV-UjWVRToXAFUpHPMmrSo7ZVZ9mgyiozaGJ6V_92me4IZjpyTGGe66=s32-rw","Youan Rayan","15 Desember 2025","dear, mobile legend, saya sedang bermain dalam game. tiba tiba lag, dan saya relog. lalu saya loggin kembali dan di arahkan untuk menghubungi cs. sampai sekarang saya tidak dapat bermain lagi. Mohon solusinya","","Tampilkan histori ulasan"
"https://play-lh.googleusercontent.com/a-/ALV-UjVjdCxtYZLgiZ3caPr3c95uMzrr7YsGihMOniprrLUmfsJAo5zo=s32-rw","Najwan Muhammad","15 Desember 2025","GUA JANJI G BAKAL GANTI DI RATING!!! setiap mau ganti FOTO PROFIL tiba2 malah ke menu lobby lagi berulang ulang kalii terus eh pas bisa gambarnya malah biru latar belakang ml, pdhal harusnya foto pemandangan Jakarta eh mana cooldown nya lama lagi pas mau ganti, FIX GAK?","",""
"https://play-lh.googleusercontent.com/a-/ALV-UjXLjK0EcQk1at_BcHuA6uqoUTSt1ZrhS6IEJnNg2bAa52NPZE30=s32-rw","Jumiatul Azizah","5 Desember 2025","jujur aja pengen banget naikin rank. tapi setiap main rank, jaringan langsung ngelag. main patah². tapi pas main brawl mah biasa aja. tolong banget plisss. kalah mah gpp. tapi kalo udh kalau+ kalah karena ngelag, lama² juga saya emosi","9 orang merasa ulasan ini berguna","Tampilkan histori ulasan"
"https://play-lh.googleusercontent.com/a/ACg8ocIqFx-7m7bNc188DtZvnDa15wtZ91E5L4niY9vHmk7biD3rSA=s32-rw-mo","Arbi Arga","5 Desember 2025","game yang sangat buruk ,game lain agar game nya rame player nya di kasih yang bagus dan saat main di kasih musuh yang mudah ,lah ini game kebalikan nya player nya saat main di kasih musuh yang susah lalu tim nya gak bisa main semua kan anj ,padahal para player nya baik baik loh tapi kayak gini ,pasti ada beberapa yang rating bintang 5 tapi ulasan nya tentang keburukan game nya itu karena kasian gitu banyak yang main tapi rating game nya 3.9 ( kalau kalian setuju rating buruk game ini )","1 orang merasa ulasan ini berguna","Tampilkan histori ulasan"
"https://play-lh.googleusercontent.com/a/ACg8ocK3sapNZe3D6mbkg0on0mGVk92oBT2rIIaNwe9Rqf08sOozTQ=s32-rw-mo","Chidi Jusegusdra","17 Desember 2025","Tolong matchmaking nya betulin, sangat merugikan player trio-solo, hanya gara"" di gabungin tim player sampah, sangat merusak pengalaman bermain, tolong di perbaiki biar tidak jadi game SAMPAH !","",""
"https://play-lh.googleusercontent.com/a/ACg8ocI0v5Nf3DVZR92Uf2Y-jitHWzzSLZzEZFS27_YuVCap38i96Q=s32-rw-mo","Infinix Tsa","3 Desember 2025","Game GK guna padahal katanya bisa main pakek paket gaming tapi asal mau mulai mact selalu GK bisa pasti selalu muncul Kata sinyal eror asal lagi main selalu lag padahal sinyal bagus abangku aja yg main ml jugak GK lag udah tau aku kalok itu gara gara cheat Lama lama biar di hapus permanen dari playstor aja ini game malas aku main lagi kalok bisa kasi bintang -5 lebih bagus update bukannya makin bagus malah makin ngebug mending main po dari pada game ful bag","1 orang merasa ulasan ini berguna","Tampilkan histori ulasan"
"https://play-lh.googleusercontent.com/a-/ALV-UjUKYibCtzD0dmJU24dpr27J2kEm8CMrWNY_mKqRRAeml833BJI=s32-rw","Muhammad Harits","15 Desember 2025","bisa bisanya lagi main tiba tiba jaringannya hilang, padahal wifi gw bagus jaringannya, relog tulisannya mengalihkan ke pertandingan tapi nggk masuk masuk?. chat costumer service tapi nggk bisa terkirim?","","Tampilkan histori ulasan"
"https://play-lh.googleusercontent.com/a-/ALV-UjWGsb9tpx5gt5TVEwNnE001oiLeOT_66hXRbAID1-GLu2skwZ4K=s32-rw","Fahmi Nur Aulia Ramananda","14 Desember 2025","Woy montoon inget ya gamenya udh bagus yg gk bagus jaringannya ,jaringan gw bagus wifi gw juga bisa ,knp di emel ngelek yang bener aja lah lagi enak enak push rank malahan jadi ngelek ,mohon izin benerin ya .","",""
"https://play-lh.googleusercontent.com/a/ACg8ocLU9FJn48vrIYtqI5Jpcjj7Ij2S7icUJmffazwkXk26KvfaCg=s32-rw-mo","reqregum qeon","30 November 2025","mengapa tingkat ke amanan akun sekarang makin sulit,saya mau masuk ke akun 1 nya aja harus verifikasi ke gmail dulu sedangkan gmail saya sudah mati(hilang) padahal saya sudah login menggunakan WhatsApp tapi masih tetap saja harus menggunakan email mohon bantuan nya developer","","Tampilkan histori ulasan"
"https://play-lh.googleusercontent.com/a-/ALV-UjUUajtAdy7FJzdPm-0JcdZvYieZu3D8pDPi2s2jeQZOVMdXxaT1=s32-rw","Devino Vino","14 Desember 2025","game hama banyak drak sistem+bocil yang kaga tau counter sama item dalam game mana cuma bisa bales ""maaf kak kami akan menciptakan game yang komitmen"" alah jembt, gua saranin mending ke game laen ni game bikin depresi bukan bikin healing udah leg pas in game padahal sinyal bagus","","Tampilkan histori ulasan"
"https://play-lh.googleusercontent.com/a-/ALV-UjVPOp90TR2Ra7yG5DRcbYfHIVEMjWOVBRZOeN5e7Dc3Bn_31MxO=s32-rw","Yee Jin","3 Desember 2025","Mohon hilangkan perlindungan bintang sehari sekali bagi roam, banyak player noob rank tinggi gara2 perlindungan bintang, ini sangat merugikan bagi player lain, roam tidak kehilangan bintang sementara yang lain kehilangan bintang ,, kembali kan seperti dulu montoon gue cukup stres liat romaer glory game play macam epic,, terlalu mementingkan kda dan buta map","2 orang merasa ulasan ini berguna","Tampilkan histori ulasan"
"https://play-lh.googleusercontent.com/a/ACg8ocJOGxzgC7YIcSGvG4IS8sPF4bd1V1d-U5j_t8Q8nKJiGjaDPA=s32-rw-mo","Dian Mifta","15 Desember 2025","game nya bagus tapi tolong lah. kasi yg adil sesama tim antara tim musuh sama tim teman tolong kasi yg sebarah gitu dan juga tolong benerin sistem sistem yg ada di game ini kurang bagus menurut gw lebih bagus ff di bandingkan. game ini","","Tampilkan histori ulasan"
"https://play-lh.googleusercontent.com/a/ACg8ocJNfDRmKoMfF0suPqakOc-BJGoIi7J0xZNq9PLNb-2UwjTWbA=s32-rw-mo","Ahmad Sodikindarma","18 Desember 2025","ml pas akhir seson ngeleg jadi perbaiki dulu geme nya supaya player ga kesusahan saat main gw main Reng wifi bagu sinyal nya merah gimanatuh gw ga tahu yang gw tahu hanya satu perbaiki geme mu supaya player senang dan perbanyak event gratis ya monton kusayang","",""
"https://play-lh.googleusercontent.com/a/ACg8ocIIu2Tymp4m4XZRqVACz7qcASm6j5h2RULrg7NQmA6Ph0y-mQ=s32-rw-mo","Nazhirul Asrofi","18 Desember 2025","gamenya bagus tapi ga seimbang baru pertama main aja udah dapat tim yang bot apalagi di rank yang tinggi kaya Mythic,Mythical immortal itu dapat tim yang bot terus plis kasih tim nya yang seimbang jangan ga seimbang kalo ada update seimbangin dong","","Tampilkan histori ulasan"
"https://play-lh.googleusercontent.com/a-/ALV-UjUqdYNKY6Hyv5I2wqwT31Vxhr6mUa-Un0CZHI8JCN0YhXB9rOkS=s32-rw","Rhere Masheliena","11 Desember 2025","heh muntun, kasi tim yang setara sama kemampuan kita dong. gua cape push rank , selalu dapet tim yang ga bener. gua udh sabar, tapi tetep kayak gitu. tolong dong muntun perbaiki lagi match nya.","","Tampilkan histori ulasan"
"https://play-lh.googleusercontent.com/a/ACg8ocLgBUCPie12lRSmaJs37xLrUoJIyG5t_j586-LyHQIQxGywWA=s32-rw-mo","Muh Reihan","11 Desember 2025","kalo tidak niat bikin game mending tidak usah bikin,karena saya setiap kali mau main rank di match making selalu ngeleg kulu,padahal sinyalnya bagus tapi di saat mach tidak bisa masuk anehh memang","",""
"https://play-lh.googleusercontent.com/a/ACg8ocLAl04kx6I-LDKk58m58yRMrfZhH8nIkH-LdiDPQCu7NL-kww=s32-rw-mo","Budhie Kidz","5 Desember 2025","Di kritisi biar diperbaiki kurangnya malah tambah parah dark sistemnya, emang g ada niat perbaiki dark sistem busuknya. Dark sistem parah, lag parah di in game, rekan toksik musuh op dan kompak, bug di in game.","411 orang merasa ulasan ini berguna","Tampilkan histori ulasan"
"https://play-lh.googleusercontent.com/a/ACg8ocLhyj65zODeLdujYvRTZcHE44vSE2gVt34J_hMcLsDj7kxfpA=s32-rw-mo","Kevin kevin","23 Desember 2025","game tidak adil saya main kalah terus, mencari musuh yang tidak setara,, mending main honor of Kings aja.👎bukan nya game untuk menghilangkan stress lah ini game malah bikin kita nambah setres, hadehh, mending main game honor of Kings.","1 orang merasa ulasan ini berguna",""
"https://play-lh.googleusercontent.com/a-/ALV-UjUj71kz6c7zIJ4nhJbGAlq-NJiRabZDZaGWjJ_eLJ_ns5ZYrvos=s32-rw","Salma Amalia","13 Desember 2025","moonton sumpah ya sinyalnya ga karuan bgt , sering bgt ngelag pdahal sinyal full sama sekali ga bisa main dengan tenang yg ada emosi gara-gara leg , sengaja bgt kasih dark sistem di tim kita ,ah ga asik banget","",""
"https://play-lh.googleusercontent.com/a/ACg8ocJ-x-gGakUmuTtyn19jBzclNOmBg8hc88CMONaPEcHVuZtuBw=s32-rw-mo","Mas Suroo","16 Desember 2025","game seru dan bagus..... tapi tolong perbaiki sinyal waktu main solo,game ini sering ngasih lawan yang tidak sepadan dan tim yang kurang kompak","","Tampilkan histori ulasan"
"https://play-lh.googleusercontent.com/a-/ALV-UjVS1hcsZQnRtKKoxJ2JBV7mC6UvGglRuYG8TkfM_cLk3ZSOGfsD=s32-rw","eric Dharmaputra Antoliem","18 Desember 2025","Server down tapi player yang terkena sangsi pelanggaran afk, kenapa hah kalian membuat 10 player yang sedang bermain mengalami pengalaman bermain buruk dan kalian yang memberi sangsi apakah kalian tuhan yang bisa sesuka kalian?","",""
"https://play-lh.googleusercontent.com/a/ACg8ocK_SfUL1qm5ENQTaiTjArwSG-EbmQ8aZYrvhU_8cIYNKZpzpw=s32-rw-mo","Nursah Putra87","3 Desember 2025","untuk moonton ya jangan terlalu banyak kolep tambah skin, Hero, fitur gak jelas dan hal yang bisa memberatkan hp kentang karna ini sangat menggangu pengalaman mending di perbaiki dulu masalah salam dari indo🇮🇩","","Tampilkan histori ulasan"
"https://play-lh.googleusercontent.com/a/ACg8ocIT8jViM22c0z7TTJBUUU-pTEXhHw-xkWhQYY9WI144dww86w=s32-rw-mo","Al Vina","16 Desember 2025","geme ini Memeng seru disamainkan sama teman tapi kalo kita main solo rank Tim yang biasa tuh dark sistem kayak gak sebanding sama lawan.lawan itu biasanya jago jago ketimbang tim kita dan juga biasanya kan Kitakan baru download mobile legends atau udah dihapus lalu dinstal lagi itu tu yang bikin kesel tu download data","",""
"https://play-lh.googleusercontent.com/a/ACg8ocKhbCACXdb-On7Yemic7UH3wWMR1BvGjI6GpNFTUvbbXlGuJg=s32-rw-mo","luki bayu kresna Murti","7 Desember 2025","Sama aja sih ga ada yg berubah, lingkungan game ga seimbang, System sama Engine Game Tua tapi ya begitulah kira-kira Moonton, Anomali yg sungguh tidak masuk akal, joki dibiarin bebas ga di tindak, susah mau menikmati ini game MOBA yg tidak seimbang sama sekali","","Tampilkan histori ulasan"
"https://play-lh.googleusercontent.com/a/ACg8ocI1AHyClJDzNHO_59Y46IQ7mE-Nnq9qoJSy_1yO-RBQzOK_Xg=s32-rw-mo","Fauzul Kabir","14 Desember 2025","Tiap akhir seson pasti lostrek gua udah glory bintang 95 dikit lagi imortal malah lostrek sampai bintang 73, gua sih suka game nya tapi gua kagak suka sistem nya, tolong perbaiki sistem nya!","","Tampilkan histori ulasan"
"https://play-lh.googleusercontent.com/a/ACg8ocKcmudR50EhIZHoBwOQ46NCED2QQrfM0L0O9NNWJOXyXNnqOQ=s32-rw-mo","talaafandi saputra","24 Desember 2025","menurut saya game ini kebanyakan draksistem nya dan pengalaman saya untuk monton atau produksi game ini harus di perbaiki sistem mencari tim yg seimbang karna saya main selalu mendapat tim bot atau draksistem menurut saya game ini malah meningkatkan stress seseorang atau player yg main game ini karna banyak draksistem jadi saya mohon sistem monton untuk perbaiki sistemnya yg bot dengan yg bot,yang jago dengan yang jago saya sangat resah atas publik yg bermain game hanya untuk troll tolong monton","",""
"https://play-lh.googleusercontent.com/a/ACg8ocKsDej7p9bWF_xRKAKiOlzb2i10CtaZYj7hcsH7xJdJLnOWtw=s32-rw-mo","Jerrico Ginting","7 Desember 2025","padahal jaringan hp lancar² aja tapi di dalam game ngelag nya ampun kali,jaringan ku full lancar buka aplikasi lain enak tapi pas udah didalam game baru suka tiba² lag padahal jaringan hp ku baguss² aja game rusak","","Tampilkan histori ulasan"
"https://play-lh.googleusercontent.com/a-/ALV-UjXH0s8APMDZDD31PbfKw6lcdDAL1tskrm8G1FGrq41CgvXIQ2k=s32-rw","Bang Riyan","30 November 2025","kenapa setiap maen selalu di bikin BUG terus game no 1 tapi masih ngelag Payah Beda Sama Game Sebelah jaringan bagus malah di kasih ngelag terus paket masih banyak jaringan kenceng kenapa setiap maen bug terus ngotak lah orang lg maen rank selalu ngelag","",""
"https://play-lh.googleusercontent.com/a/ACg8ocKOQpcVDUpJXKmwzVDHq4466Z-teyAchfJpaRQ44mfp7Mik5A8=s32-rw-mo","Sans Mr","4 Desember 2025","makin kesini kok ml jaringan nya makin aneh pdhl pake wifi juga wifi oke oke aja tapi di pake main ml nge lag parah aku coba pake kartu biasa tetep aja jelek ini gimana harap di perbaiki mengangu sekali bukan hanya saya teman saya pun sama mengalami hal yang sama","",""
"https://play-lh.googleusercontent.com/a/ACg8ocK6Z_7GA5L8Js8pipM98ViY075SHjeRp-ZATlt8ZJDS7nLokw=s32-rw-mo","Hamdi","18 Desember 2025","Gamenya seru banget tapi pas aku main di mode rank sering kadang kadang machtmakingnya lama dan juga ngelag ngelag kalau bisa banyakin lagi heronya dan juga luasin lagi mapnya please di mode caosh clashnya bisa berlima batlle spell nya boleh di pilih sama player yang main","",""
"https://play-lh.googleusercontent.com/a/ACg8ocKJ1KmEgXcqIYsBseC-PZZz6Z0LGi7Xtfr4b-Mpz74-yBdOYw=s32-rw-mo","honey fn","17 Desember 2025","tolong perbaiki sistem keamanannya, akun w kehack orang sampe sekarang gabisa balik. udah nyoba ke account center tapi lu moonton malah nyusahin jadi makin susah dapet informasi, mending benerin tu sistem keamanan bisa bisanya akun yang udah dikaitin malah segampang itu diubah pake apl asing giliran mau w pulihin malah gagal terus, coba deteksi yang bener","","Tampilkan histori ulasan"
"https://play-lh.googleusercontent.com/a/ACg8ocKGcssVqO3OunIAvpjdwb3eSKZWGa3Szt0xz-Wi6itdn_m0xg=s32-rw-mo","Kiyai Aja","25 Desember 2025","game mobile legends asli nya seru, tetapi yang ngeselin itu ngelag nya, padahal aku main game MOBA lain lancar aja jaringan nya, pas main game mobile legends ping gak karu karuan merah terus tolong ya moonton fix ini.","",""
"https://play-lh.googleusercontent.com/a/ACg8ocJkxrZ6XJXraMq_AOJUmvgQ4hSt1PnJRXRtBNmffdRFwnO1hw=s32-rw-mo","Herdy Dian","19 Desember 2025","halo kak tolong di perbaiki lagi servernya akhir akhir ini sinyal 10ms naik bahkan bisa sampai 200ms lebih tolong di optimalkan ya kak saya soalnya kemaren baik baik saja maen ini kayak server yang dulu kok down lagi tolong cepat segera di perbaiki ya kak saya mau push imortal lagi trimakasih 😞 bintang 5 kalo sudah benar servernya.. 😌","","Tampilkan histori ulasan"
"https://play-lh.googleusercontent.com/a/ACg8ocI-q-nlBza4NqUHBRbnGsT9n5-1PNbdjBGqgm5K4zb8JkzxiA=s32-rw-mo","Tlalontha Nung","2 Desember 2025","game ini lama"" bikin gila, kenapa di saat mau naik rank selalu saja di kasih kalah padahal dah menang tapi comeback mulu musuh nya 3 kali aku bintang 49 3 kali aku gagal bintang 50 lama"" gila aku mainin game ini,tidak di rekomendasikan untuk di download","",""
"https://play-lh.googleusercontent.com/a-/ALV-UjVw2KjrrAhsoAg2cwhHuHq1h351p5ll0edVZ5N_izw-FAOZJgY=s32-rw","Dirga Azima","18 Desember 2025","ntah kenapa banyak player sekarang ngalamin masalah di draft pick, pas dah semua ngepick, tinggal racik emblem + item, dahlah ngelag parah, ganti emblem ataupun spell pun susah malah kadang gak keganti, siapa yang setuju? Dan ini baru naik season servernya down, gimana nih, tolong segera di fix","","Tampilkan histori ulasan"
"https://play-lh.googleusercontent.com/a/ACg8ocLebuMSaSP3deGelDId_zT4lappL4zDCCIxy0nNjmDvhKlu7w=s32-rw-mo","Limpung Batang","16 Desember 2025","WOI MOONTONN ni kenpa dah sistem matchmaking nya solo rank di glory tapi ketemu player tier rendah di TIM SENDIRI yg berjumlah 3 org yg satunya itu honor sedangkan musuhnya 4 org glory 1 immortal. tolong lah ni di benar kan lagi matchmaking nya","",""
"https://play-lh.googleusercontent.com/a-/ALV-UjWmdpvfis_mMpW0N50Ux1bHUCYDL8GPL5EbNdqyn7ylXleqD1vL=s32-rw","Azriel Gunawan","26 Desember 2025","ga jelas banget sinyal gua suka tiba-tiba ngeleg giliran mau main yg bener buat push rank malah sinyal nya ngelag trus ada dark sistem lah tapi giliran gua ga niat main cuma buat ilangin gabut malah menang terus gua nya dapat silver atau ga coklat","","Tampilkan histori ulasan"
"https://play-lh.googleusercontent.com/a-/ALV-UjU965jOMeO06NugIFY-sWyaOQvKH4Qf9Ly_Ym3ES4TYqga6VfZ6QA=s32-rw","Dwi aryanti Maulina","17 Desember 2025","dapet tim troll terus, gimana mau betah sm ni game. in gamenya juga makin parah, sinyal bagus, memori gapenuh tapi ngelag + keluar sendiri dari game, mana pas lagi war, hadehh","1 orang merasa ulasan ini berguna","Tampilkan histori ulasan"
"https://play-lh.googleusercontent.com/a/ACg8ocJJZwBoJGz0FGgNdQw1vy2nrYXm5emxCZaF9TMR0_a-gyFiww=s32-rw-mo","Syamsul Bachri","5 Desember 2025","game 5vs5 yg gak adil setim sama yg tier nya jauh berbeda pelit sekin, udh mah skin pada mahal di tambah main dengan setim yg tier jauh.. lebih baik pindah ke HOK.. skin murah banyak geratisan di tambah gak ada yg namanya penjoki,","1 orang merasa ulasan ini berguna",""
"https://play-lh.googleusercontent.com/a/ACg8ocKxFHZM4gluLmotWVxtpmWqoe_E__tYPwVV454KrVeaG3x6lg=s32-rw-mo","Zidane","16 Desember 2025","gimana ya saya main emel 4 jam tapi cuman naik 1 bintang saran ku gameplay di ingame nya di perbaiki kasih tim yg adil saya main duo sama temen kalah terus baru login udah kalah pas mau off baru menang gimana ini tim musuh nya rata rata glory 70an giliran tim aku mawi semua ya allah","1 orang merasa ulasan ini berguna","Tampilkan histori ulasan"
"https://play-lh.googleusercontent.com/a/ACg8ocKLO2XV6aBWl5q5fV_xeVw1pWK36ixcRZ1OVTrhIE9glbgAxw=s32-rw-mo","Gemes Acak","20 Desember 2025","game aneh dari tadi dapat sinyal lag mulu padahal main game lain sama bukan sosmed lancar jaya, bikin ga nyaman main kalau sinyal lag terus teh, benerin dulu tuh sinyal lag lag teh bukan kikir mulu","","Tampilkan histori ulasan"
"https://play-lh.googleusercontent.com/a-/ALV-UjVBIvQownX62BWo5M_VtZC900axrRDhyV2osNpsibxqqcE-zx-Q=s32-rw","Aqualeena","26 Desember 2025","semenjak update sinyal jadi sering jump...sudah pake wifi pake tsel jg sama saja, sistem skrng jg ga menguntungkan buat duo trio apalagi solo, pusing match making","","Tampilkan histori ulasan"
"https://play-lh.googleusercontent.com/a-/ALV-UjXCR_gPaf0_sAMuHeh-QCgDP2yHR1J1bCI50B2flDnufxCMne1C=s32-rw","A1296 Pratama","18 Desember 2025","moonton tolong segera diperbaiki pas udah update jadi super ngeleg di pertandingan, padahal di tik tok sudah lancar sama di game lain, aku mau main jadi gak nyaman tolong segera diperbaiki yaa🙏☺️","",""
"https://play-lh.googleusercontent.com/a/ACg8ocLgEEi5gfQigpGY6xMcU0opSbeUoC1-re9d0rC3RPCCnwaXRA=s32-rw-mo","Orson Hml1","15 Desember 2025","woi muntun niat bikin efek eliminasi ga sih,masa hampir semua efek soundnya sama ,tolong lah muntun benerin LG sound eliminasinya,,dan buat Hero marksman PD didinerrf begitu jg build nyaa ,,skrng kebanyakan Hero bisa nyulik (membunuh Hero yg ditarget)tolong lah balikin LG mm gw yg dulu","",""
"https://play-lh.googleusercontent.com/a-/ALV-UjWsROjyb0UDHBbxwdJU-rGlWaM35YaA5smtkBsr0GUi5Lll0_NuHA=s32-rw","Sevira Ramadhani","24 Desember 2025","apaan sih monton lama lama jadi gaenak dimainin, sering lag juga, klo lagi main kasih tim yg setara dong, masa tim sendiri ga jago tim musuh jago semua ga adil bngt lama² moonton, sering lag² ga jelas lagi","",""
"https://play-lh.googleusercontent.com/a/ACg8ocLnp8jlPIHyKT8UpaOg4irgvBsXs_z_g4gTbb0Gr0D28GGkOQ=s32-rw-mo","Ahmad Yopi saputra","5 Desember 2025","Game Nya jelek sekali Masa tiba2 main sinyal penuh kok ngeleg g ada perbaikan sama sekali trus ketika maen teman squad di kasih bot g ada perbaikan sama sekali sangat kecewa","",""
"https://play-lh.googleusercontent.com/a/ACg8ocJC8v038XxZlyUO6ayCZF7lw7Db52_NiGr6pEuMmTNVbP2Sdw=s32-rw-mo","Wisnu Kebal CC","15 Desember 2025","gem aneh banyak bug salah satunya ga bisa login padahal lagi spin event tinggal sedikit lagi malah gak bisa login terpaksa download ulang mana donwload data nya lama lagi","","Tampilkan histori ulasan"
"https://play-lh.googleusercontent.com/a/ACg8ocJt0D8iS7jdNPB8z0_U4d2ZO35fgxeycjkLPNFA4BlAVnewpQ=s32-rw-mo","Dwi Nuraisya","13 Desember 2025","Game ny bagus cuma tolong itu perbaiki game ny soalnya pas main sinyal nya hijau TPI mlh ngelag.ini tuh dh bagus game ny cuma sinyal nya itu loh.maaf Kukasi bintang 2 karna sinyal game ny tolong di perbaiki ya moonton","",""
"https://play-lh.googleusercontent.com/a/ACg8ocKnCkhvUL7DQajjTpBvtgEm0AXnI8h6f2LL023tGZLowX25rA=s32-rw-mo","Anjelia Feronika","25 Desember 2025","data lancar pas masuk lancar kenapa pas mau masuk pertandingan ngk bisa padahal data aman² aja tiba stuck di 30% yg lain udah 100% dicoba keluar stuck aja disitu terus gimana ini????","",""
"https://play-lh.googleusercontent.com/a/ACg8ocLmJzXJA2VROqwNFCPOfXZdY7Pciclk3ZTlIrF7_SbQi5iFxw=s32-rw-mo","Adzkia Samha","15 Desember 2025","kenapa jadi menghubungkan terus sih padahal data ada signal bagus , wifi juga signal bagus tapi menghubungkan terus dan hubungi customer service terus,, coba lah di perbaiki","","Tampilkan histori ulasan"
"https://play-lh.googleusercontent.com/a-/ALV-UjUqVLIi5cw1K1vIEigbrsp_Vtb5GZikYT2DVnXDnXZ9VVDaKj8=s32-rw","Kukuh Gaming","18 Desember 2025","ga pernah di kasih menang , selalu dpt tim suka troll , main game ini ga pernah hoki dan saya selalu mendapatkan musuh yang tidak setara, game rusak, kalau ngasih tim yang bener lah, game ga jelas, game dongo, adil adil mana buktinya. kalau emg bikin game yg ga pernah adil mending bubar aja ini game sampah, dapet tim hama semua","","Tampilkan histori ulasan"
"https://play-lh.googleusercontent.com/a-/ALV-UjUqtyANTA0V5nB8LTZSwHFq9HR7zVinVkdWHJk6RgHUzpG6dd2S=s32-rw","Ragna Crimson","7 Desember 2025","dear Monton, game lu udah bagus. tapi servernya tolong di perbaiki.. masalahnya jaringan di tempat gw lancar, kok di in game Pingnya merah? gimana dong mau main? masa main harus emosi terus?..","","Tampilkan histori ulasan"
"https://play-lh.googleusercontent.com/a-/ALV-UjXYegtyKUWVJ7sjpKre1R60c23lkQ5RHw1ynEzPpDN5ZyOamgE=s32-rw","Viandra","14 Desember 2025","udah bagus tpi penempatan lane nya agak rusak soal nya saya di jadikan roam sementara saya player exp nah smntra yg exp kala itu gak pernah main exp,cuman 1 kali,hero pun chou,dia seringnya mid lane sama hyper/jungle","4 orang merasa ulasan ini berguna",""
"https://play-lh.googleusercontent.com/a/ACg8ocKzqEG0uiC3YBAwGEDagEHNQ62QUbkOY7pQZTcQ6sH5-ZLRUQ=s32-rw-mo","Ryuuu","15 Desember 2025","tiba tiba banget pas main rank game nya tiba tiba menghubungkan kembali, terus pas coba relog ga mau masuk ke pertandingan rank nya apa coba 😡😡 padahal jaringan aman semua di fix dong moonton","","Tampilkan histori ulasan"
"https://play-lh.googleusercontent.com/a-/ALV-UjWEZ_Jb0FGBXU9q0oiaQFPOKOmsNL-urN5s3DlaG-wNVk1AaLcl=s32-rw","BoveSat Satrya","16 Desember 2025","server nya ya montoon tolong di benarkan saya main patah patah padahal hp baru beli signal full pas nge pick hero nge freeze bukan cuma hp saya teman teman saya pun juga mengalami hal yang sama tolong saya benar benar minta tolong agar server nya di perbaiki untuk kenyamanan player seperti kami tolong baca ini saya sudah muak dengan server yang patah patah begini terimakasih🙏","","Tampilkan histori ulasan"
"https://play-lh.googleusercontent.com/a-/ALV-UjVSMQaxqNH4JzDVswKGgJPH8Y0NpaEdNSbiO1oTEJWH6lhasL38=s32-rw","Rican Achon","23 Desember 2025","selamat tinggal mobil lagen. game ini seru tetapi banyak kecurangannya oleh pihak mobil lagen, conto jika rangk nya Uda 1000 main, maka tim kita itu paling 30 main, jadi tim kita itu selalu bodoh dan tolol supaya lagi biar kita kalah, dan mkita terus memainkan game ini, agar pihak game ini buruntung, kalian yang main game ini jangan terlalu sering, ingat keluarga dirumah ... jngn memaksanskan","","Tampilkan histori ulasan"
"https://play-lh.googleusercontent.com/a/ACg8ocL_tYxSGDWAyh2xpLFM2-hyqKVJ6iRVw3M_fX9bg8HQ4xTOig=s32-rw-mo","Kairul Anam","15 Desember 2025","game anj, kenapa pas gw war malah nge lag? momen nya selalu ga pas, entah tiba² hilang sinyal atau relog, kebiasaan jaringannya ga bisa stabil sering kena comeback gara² ini","",""
"https://play-lh.googleusercontent.com/a/ACg8ocJK0vMK_H4w_cXQSxdVjcwJwghyktDKpsMfTbY6gxpubRfnyq8=s32-rw-mo","Isnani Novita","16 Desember 2025","game apa ini. udah banyak bug nya, pemainnya gaada yang bener. cuma mau mengasih saran kalau player berbuat buruk di game jangan hanya dikurangi kredit score nya saja. dikarenakan perbuatan dan sangsi nya sama sekali tidak seimbang jadi mohon player yang berbuat buruk bisa dihukum SEADIL-ADILNYA","",""
"https://play-lh.googleusercontent.com/a/ACg8ocLtstiHYBf-eyUOxUFQpymbjXonQa3jZDsG3RrJfeZhRGI7_g=s32-rw-mo","Abdullah romadon","19 Desember 2025","semakin tahun kualitas game nya ampas, mala tambah menurun tingkat profesional nya, ngeleg para trus !, lama lama seperti game HOK kualitas nya ngeleg para end pemain terlalu banyak drak sistem","","Tampilkan histori ulasan"
"https://play-lh.googleusercontent.com/a/ACg8ocLnj9-KT42Mg76uDSB4shWB5UWFak54Hh91eBt6FVrjCzyDtg=s32-rw-mo","Irma Gevira","16 Desember 2025","Game bikin stres aja Saya lose streak 6 kali menang 1 kali pun gk bisa game haram Buang buang waktu saja!! , ngapain saya dowload game ini kalo gak dapat victory saya begadang gak tidur gak makan tapi malah mengurangi bintang apa gunanya?😡😡","68 orang merasa ulasan ini berguna",""
"https://play-lh.googleusercontent.com/a-/ALV-UjUS1LaCCJ5W30Xg4fIqZD5BNa7MiRzbYk_3TF0jd3kKuR3fpeLf=s32-rw","FrontStyle ID","18 Desember 2025","game rusak, ngechat ga bisa masuk lobby ga bisa buka profile ga bisa mainin event spongebob lagi masak tiba tiba balik ke tampilan awal padahal akun saya tidak terkena hukuman atau sejenis nya dan sinyal saya lancar","","Tampilkan histori ulasan"
"https://play-lh.googleusercontent.com/a-/ALV-UjUfKYI4igqIiDeLnB8VjERhF7_CRa5aryUumZuN3e2cAcbZSJo=s32-rw","Frenly Marbun","2 Desember 2025","saat saya main selalu kalah karena moonton ngasih musuh gak ngotak muluh maka dengan ini saya memberi bintang satu untuk game mobile legend padahal dari dulu ini game favorit saya tapi semua berubah saat hal ini terjadi","","Tampilkan histori ulasan"
"https://play-lh.googleusercontent.com/a/ACg8ocLwcSSwQA9E6ESVlFf7nzOzLJHTFTtCV4ZlOkthYvi-urXT2w=s32-rw-mo","Ananta Riski","24 Desember 2025","makin update makin lag. habis draft pick mesti ngelag aku sering salah emblem gara"" lag. tim nggak seimbang kadang dapet roam bermasalah, kadang mm bermasalah kadang hyper buff number 1 GK ada kontes turtle/lord, kadang mm brawl gak ada rotasi, roam juga cuma bisa mondar mandir open map doang gak ada team fight sekalinya roam tigreal montage nya spek kiboy. tolong lah... montoon","","Tampilkan histori ulasan"
"https://play-lh.googleusercontent.com/a-/ALV-UjXKLoWhgbIoFaM8OobQeIUAbGJpTJkJ9OhYB6hCUTqH1A1JNeSy=s32-rw","Padhilah Rasajati","18 Desember 2025","sekarang baru turun season, niatnya mau naikin malah setiap game yang gw mainin barusan lag parah, tim gw juga sama pada ngelag, tapi anehnya musuh ga ngelag dan ini awal season yg sangat buruk, karena jadi lose treak","",""
"https://play-lh.googleusercontent.com/a-/ALV-UjXlfjl_eQpCLklUNR4efGRuJusOBslvKYPqQWTb3mOlkwT0NOE=s32-rw","Tahta Adiasya","20 Desember 2025","nah sebelumnya banyak pemain dark sistem sekarang tiap main rank jaringan tidak stabil tapi sinyal data atau Wi-Fi bagus full ini g mana nii jelek kali mobile legend sekarang apa kalian kewalahan banyak pemain yg jago2 sehingga kalian buat gangguan d sistem ntah sinyal atau dapat tim dark sistem.game honor g gitu,pasti jelek sekarang","2 orang merasa ulasan ini berguna","Tampilkan histori ulasan"
"https://play-lh.googleusercontent.com/a/ACg8ocIIs6dH-CloD_GweFsy9JDdcF7AKMmdsYCT-s1mzOd8fHl4Ew=s32-rw-mo","hesti hapsari","19 Desember 2025","MOONTON game update sekarang kok ngeleg bangetnya padahal saya sudah mengahapus aplikasi lainya lo wifi juga udah bagus sinyalnya emang ini gara gara apanya tolong dong MOONTON ini di perbaiki dulu karena ngeleg banget Terima kasih","4 orang merasa ulasan ini berguna",""
"https://play-lh.googleusercontent.com/a/ACg8ocIWTOOO-8U_vj8uTKCvppzEEYabNw9nmqAiULupMRX3apCDKg=s32-rw-mo","Jubay Jubay","15 Desember 2025","game nya seru tapi minimal kalo dah LS banyak kasih lah menang 5 ke kalo ga berapa masa gw udh LS 11 kali menang baru 2 kali Ama tim nya ampas bgt tolong Ama tambahin fitur yang buat memperbesar map minimal Ampe 100000000 lah biar kaga pada buta map","",""
"https://play-lh.googleusercontent.com/a/ACg8ocKLPv3JuMLm9IbhvNbJiAvybcEI325B8noHsKQpUgTsfNU7i1c=s32-rw-mo","Ibnu Bakri","14 Desember 2025","Keren banget gamenya, gw dapet tim gak becus, mana gw lose nya lebih banyak lagi daripada menang, gw doang yang mvp, tim dongo semua, musuhnya title semua, game apanih, mending pindah ke HOK gw daripada darah tinggi disini, HOK walaupun kalah tapi masih dapet bintang, lah ini apa??, gila doang mah yang dapet😹😹, mana kikir, gw doain cepet Moonton bangkrut!!, yang bikin rame aja indo, event nya kikir, jelek, gak bagus buat masa depan😹😹🤓☝","1 orang merasa ulasan ini berguna","Tampilkan histori ulasan"
"https://play-lh.googleusercontent.com/a-/ALV-UjUtvAnnzNNJq9Irl5jT27-2nS-kneoHrkE7FIHBNYzPyxMS_JA=s32-rw","Muhammad Hasby Alhakim","18 Desember 2025","woi lah njrr gua tiap mau in game ga di draft pick ga di in game delay mulu coo, ayolah monton hilangin Lah hal hal delay itu, ram perasaan udh gua hapus nyisa 11 gb malahan, malah delay aja anjir sama pls lah ton ilangin. Sama aja kak mau ganti jaringan juga, tetep delay pas draft pick maupun loading screen nya","","Tampilkan histori ulasan"
"https://play-lh.googleusercontent.com/a/ACg8ocJUTdMrUoBZol5ceHwQQzSSpZ1825vuCZAq85JLKTNW2EJgOA=s32-rw-mo","Yu Zhong","20 Desember 2025","bagus si, tapi selalu di kasih tim yang gak setara, terus kalo main solo selalu ketemu duo, trio yang gak jelas main, kalo boleh saranin, player solo tu harus di temuin sama player solo semua si biar bagus gitu","",""
"https://play-lh.googleusercontent.com/a/ACg8ocJsax6LCsW4qJ3C9nWBHefbiAgG7e6vIwVZzZNiogtNmdj9Jg=s32-rw-mo","wira","11 Desember 2025","aplikasi game terburuk!!! ,penuh bot , match making tidak seimbang ,lag tiba tiba saat sinyal bagus, jangan download bagi yang belum ,bagi yang telah download mari berikan bintang 1 agar game ini diperbaiki !!!","1 orang merasa ulasan ini berguna",""
"https://play-lh.googleusercontent.com/a/ACg8ocKQQzuSFaswTtXBGXYag_Emki8PqfZrnJF08j4y-PTrhDWZ2g=s32-rw-mo","Balqis Collection","12 Desember 2025","game ga bagus, suka ngelag, nge frame, padahal apk yang ga guna sudah di hapus + foto ga guna, sampai apk yang ku sayang ku hapus min, bugnya perbaiki ya,","","Tampilkan histori ulasan"
"https://play-lh.googleusercontent.com/a-/ALV-UjU66zv6DbOPVqHTyx-gnhmlgZnDWjuG_0s23V3NDgrtf_iQFKo=s32-rw","Miko Tatsuya Sora","22 Desember 2025","saya kasih bintang 5 bukan karena bagus yah, supaya ulasan saya paling atas dan dapat di ketahui oleh orang lain. jadi permasalahan nya di pembagian tim moonton developer nya tolong di seimbang kan, player mu udh effort banget mau main tapi dapat tim dark sistem tidak bisa main, tolong lah moonton jangan bikin kecewa player mu udh hampir 50 match ketemu tim ampas semua dan pemberitahuan terbaru bahwa match di ml sudah di permainan kan oleh moonton di balik layar","","Tampilkan histori ulasan"
"https://play-lh.googleusercontent.com/a/ACg8ocI8_wIzMiVPHOhnfY0DFIWj0WFi3koTjSZmGMs751CkUgIR=s32-rw-mo","Adam Najamudin","15 Desember 2025","gimana ini dev, kok saya mau login aja stak loading screen mulu bar kuning nya gak full kocak padahal gak pake script ataupun modifikasi game tertentu, hadeh tolong di fix ini moonton!!","",""
"https://play-lh.googleusercontent.com/a/ACg8ocKdp5MjBDFG3bPNTqK8FG1aRgG3arYlsqKJBqRdgCY7t3-BtA=s32-rw-mo","Alien en","21 Desember 2025","kenapa si setiap update terbaru game tambah berat ayolah Monton masa iya sekarang hp android udah ga support buat main kadang ngeleg kadang stak ayolah tolong pikirkan juga orang² diluar sana yang senasib kaya saya kan mereka main cari hiburan, bukannya dapet hiburan malah tambah stress tolong Pihak Monton diperkecil lagi rate fram nya saya udah main game dari 2020 sampe skrg tambah berat aja ini game sekian terimakasih","","Tampilkan histori ulasan"
"https://play-lh.googleusercontent.com/a/ACg8ocLGguDW2pUE9LNSc5SvfDZw1gG7g_owbBN6riewq0wa8AaX-A=s32-rw-mo","swallow","11 Desember 2025","niat main mobile legends buat hilangin setres malah tambah setres, main solo dapat tim komputer semua itu musuhnya dikasih yang jago, tolong dong kalo musuh jago di kasih tim yang jago juga","","Tampilkan histori ulasan"
"https://play-lh.googleusercontent.com/a-/ALV-UjXej09o1RB-wgiBNlcOONxCWR8rvS2i-SbJu_94IKd5oug7HKiT=s32-rw","izil Akbar","7 Desember 2025","Hallo,selamat Malam Kepada pihak Moonton Tolong perbaiki bug jaringan yg selalu lemot padahal di game game lain itu lancar lancar aja tapi pas saya memainkan game ini menggunakan data nge leg nya gak minta ampun☺️","","Tampilkan histori ulasan"
"https://play-lh.googleusercontent.com/a-/ALV-UjVrZeWHIDFGg3FwQRLJcO7M9XkQJ0NbGWvH283NGvEOKk2jTfg=s32-rw","Shooting Starr1.","19 Desember 2025","sebelumnya maaf kalo emang ini dari hp saya nya aja, tapi semenjak update patch pasif hero benedetta jadi kadang macet² lagi moonton tolong di fix kalo emang salahnya ada di gamenya🙏🏻🙏🏻. Thxx","",""
"https://play-lh.googleusercontent.com/a/ACg8ocJQLRRHMLMB8IxczG10SbAAyogAEU2jgc0f4BgovDOqKj89_w=s32-rw-mo","Putrarealme","3 Desember 2025","apaan matchmaking gak sesuai, masa ia glory b70 bs ktemu legend, game gak jelas, banyak player2 yg tolol di tim sendiri, sedangkan tim musuh dikasi tim yg bs main, match making aneh ini game masih enakan di hok, dikasi tim yg setara di ml, match making, timnya aneh pas main solo, rusak ini game main solo, game aneh game rusak ....","","Tampilkan histori ulasan"
"https://play-lh.googleusercontent.com/a/ACg8ocIjoKHfVCcMU1-D-zgMon8mz9BNdfA9vBwsEViz5EHjglGLOQ=s32-rw-mo","Zulha Nedi","19 Desember 2025","permainanya seru tapi yang bikin saya marah kan saya dowlott nya baru 17 Des sedangkan update nya itu 8 Des knpa saya pas mau login kemaren katanya update dulu?padahal kan bisa pas di download ituu!tolong perbaiki lagi!!","",""
"https://play-lh.googleusercontent.com/a-/ALV-UjUCkz52tXqXhjBA0riImvaeCvCWXFAV7wtUMYRn0XHXWsOkff5W=s32-rw","Vio Reihan","30 November 2025","semakin kesini semakin aneh, terutama di jaringan. udah pake data + wifi malah makin ngelag ketimbang make wifi doang. bukannya di perbaiki malah makin parah.... hadehhh bintang 1","","Tampilkan histori ulasan"
"https://play-lh.googleusercontent.com/a/ACg8ocKxA_ykEjt-l-ETNV8W-tlI13TBevq7y8SwMx5Wx-Dj-rsQrw=s32-rw-mo","Ade Nuralim","18 Desember 2025","kok jaringannya lag ada apa ini sedangkan pro player jaringannya bagus bagus aja? masih jadi pertanyaan emang HP ngaruh ke jaringan? minta ganti bintang gw. GAME RUSAK?!!! KASIH RATING SATU BIAR JELEK!!!","","Tampilkan histori ulasan"
"https://play-lh.googleusercontent.com/a/ACg8ocJhgBgpQLpxKgYOD9kMvzdxVUhxJMwcl1UbUz88l2eBM4XZzQ=s32-rw-mo","Burhansomi","24 Desember 2025","Event ilang ilangan jir kadang muncul kadang gaada di menu event, aku klik satu2 dari atas sampe bawah gaada padahal udah berkali2, event misi yg kayak main bingo kqlau uda slese misi satu garis dapat hadiah","","Tampilkan histori ulasan"
"https://play-lh.googleusercontent.com/a/ACg8ocJtcqZqmbcLIpVFL8rjCC6w5HN6cftPwaGRVfptktVnZ37pxg=s32-rw-mo","Havidz Maulana","17 Desember 2025","Suka bgt main mlbb,walaupun sering ketemu lawan ex glory/imo sedangkan tim sendiri kalo g mawi ya honor,susah senang main ml sekarang udh lumayan jago tapi temen temen udh pada g main ml lagi jadi kangen masa"" pas main ml bareng kaya dulu,sekarang ml grafiknya udh lumayan bagus udh hd byk skin"" bagus event menarik suka bgt bnyk event menarik seru"" banyakin colab sama kartun aj developer saran dari ak dah itu aj sih.😁❤️🔥","","Tampilkan histori ulasan"
"https://play-lh.googleusercontent.com/a/ACg8ocLVTnqu60lU5AIbRvTb3Dtn31ua5It6gBO8rARZnk2zmX2VRw=s32-rw-mo","murdiyanto123","25 Desember 2025","permainannya seru tapi ada bug. bug nya ketika udah sampai 100 semuanya gk bisa di mainin malah tetep di situ aja tolong diperbaiki ya. 🙏🏻🙏🏻","",""
"https://play-lh.googleusercontent.com/a/ACg8ocJC2pSndHdTn5jO7U6YhJvHyWjwaBzdjX2mlaEhvCjipMbZ3A=s32-rw-mo","Kartini Appang","17 Desember 2025","game nya bagus . game play nya juga bagus tapi tolong masalah jaringan nya di perbaiki kadang kadang jaringan nya ngelek padahal jaringan ku bagus kadang juga gerak sendiri. sama biasa ngestuck di yang sebelum masuk ke lane of down bisa sampe 5 menit nge stuck nya","2 orang merasa ulasan ini berguna",""
"https://play-lh.googleusercontent.com/a/ACg8ocKKaZgjYofIAVcpEukzWYLhPtwjFP5trhQVAD54zhkTTZX5Fg=s32-rw-mo","Galih Adi putro","13 Desember 2025","Server perbaiki, game play perbaiki, jangan cuma ketakutan kesiangan game lain, dan cuma tampilan yang diperbaiki, enginer ganti aja kalau terlalu tolol","",""
"https://play-lh.googleusercontent.com/a/ACg8ocKxbHDK4-prCyCz7nSNtch8_-RQ1M0r7F3TjoF89bClqS_wuw=s32-rw-mo","Lutfi 6661","29 November 2025","ini game lama lama tolol , masak iya player solo di kasih tim romawi musuh nya ex immortal , udah makin berat game nya , ngasih tim ga jelas ,sistemu error atau gimna tun muntun ,masak Glory harus setim sama romawi .dahlah uninstall,ex immo musuh setim banyak yang romawi .","","Tampilkan histori ulasan"
"https://play-lh.googleusercontent.com/a/ACg8ocLYk3OzSAQbpMqMtALA0neXe3W9a-5bjNbg1ibt3gcZJGyiyw=s32-rw-mo","Rafi A.F.","30 November 2025","Harga kosmetik di Mobile Legends terlalu mahal, sementara detailnya kurang diperhatikan. Contohnya skin Selena Zenith memiliki efek recall hanya di mode elf, sedangkan di mode iblis tidak ada. Seharusnya, dengan harga yang tinggi, detail seperti ini harus lebih diperhatikan agar skin benar-benar sepadan dengan harganya. gua bikin B5 supaya ada kemungkinan ke up dan di baca oleh Moonton. menjijikan","","Tampilkan histori ulasan"
"https://play-lh.googleusercontent.com/a/ACg8ocIafLFuEmNFjEvqBEia4A6kDmPbbng00er_s7smNd4WX0CEiA=s32-rw-mo","Rini Subarjo","18 Desember 2025","gamenya bagus, tapi jaringannya perbaiki lah moonton lagi main tbtb lag pdahal jaringan bgus, trus gerak² sendiri ga bsa digerakkin, tbtb pas udh slesai di cap afk pdahal dari tadi lah ga bsa digerakkin","",""
"https://play-lh.googleusercontent.com/a/ACg8ocJKicR54cc74zHpLkUE2qMpO6YP8jrSygBj8ij51n5Akxb75w=s32-rw-mo","Zakia Khoerunisa","18 Desember 2025","game ny diperbaikin y udh jelle banget sekarang. jaringan lancar pas main ngelag parah g gerak2 , pas mau tanding juga langsung keluar dari game padahal ngga pencet apa2 g ush buat hero dulu mending di perbaikin aja deh game ny makin gaje , season rank turun + jaringan jelle sapa yg ga emosi coba??","",""
"https://play-lh.googleusercontent.com/a/ACg8ocIQiEGrBaDn5koPIfyyi6TicRdWQyf91qWwusEbvjNoudljXw=s32-rw-mo","Marna","15 Desember 2025","sangat kecewa bukan satu kali dua kali ngalamin kaya tiba tiba lag terus menghubungkan ulang dan itu lama. padahal jaringan ok ok aja di pake aplikasi yang lain lancar","",""
"https://play-lh.googleusercontent.com/a/ACg8ocJ2xzDDEVYVCGWXTcvBSZAkPo0uQCgKCjjY40JvJCkCWKAQlA=s32-rw-mo","iceum Bango","17 Desember 2025","buat moonton tercinta dan terbaik mohon untuk kasih musuh yang setara ya gua udah lose streak udah bukan turun bintang tapi turun rank buat moonton tolong ya gua selaku player solo belum pernah menang!!!!!!!","1 orang merasa ulasan ini berguna","Tampilkan histori ulasan"
"https://play-lh.googleusercontent.com/a/ACg8ocJxdl5ahTJ0Kbzb6DSuIj6_b9rt40RU7RUJ_xsL_LwNlzH4Vg=s32-rw-mo","Taid Taid","19 Desember 2025","maksudnya apa coba setingan bahasa udah di rubah ke Indonesia tapi beranda tetep inggris, udah di coba berbagi cara tetap gak bisa lapor cs kurang responsif, gimana sih elh.","",""
"https://play-lh.googleusercontent.com/a/ACg8ocIXHzfxsow6nIJV8efoToNXRH1cxMQhT_AacrBMYgzj9raIBA=s32-rw-mo","Sultan Power","3 Desember 2025","sering kali ketemu tim yang GK sesuai jiga kita mau naik ke rank tertentu pasti aja gebrakannya tim yang jelek sinyal yang kurang bagus padahal pake game lain lancar aja sinyalnya gitu lah maaf kasih bintang 1","",""
"https://play-lh.googleusercontent.com/a-/ALV-UjUuM5UjfKrmv0WtgiOLwT6loLh8EetX4ioFQxBnTwelNW4GGP0=s32-rw","Ridho Pangestu","7 Desember 2025","ga usah di mainin ni game rusak dapet tim kg jelas mulu,drafpick ga simbang ,bisa bisanya rank glory ke atas masi ada anomali tolong diperbaiki maen dari dulu , sama aja banyak anomali","","Tampilkan histori ulasan"
"https://play-lh.googleusercontent.com/a/ACg8ocL5f4zvVH7YQfAOAxKE-5sJN_Z5tPZzmjDfNP9ll8aGBffk=s32-rw-mo","Alpha Dwi Putra","4 Desember 2025","tombol skill di dalem game nya sering ngebug ajg, padahal di pengaturan normal tapi pas maen malah tombol skill Segede jempol kaki semua, udh pengen 2026 masih ad bug game ajg","",""
"https://play-lh.googleusercontent.com/a-/ALV-UjVmmyrQeAV3NX-5eKvaj7nUYVgwWkS619fLP3J82E8T-jlfCIo=s32-rw","Fahri ilham Ilham","18 Desember 2025","kenapa saya beri bintang satu , karena di alur gemnya itu sangangt sangat membagongkan , sinyal ijo tapi ngleg ayo lah moonton benerin lah server nya biar bisa main normal lagih seperti biasa nya saya main pokonya geme nya sangat sangat bikin naik emosi , mending gak usah ciptain geme MLBB kalo gitu mah huhhh","",""
"https://play-lh.googleusercontent.com/a/ACg8ocJ-7-IRUpKvNY8Q1-hW5bRj9REUnG6DuN1EUZYzxppVbcL1-g=s32-rw-mo","desy lubis","12 Desember 2025","game bikin kamu gila mending jangan download main dari jam 12 siang sampe jam 5 subuh turun 3 bintang win lose mulu draf pick diatur menang sekali kalah 3 kali pokoknya ini game ga beres dimohon diperbaiki saya juga capek main","",""
"https://play-lh.googleusercontent.com/a-/ALV-UjVhicQVUr7JnE7hgwEB5M5cLqOA9gBeaUS22X7Uf_xzifpV2pE=s32-rw","Los Santos","19 Desember 2025","saya kasih bintang 1 dulu semenjak update terbaru pemain banyak yang mengeluh soal jaringan lag parah,padahal sebelum update lancar-lancar saja. Tolong pihak moonton segera di perbaiki bug tersebut","","Tampilkan histori ulasan"
"https://play-lh.googleusercontent.com/a/ACg8ocJ9tKX0bKIv2eNc4F8rwwvrt5Cwhi79WGGTfNr9dhZG_KJZ9g=s32-rw-mo","Ical Widiya","4 Desember 2025","game Ter tolol yang pernah gue main adalah mobile legends karna ap jika kita mau satu bintang lagi untuk mencapai titel baru atau naik rank disitu pasti ada banyak sekali keanehan mulai dari tiba tiba leg lah ,trus jalan sendiri dan pasti banyak keanehan jadi seakan akan kita main itu ngk bisa jago karena di kendalikan oleh monton sumpah monton game loh paling buruk yg pernah ada","",""
"https://play-lh.googleusercontent.com/a/ACg8ocKFqJjmF_7WsBmir4n5D2O8EOa4XaW3zDanruXZSUduKjlEuQ=s32-rw-mo","Nasmi Naila","2 Desember 2025","wata hahahaha lucu moonton sudah memberikan pengalaman paling buruk!!! yaitu setim sama dark sistem yang tidak ada habisnya. dan mactmaking yang tidak seimbang musuh makin naik makin jago sedangkan tim nihil moonton terimakasih kasih kepada moonton pengalaman paling buruk. dan game ini membuat saya gila","8 orang merasa ulasan ini berguna",""
"https://play-lh.googleusercontent.com/a/ACg8ocJ0EGq2DPmVYUb7Qcc3v-gUUt60t3EJY07xR9cdw3vEhEHgOQ=s32-rw-mo","Rafa Syahbani","2 Desember 2025","saya keberatan dengan tim yg monton kasi ke saya karna isi nya dark sistem semua jadi tolong di perbaiki gara gara tim, saya jadi lostreak berkali-kali jdi tolong lh monton kasih saya tim yg lebih berguna dan yg bisa berkerja sama","","Tampilkan histori ulasan"
"https://play-lh.googleusercontent.com/a/ACg8ocIlzkcTCXA_PsnOMo8H58YoeGVsAwBxjwx4YhQd2MboLfdkZw=s32-rw-mo","Ɉɑ२िWʘ ❽ƁƤ","13 Desember 2025","saya sudah suka tapi menerut sya tolong di kasih lawat bot buat orang yang tidak menang menang mau itu pagi mau itu siang kalah jadi game yang sudah bagus tapi terkadang ada juga yang trol jadi game yang sudah seru tetapi mohon yang trol tolong di kasih peringatan","",""
"https://play-lh.googleusercontent.com/a/ACg8ocI7wlzl-NVtY7GlznPbFd7bRxiX5IVMuKIsI8CpYdQC6nQ77Q=s32-rw-mo","Zaenal Aripin","18 Desember 2025","Game Super NGELEG, Bukannya UPDATE makin Lancar jaringannya Malah Makin PARAH. Game play Terburuk. Tidak membuat saya senang malah STRESS. Tolong kurangi UPDATE, Lancarkan jaringannya","","Tampilkan histori ulasan"
"https://play-lh.googleusercontent.com/a/ACg8ocIA37AaZgAaSraomLQ3edK13-TnqKO9yx3EUg2hqKTL0UUmKw=s32-rw-mo","Kristian Risma","15 Desember 2025","sangat buruk sekali permainan mobile legend skrg tidak asyik dan tidak rekomendasi.. kuota bayak jaringan bagus sekali pas masuk main game malah leg parah gak bisa gerak sama sekali dalam permainan ya parah parah busuk sekali","",""
"https://play-lh.googleusercontent.com/a/ACg8ocKSxYLYh-jJeL5uZmOTMA7iMSYCN9ztYPLxZWBLU2ChW28SiQ=s32-rw-mo","Ferdy Nand","1 Desember 2025","min gw saat lagi main tiba tiba jaringan ngelag tapi pink gw bagus gw coba keluar dari game masuk kembali tapi hasil pertandingan kok kalah padahal seharusnya masih main tolong di perbaiki min","",""
"https://play-lh.googleusercontent.com/a/ACg8ocIrd9lsxuVapRppQn3Y9INXZd2-ivpp4oSWNPiObUxRqlST2A=s32-rw-mo","Alimun Bakhri","11 Desember 2025","Min di hp ku kalo di mode drafpik saat mau ke gamplay sering fremdrop,jadi kalo mau ganti emblem atau spel susah. Terimakasih min udah respon dan saya udah menerima email di in game.","","Tampilkan histori ulasan"
"https://play-lh.googleusercontent.com/a-/ALV-UjUagGqdRlJ9S8eoGfaJdmHJaVCcQGBxzf_XE3Oo-Z6ohrm5iX5y=s32-rw","Dimas Triantanu","7 Desember 2025","Game bagus!!!!!!!!!!!!!!!!!!!!!!!!!!!!!!!!!!!!!!!!!!!!!!!!!!!!!!!!!!!!!!!!!!!!!!!!!!!!!!!!!!!! tapi sayang montoon plis dong saya menang 9, 9 kali kalah mvp trus macam apaan tim nya kaya bot gitu dapatnya gua mau pensi dari mobile legend cape asli serius trus main game emosi saya aja ku pengen naik ke imortal susah amat tim random sama aja, solo ketemu bot njir lah tambah lagi alesan trus lag, lag kebanyakan, misalkan nanti season berikutnya masih gitu saya beneran mau Pensi asli","","Tampilkan histori ulasan"
"https://play-lh.googleusercontent.com/a/ACg8ocLGjo1ejUGT-CuzK0v5Bis3roPksQuXIyji-K8httdDAA3tJw=s32-rw-mo","Iluvia Alev","7 Desember 2025","Fiturnya kurang setiap update antara buff dan nerf,sebaiknya di berikan kuisoner ke pengguna agar jelas mana hero yang mau di tuju (untuk buff ataupun nerf), developer banyak tipu dari segi gacha diamond, dan jaringan koneksi harus di perbaiki.","",""
"https://play-lh.googleusercontent.com/a-/ALV-UjWufiMS3eejioF6PYcCh8Rg6tU0_zq0SYHw2atCdCu4ZJq30Tk=s32-rw","Destian Baihaqi .A.","15 Desember 2025","Gamenya udah bagus, tapi sitem nya itu yang bikin player pada kesel/emosi saya udah kalah 3x terus di kasih menang sekali sampe kalah berkali kali (5x), mvp juga ga ada protecsinya hadehhhhh","",""
"https://play-lh.googleusercontent.com/a/ACg8ocJYbR3Bpre4dU-3cCzgIYTm034VgCIz20AYTrVppTOtjMYC1w=s32-rw-mo","Adit iya","18 Desember 2025","untuk disegala aspek game nya cukup bagus apalagi dari segi event yang menarik, tapi ada satu problem dari dulu sampai sekarang yang belum diperbaiki oleh sistem moonton yaitu ketika turun season orang² pada main terkadang ada internet down padahal sinyal bagus jadi tolong diperbaiki sampai sekarang masih begitu🙏","",""
"https://play-lh.googleusercontent.com/a-/ALV-UjV1zope9ulzjDKKrmiwYOjy2QrRf-9j7m-As_QFRNn0Qb7ZKv0=s32-rw","myDroid","15 Desember 2025","beri pilihan logout akun. saya kesulitan membuat akun baru karena tidak ada pilihan logout, hanya ada ganti akun. saya coba hapus data dan uninstall namun saat instal ulang otomatis login ke akun yang sudah ada","",""
"https://play-lh.googleusercontent.com/a/ACg8ocKBHqjpL11ZzUd1ryHDHAoKjCvH7r0tdC6A8bYU4ggbXvMTiQ=s32-rw-mo","Nunu 123","15 Desember 2025","ini lagi di dalam pertandingan ko sinyal nya hilang selama pertandingan, udah sampai setengah jam ini,, gimana ini !,, ini gimana gak bisa main in game nya,, apa mau bangkrut monton nya??,!!","","Tampilkan histori ulasan"
"https://play-lh.googleusercontent.com/a/ACg8ocK9rllqKuSLQQd1oPAghU-rfR9rd3rgIcvMJ_qk4U3Yt3mgcQ=s32-rw-mo","Chelsya Syahira","24 Desember 2025","Game nya bagus cuman kok saya gak dapat hadiah moonton dari event SpongeBob yang lagi terjadi sekaligus gampang kan lagi dong untuk push rank sekarang makin terasa susah banget berat sejak di update naik rank jadi sulit banget","","Tampilkan histori ulasan"
"https://play-lh.googleusercontent.com/a/ACg8ocL0WX2VrUmfQoTe1b88mumYoZsrhDioNS7zYJcA4pbsoyu08Q=s32-rw-mo","Ismiyati Ismiyati","18 Desember 2025","tolong ini kenapa server gw tiba tiba lag gk bisa main tolong di perbaiki secepatnya tolong ada orang mau mode serius tapi gk bisa karena lg eh gk niat bikin gk usah buat game eh niat tolong kasih ke player skin gratis minimal legend","","Tampilkan histori ulasan"
"https://play-lh.googleusercontent.com/a-/ALV-UjV4QsDfERkZFcfW25KzzRCKTK-gYGnV3aKlLAry8upzrNvdj5sg=s32-rw","Theo Sulistyo","15 Desember 2025","saat main lag berat padahal sinyal bagus dan tbtb force close saat mau reconnect ke game tidak bisa, tolong lah moonton dibenerin ini server nya gamenya jadi sampah gini apalah game rusak lama lama ini","37 orang merasa ulasan ini berguna","Tampilkan histori ulasan"
"https://play-lh.googleusercontent.com/a-/ALV-UjVbSGuCtiKSxz6ybS_aOubyOzfDaRstY0sp0cGeu3gxUzWlrQ8=s32-rw","Nafidz Asshidqi","11 Desember 2025","matchmaking rusak, kadang jaringannya jg berhenti sendiri padahal wifi bagus gk lemot, main solo systemnya kayak judol dikasih menang trus dikasih lose stresk sebanyak""nya biar ketagihan mvp dari kekalahan lebih banyak lgi klo main solo, game rusak udah nih makannya playernya banyak yg pindah game sebelah","","Tampilkan histori ulasan"
"https://play-lh.googleusercontent.com/a/ACg8ocICDQ0FtavsfT8pqjiOtT5ASwnHln0M_jCzYLECBbSzaePMTA=s32-rw-mo","Ekky Leni","22 Desember 2025","jaringan parah sekali padahal udah pake wifii banyak bug apa lagi saat war jaringan tiba tiba merah tolong di perbaiki aku coba game sebelah lancar lancar aja cuma MLBB yang jaringan nya parah","1 orang merasa ulasan ini berguna",""
"https://play-lh.googleusercontent.com/a/ACg8ocLjJKhJUu2GocPIZUYcNLmMU-ryfT6uM0v2pXBtVMGms4SdCw=s32-rw-mo","Zidan Nuril","15 Desember 2025","apa ini hp udah pake poco f6 sinyal wifi hijau tapi masih ae lagg Mana guru ga bisa di pencet, udah guru waktu may main ada peringatan gangguan sinyal, udah lake customer service masih ga bisa tch....... Mengecewakan","",""
"https://play-lh.googleusercontent.com/a/ACg8ocJLgoPP44MCJE7LK9SN_DOf5NUXzlIKlGWiYndqVm5bMY5gaw=s32-rw-mo","Supri Yanto","25 Desember 2025","aku kasih bintang 2 karena bugnya nyeselin banget udah maju malah mundur admin tolong perbaikin bugnya agar kalo main tidak sulit satu lagi bug pas mau menghindar juga kalo mau kabur dari kejaran musuh","",""
"https://play-lh.googleusercontent.com/a-/ALV-UjWttcfHDQec2_gjJqSSSwFVDOCsTCufLVqXYWz50mnH2KEG66CB=s32-rw","Pad Li","30 November 2025","tiba tiba jalan sendiri di durasi lama, padahal semua lancar sinyal -20 tapi malah jalan sendiri, di temuin time lol, berpihak sendiri, lostrek terosss+ketemu abang abangan mulu musuh nya, kalo time tier legend kebawah semua, dikira kaga cape apa kaya gitu mulu tiap hari, bukan cuma 1 hariii, tapi hampir 1 minggu dikasi los mulu, lama lama pening kepala, emosian pikiran, + hapus aja ml nya dari pada pening, makanya banyak yang ngehapus ml karena lostrek tauuuuuhhhhhhhh auuu ahhhh capeeeeeeeeeeee","",""
"https://play-lh.googleusercontent.com/a-/ALV-UjXp8QKc1FqPJ6yw5w0DiJ9WEgNKpek3nrGp6WqehIKvw1xO3NB3=s32-rw","Oswald Lolombulan","17 Desember 2025","tolong untuk soal lag/jaringan jelek, kek gimna pas war ngelag analog jalan sendiri di perbaiki lah terus soal tim aneh bgt tim trol ga ad sistem buat blacklist dri ml dan juga pas report ga ad pelanggaran apsi tiap hari main kek gitu smpe di lomba gw pun kga bisa menang karna itu dan kalo buat game yg bener dikit","","Tampilkan histori ulasan"
"https://play-lh.googleusercontent.com/a/ACg8ocJOuWM-z7yA9RcyLfwUhNFxByIWdPDsmeKlCXNZhZNXsLA6CA=s32-rw-mo","Jess No genit","7 Desember 2025","makin kesini makin buruk pertandingan nya makin keliatan settingan nya sering sekali main di rank di kasih lawan ai yang tidak mungkin bisa di kalahkan pertandingan nya tidak real sesama player sungguh menyedihkan game ini.","",""
"https://play-lh.googleusercontent.com/a/ACg8ocLMv-6zLxbKXKRu9ARVKQeCL_BomoMSQyXHLwBxMAxRE9Z9ew=s32-rw-mo","RIDHO TIDUR","26 Desember 2025","Montoon saya ada saran untuk memainkan game lebih enak dan maksimal setiap tim kita mau pun tim musuh kalau mendapatkan MVP tidak akan di turunkan bintang tidak seperti tim yang yang tidak MVP jika ada di terapkan mungkinkan gameplay menjadi lebih maksimal tidak akan di turunkan bintang kalau dia MVP","",""
"https://play-lh.googleusercontent.com/a-/ALV-UjXviTdevv66aPqo8SwPvz1wdZD3VD8gKmmuXRycNI5QVJUcSIbA=s32-rw","Buton Utara","7 Desember 2025","ini gem sangat rusak tidak di rekomendasi kan untuk main gem ini, main di renk kalah terus dapat tim kaya karyawan nonton binat@ng semua, mending main honor of king aja walaupun main kalah bintang engak turun kaya gem sesat ini mending hapus aja, ini sangat membahayakan pemain bisa menimbulkan kematian!!!!","",""
"https://play-lh.googleusercontent.com/a/ACg8ocIxFCspG21cRQNtxkLLBCQkqBcROEtleExGfK7dMKMu5VC3RA=s32-rw-mo","M.Zahran Alfatih","26 Desember 2025","tolong monton revamp Hero Miya ga ada demege setelah dibufff ga ada perubahan cuma sedikit powernya masih kalah sama Hero lain. Tolong di revamp seluruh skillnya kalo bisa🙏🙏🙏.","",""
"https://play-lh.googleusercontent.com/a/ACg8ocLIpOKC8jlyVR0fi9YC4dSSsHjr_0jTDOpRGEkLlwizFtTo=s32-rw-mo","Faizz Baeee","30 November 2025","min kenapa ya main di mode chaos kok delay delay padahal sinyal sama hp kaga ngelag, awalnya gw kira hp nya kaga kuat trus gw nyoba di hp satunya yang ip 13 ttep aja, knp min gjls bet wkwk","",""
"https://play-lh.googleusercontent.com/a/ACg8ocIl0Ff38xbcgcBG5egF9Dso7eghqldLsfesvlAcDTof_o8l7A=s32-rw-mo","Haikal Katamsyi","4 Desember 2025","sebenarnya gamenya bagus cuma sinyalnya kurang mendukung sama gamenya berat sekali buat hp kentang kayak saya jadi lebih susah buat mainin gamenya,kalo bisa gamenya ringanin lagi biar banyak yg mendownload game ini","","Tampilkan histori ulasan"
"https://play-lh.googleusercontent.com/a/ACg8ocKwBCqUjlehBWHC6bhhnJj5Lk6uJFPuG2gidQQlXBiM0BEDqQ=s32-rw-mo","Hafiz Surbakti","22 Desember 2025","terimakasih monton telah menciptakan game yang sangat seru saya sudah turun dari legend ke epic lagi dan juga terimakasih montoon telah memberikan saya tim yang sangat tidak mahir dalam bermain Hero nya dan musuh yang mahir dalam bermain heronya dan saya akan memberikan bintang 5 kepada game ini dan juga jangan lupa membuat lebih banyak game gila lagi seperti ini ya montoon","",""
"https://play-lh.googleusercontent.com/a-/ALV-UjWzSCuEcaSbJzTzMXsPC2m1lVMrrh_tJtH-cvMFKk7fWj8FqbcH=s32-rw","Raffa Fadhilah","16 Desember 2025","tiap main suka di beri tim yang gk adil, tim lawan imo masa tim gw ada legend, kalau lagi main juga tiba tiba lag padahal sinyal gw bagus bagus aja. mending benerin dulu itu system nya jan banyakin collab sama skin baru","",""
"https://play-lh.googleusercontent.com/a/ACg8ocLm8XnV9_k97MwXgaN1_o4Wpv3xROs6P4wN_F1XvYq04VGx5w=s32-rw-mo","Azka","4 Desember 2025","monton sekarang sensitif baru tinggal beberapa lama juga pas udah beres game malah afk tolong buat monton perbaiki lagih mlnya karnakan gak tau ada yang lagih kerja sambil main terus banyak pembeli posisi lagih main terus udah itu malah si cap afk sungguh tidak realistis","",""
"https://play-lh.googleusercontent.com/a-/ALV-UjUhV7VAf4F2HuuUlixhaNT5nwsaZDZNZtwap4nqck0quC-1AC2AVQ=s32-rw","MAP TV","16 Desember 2025","udah 2 season,masih aja sering nge frame di in game,apalagi kalau lagi draft padahal sinyal nya aman aja di fix dong moonton,trus juga kenapa gw kagak bisa lihat efek"" skin pas maen,itu bug atau apa?","","Tampilkan histori ulasan"
"https://play-lh.googleusercontent.com/a/ACg8ocJfa8q0oc1xLC1nomXHwmhgRvsd8iH4v7cSUDFN73LEBz6Fcg=s32-rw-mo","Novita Diaryni","7 Desember 2025","game nya buat tambah pusing kepala slalu dapat team nggk seimbang sama musuh,kalah terus bukn kita yang maen tpi game nya yang mainin kita rank nya dinaikin lagi di turunin emng jelek bngt game nya","5 orang merasa ulasan ini berguna","Tampilkan histori ulasan"
"https://play-lh.googleusercontent.com/a-/ALV-UjXysntY0Z2JlgPoFBVAFtHpfeTI6U_-ZfQvVHfMa8p3vaNF6qxv=s32-rw","Haidar safaraz","15 Desember 2025","moonton ini kenapa kan kalo mau milih lane minimal dua terus saya pilih exp sama jungler sedangkan saya pengen main di exp, eh pas masuk ke draft pick malah sering kepilih jadi jungler padahal presentase saya main di exp lebih tinggi dari jungler","1 orang merasa ulasan ini berguna","Tampilkan histori ulasan"
"https://play-lh.googleusercontent.com/a/ACg8ocJlbHSav6VEXOIY1prUTEC2HrtSgnkIZnj4F8ZSfjlu8xQzqg=s32-rw-mo","Cat Vrex","15 Desember 2025","ini kenapa server nya tiba² eror weyyy, masa satu tim afk smua jaringan 20ms tp stuck gabisa gerak tulisan nya mengubungkan mulu, tolong di perbaiki la server nya jgn kaya gini lama² pindah juga ke game sebelah..","",""
"https://play-lh.googleusercontent.com/a/ACg8ocKLiTXlnj9NPOQMwHRAyzXV6n4ImG6rv0BZzklWomXaFn3q5Q=s32-rw-mo","Yuliana Lia","16 Desember 2025","game ini ngelag banget tolong developer ringan kan game nya dan kalo main solo(sendiri)terus dapat tim darksistem tolong moonton perbaiki nya biar tidak lag ringan kan karena hape saya hampir penuh semoga diperbaiki ya🙏","","Tampilkan histori ulasan"
"https://play-lh.googleusercontent.com/a/ACg8ocIxTeW4prXchstdFi3dN6pAJXkY3JSSjD0c4RDk0z5EsdbBWw=s32-rw-mo","Oraurus Official","5 Desember 2025","game kocak di kasih saran gak bisa terima malah di kasih ls terus keren emang game ini semoga yg suka mainin sinyal sama yg suka kasih drak sistem kena azab Dari Allah di game kalian bisa atur kami Tapi kuasa Allah gak bisa kalian atur SAMPE SINI PAHAM KAN","",""
"https://play-lh.googleusercontent.com/a/ACg8ocLTgDa3pTWq5mlzEx9J7BhfJyOtDgVhNQ6t1qjdJ0BxvGR_zg=s32-rw-mo","nofal febriyana","11 Desember 2025","monton tolong lah obrolan suara saya tidak bisa digunakan kenapa ituu..saya mau main sambil on mic tolong di perbaiki secepatnya udah 2 hari saya main ga on mic tolong dibetulin secepatnya monton makasih","","Tampilkan histori ulasan"
"https://play-lh.googleusercontent.com/a/ACg8ocKs9ntFbUOt4RNbJndgd3KbkpluoHjhBjptrnez1FFwupcn7w=s32-rw-mo","Angga Mbulug","18 Desember 2025","kenapa system ml ketika habis season ngeleg,padahal sinyal bagus tolong di perbaiki tidak hanya saya saja ternyata memang semua nya ngeleg padahal sinyal bagus tolong ini segera di perbaiki terimakasih","",""
"https://play-lh.googleusercontent.com/a-/ALV-UjUvemH-HbHtAgf6XQRXzkLbr2oaEJBDpSVI1dSkPTbVr4TfZSi2=s32-rw","Bayu Surahman","18 Desember 2025","update bukanya makin bagus tp malah makin rusak, habis season main malah lag gajelas, padahal sinyal lancar, dalam game aja semua lag GK bisa digerakin heronya","",""
"https://play-lh.googleusercontent.com/a/ACg8ocK2RCDS3jURDD7iACjeqAfBasfiy7EbZnQipc7cdBSD5n5XWw=s32-rw-mo","Galang Bachtiar","15 Desember 2025","Setiap main tiba tiba kadang leg gak bisa lanjut pertandingan padahal sinyal dan wifi bagus bagus aja lancar tidak ada gangguan","1 orang merasa ulasan ini berguna","Tampilkan histori ulasan"
"https://play-lh.googleusercontent.com/a-/ALV-UjWFZbx8wx0FP5UzmERdWq35f8un1wbOQjfjcgR-WiJqsm3CWy4=s32-rw","Choko Pay","16 Desember 2025","dear devoloper tolong lah ngasi tim dan lawan itu sesua biar gem bisa dapet hasil yang di maklumin masa dapet misi jago sedangkan di tim pasti ada aja yang ngetrol ga sesuai jadi kalah pun ga bisa di maklumin kalo gitu ,,ni ku kasi bintang 1 aja dah sukur ya","",""
"https://play-lh.googleusercontent.com/a/ACg8ocKXmpYoB5_JDUAQBxOl2wQIok90Zlju4FE_-n22mbYSFsquRQ=s32-rw-mo","Riski Gamteng","18 Desember 2025","bisa ga sih kalo awal season itu sinyal gak ngelaggg jadi males main gua pasti kalo tiap reset season pasti ngelag kenapa gua tanyaaa gua mau main cokkk di awal season n lama lama males gua lain ni game tolong lah DIPERBAIKI!!!","","Tampilkan histori ulasan"
"https://play-lh.googleusercontent.com/a/ACg8ocKdecf_8V2PfYfP-4e91pm8kzASmtyMBhNgENfirvfVD0fB9w=s32-rw-mo","KEVIN","11 Desember 2025","game nya bagus dan sampah gacha itu sangat sampah sering mendapatkan barang sampah harga karakter mahal bahkan saat main terkadang stuck di loading screen padahal sinyal bagus sangat sampah","",""
"https://play-lh.googleusercontent.com/a/ACg8ocKgr4N4HXxcexuMn3_YdRBXw3McjNxlqdPVu-9efmPfv7v1VA=s32-rw-mo","Setiawan Rijal","25 Desember 2025","tolonglah beri tim yang sepadan sama musuh . lawan full player. tim gua sendri bot gimna mau ngimbangi nya . tolonglah lama kelamaan ini game bakalan sepi udah nggk kompetitif lagi ini game. gua udah 150 mcth .setak di situ situ aja epic dua . tim gua bot semua . ...","1 orang merasa ulasan ini berguna",""
"https://play-lh.googleusercontent.com/a/ACg8ocJXwg1mqC7AYpmmjRKfqh0JaxAMtnf6tf-Vh7iUFNFyCuFzQg=s32-rw-mo","Wahyu Alfaris","4 Desember 2025","tolonglah ini kenapa selalu mengalami kendala koneksi? padahal koneksi internet aman saja, ketika bermain mobile legends ping tidak stabil sangat parah ada apa dengan game nya?","",""
"https://play-lh.googleusercontent.com/a-/ALV-UjXkvGCLbJ_KS0ah-0Vz2a-WlUXkUGtRCyCSZBsJLSuz3P3gxvlL=s32-rw","Nayra Tyas azahra","18 Desember 2025","season baru ini, yaitu season 39 kok makin ngelag yaa moonton? awal season aku mau ngepush ternyata jaringannya merah sampai 300+, pas masuk kedalam pertandingan detik 12 jaringan langsung merah, ternyata musuh juga ngalamin hal yang sama sampai pertandingan berakhir, apakah karena servernya rusak atau masalah jaringan? soalnya tetep kena pelanggaran karena afk. main brawl atau classic pun sama, di loading screen ngga jalan-jalan padahal jaringan bagus. tolong moonton apakah ada tanggapannya?","","Tampilkan histori ulasan"
"https://play-lh.googleusercontent.com/a-/ALV-UjUbY6xBHAV7DEKCENqUDNBQ1iFu1zlquwLyZ1RHCskTuWsqo9A=s32-rw","Galang Panji","15 Desember 2025","monton tolong di perbaiki aku gak bisa login ke akun utama ku pedahal aku login pake akun Gmail ku tapi malah pemberitahuan akun tidak terkait pedahal udah ku hubungan semua dari akun monton sampai FB sampai WhatsApp tapi tetap gak masuk pake akun google minta verifikasi kode gak masuk tolong lah monton aku udah habis banyak di gem ini","",""
"https://play-lh.googleusercontent.com/a/ACg8ocI1mjPsWAf-Vi_TWE_R3h0Ogi9uwA9T0FwaYNphgZ7zF4kpUA=s32-rw-mo","dedy chandra","6 Desember 2025","apasih orang sinyal ny banyak tb""pas main jadi ngelek mendadak jadigada sinya trus char nya main sendiri gk terkendali enak kalo misalkan kil nya nambah ini malah mati mulu plis lah mooton update in lagi jadi lebih baik dari sebelum nya..kami cuma mau menang","",""
"https://play-lh.googleusercontent.com/a/ACg8ocKpkcKIZJ_EaNaTZyvamVN-nyTkvcaplFgqdKwv6Hzm4fiGlw=s32-rw-mo","Mauhamad Maulana","3 Desember 2025","klo anda ksih benar musuh klo ak banyak kalah nya minimal d ksih banyak jg menang nya setiap login kalah terus dapat tim noob terus bintang yg turun jadi turun terus ubahin sistem mu maka bintang ini akan menjadi 5 paham","",""
"https://play-lh.googleusercontent.com/a-/ALV-UjUhqXPhM-3QOHkpNIcKARMj5mhmjg-4BvMIPS-LD7vIhAWrq6U=s32-rw","Ahmad Rifa'i","10 Desember 2025","mobile legends, game yng sngt buruk, cpek"" main malah bikin stres, namanya game bikin orng seneng, uda dikasih banyk, komen, biar enk game nya, masih aj kasih tim, yg g bisa main, musuh di kasih tim bisa main, game ap ini","",""
"https://play-lh.googleusercontent.com/a/ACg8ocKejZ5mvJmbMGcOJzQmXBloVPbpmrlfZTdtQgez7m1NI5sZkw=s32-rw-mo","Muh Rivai","22 Desember 2025","game busuk, sering lag padahal sinyal bagus, dikasih lawan yg ga seimbang dibanding tim sendiri, ngasih update yg ga guna bukan nya makin bagus malah makin busuk","","Tampilkan histori ulasan"
"https://play-lh.googleusercontent.com/a/ACg8ocJ1fAin4ad4M_MDYySe4iKp14wOE-zFekbWP2ODmqXlJCqfCQ=s32-rw-mo","Endy Maulana Putra","15 Desember 2025","woi ini ngapa gw main 19 mnt tiba tiba dc keren sia sia gw main ujung ujungnya dc masalah server keren game keren kalo awal awal mah ga masalah ini udah main 19 hampir end malah dc match sebelumnya juga ga muncul aneh game aneh","","Tampilkan histori ulasan"
"https://play-lh.googleusercontent.com/a-/ALV-UjWepoRGAQS6XZbaczQNHjDOzSx-kkjwozsQyLrSEBNlL5FomsPD=s32-rw","SK Al","18 Desember 2025","ni kenapa ya sebelum season jaringan enak tapi habis season jadi ngeleg gini.. padahal ping ijo (10ms) tapi diingame gak bisa digerakin tolong dong perbaiki ya kali setiap season baru datang kek gini","",""
"https://play-lh.googleusercontent.com/a/ACg8ocL02hf2XA8xpX62jFiFapC0p4cXnNs7VSz5RnMHcrPwbzmqbw=s32-rw-mo","Ryan hilmansyah","23 Desember 2025","tim computer musuh pro player. hebat game ini mengajarkan kita tentang kesabaran yang tiada habis nya. semoga sistem nya bisa seimbang ya montoon yang main solo kasian soalnya, seperti saya ini dikasi tim yang wow sekali montoon terima kasih...","","Tampilkan histori ulasan"
"https://play-lh.googleusercontent.com/a/ACg8ocJASAYKIsWCtuVgo2xHmAstdt8w24RLoCGGWeVY0882xn-EOw=s32-rw-mo","Rubers Bers","13 Desember 2025","apalah monton gua main solo tapi dapet duo,tim sama musuh emang ada duo pas gua main solo,biar apa coba? biar kelihatan adil?,gua saranin yang solo dapet solo semua jangan ada yang duo trio,udah segitu aja pesan saya terimakasih","",""
"https://play-lh.googleusercontent.com/a/ACg8ocJ8cd7mH_RZ9ieyIW8o2odi4SckLNeyCgPi7kSZ59tr6nsMgw=s32-rw-mo","Andri Aliansa","20 Desember 2025","makin hari makin rusak, percuma promo melalui pro player kalo mereka mungkin mode solo dapat team GG karena sudah di atur moonton coba kita sendiri yang sering main 1 / 10 balance dalam gameplay","",""
"https://play-lh.googleusercontent.com/a-/ALV-UjWShgPkmq3TmhaNyWoXC7weU00j4KTN0N4HvY0tA2_0LeUknLg=s32-rw","Dede Subki","17 Desember 2025","tolong dong moonton ini gmna dah sinyal nya ko lag mulu padahal pake wifi loh. main game sebelah aja lancar² aja tpi pas main d sini ko malah jamping lgi kadang² ampe ga bisa jalan padahal sinyal bagus loh","",""
"https://play-lh.googleusercontent.com/a-/ALV-UjVFmFd7KWeDwsX-A932_tDAAXu_t8UZYVKhqSIw0B0yX8E-8iM=s32-rw","da yat","20 Desember 2025","bagus, tapi kalo lagi pengen solo minimal setim sama yg jago juga, biar seimbang, kalo musuhnya poke baru timnya juga poke kg ngapa","","Tampilkan histori ulasan"
"https://play-lh.googleusercontent.com/a-/ALV-UjW-PjDQ-InDcbxocLN8qM1Upi0JOXnewpm7XCVeMHCWYVnck0hMCg=s32-rw","ImamAli","11 Desember 2025","game yang seharusnya menyenangkan malah membuat frustasi, komposisi tim dan lawan tidak sepadan, tim sendiri kurang ahli sedangkan lawan sangat ahli , sering kalah seperti tidak ada kata menang dalam game ini","1 orang merasa ulasan ini berguna","Tampilkan histori ulasan"
"https://play-lh.googleusercontent.com/a/ACg8ocJB6Skaif_lv-HgbCK278HvpHGIX0KTsYSYELN1TGPXogFwvw=s32-rw-mo","Alfa risqo Tambunan","14 Desember 2025","Game penambah stress bikin orang jadi gila kebanyakan lose streak waktu match Sampai setengah jam udah gitu ya selalu dapat tim dark sistem lama lama bikin orang depresi berat dibikin sama Moonton dan satu lagi masalah jaringan yang gk jelas mohon dibaca!! jangan buat orang jadi stress!!","1 orang merasa ulasan ini berguna",""
"https://play-lh.googleusercontent.com/a-/ALV-UjUSFSQslyAnViMW9CS7xgEdQ1yfD166vlP3BRy5dHo4wmsKY5s=s32-rw","Mahexa Ardya Galang Pambudyo","15 Desember 2025","udahh bagus sihh,tapi kalo ngasih tim yg benr lahh masaa belum ada menit ke 2 udah ngasih makan ke musuh,trus kalo ngasih tim it jangan yg dark sistem lahh,sini udh jaga turret biar ga bolong,tim nya malah mundur' semua padahal musuh mati semua malah gamau push,alhasil jadi kalah,udah mau mhytic malah kalah itu semua kalah sampe legend 3 bintang 2 hdehh,laen kali kalo kasih tim yg rata ya min setengah dark sistem setengah jago,jd biar ga kalah mulu🗿","",""
"https://play-lh.googleusercontent.com/a/ACg8ocJ5A691YEyCbMXV-xSbzOzmdwycu5xMdkTUCajC1nb0JTbc4w=s32-rw-mo","Billa Nabila","4 Desember 2025","saya sudah mauk, di kasih tim yang gak seimbang, tim saya jauh lebih buruk dari pada tim lawan, dan tim saya jauh lebih buruk dari pada saya, tolong kedepan nya seimbangkan pertandingan nya, selalu dapet tim yang gak bisa bermain sesuai role yang dia pilih.","","Tampilkan histori ulasan"
"https://play-lh.googleusercontent.com/a/ACg8ocLyUsQB5yyM0ipsH7hsSOW617ppaOP7Wlh42I_TyayL2jV36g=s32-rw-mo","Onicking Onicking","3 Desember 2025","memang seru permainan nya, cuma masih banyak player yg di haruskan nyampur Ama player GK guna, game lain sinyal lancar eh ini lag dikit, ambyar sudah, pokonya gua kasih bintang 3","",""
"https://play-lh.googleusercontent.com/a-/ALV-UjV03kKniSMC1iEZXoAUmX5mfY3w8h4XhqgDJ5_Qadv3cVjRZ_k=s32-rw","Sky私Archive","22 Desember 2025","sinyal sering merah padahal kalo scroll tiktok atau main game lain sangat lancar, sangat tidak masuk akal dan ketika permainan sudah selesai tidak mendapatkan perlindungan sinyal buruk 👎","",""
"https://play-lh.googleusercontent.com/a/ACg8ocL3jXAiMuRqTtbKAUb7OiDjAWBwxef5Po_Q0zQPy-0CW4nkFg=s32-rw-mo","Ahmad Faozi","30 November 2025","1. game apaan ini uras kuota doang udah ku donlowad datanya semua malah ngulang harus donlowad datanya lagi. 2. pas lg war atau lg bantu temen lord turtle ngepus turret tiba tiba sinyal nya pink 3. padahal lg asik asiknya main sama temen malah sinyal pink padahal buat nonton nggk kenapa napa kok buat main ini game ml kok malah ngelag kaga jelas 4. kalau game nya udah membaik baru aku kasih bintang 5 5.hari ini aku kasih bintang 1 dulu","","Tampilkan histori ulasan"
"https://play-lh.googleusercontent.com/a-/ALV-UjXgL9y6cIhhV0P3WJdnAZQOEBMxwnzHyOzego7cEuDbSYK5emSS=s32-rw","zaikyo zoldyck","18 Desember 2025","pls lah moonton, masalah jaringan itu di fiks, masa kalo gak pake speed mode bisa ngelag, ayolah, komunitas mlbb di Indonesia tuh gede banget, jadinya susah kalo main gak pake jaringan+ wifi","",""
"https://play-lh.googleusercontent.com/a/ACg8ocJhx6_w2OpN972_4go-jNi6SjElLKMBkZnlUgLKtKjwjtRKcw=s32-rw-mo","Ikhsan","23 Desember 2025","game apa ini tololong lah di perbaiki masak gua main solo temu nya yang main party kalau nggak trio SMA di kasi tim yng bot tiap menang satu kali langsung lostreak 4x tolong lah benerin gua aja Masi epic malh ketemu musuh legend tolong di perbaiki lagi ini ya","",""
"https://play-lh.googleusercontent.com/a/ACg8ocI48StDALzfaHGFVzIzKjgTKggylMC8GYq_mdOnM82KOUN_g2I=s32-rw-mo","Asymar Syaid Abdul Aziz","11 Desember 2025","buat palyer yang mau coba mending ga usah main buat yang mau coba, penanganana player toxic nya najis bgt , hukuman ga bikin jera, plyer toxic yang main seenaknya , lingkungan game nya ga banget, sibuk colab doank, payer toxic bertebaran, bikin males main, itu belum bicara soal jaringan, mending roblox aja, klo udah ga kepalang top up2 mau pensi sih gua, sayang di uang yg udh dikeluarin jadi skin","","Tampilkan histori ulasan"
"https://play-lh.googleusercontent.com/a/ACg8ocLUwRYJ7_yY6eNwYPa7UFU6FB7NGGlJ2HVcH0OACpJ4nsZeFA=s32-rw-mo","Anisa Putri","18 Desember 2025","apalahh gamae nya aneh masa saya main rank saya selalu kalah, jahat banget sih minn, curang tauu, bintang saya turun mulu, lagian kalau kasih lawan jangan yang susah dongg, kalau bisa yang dark sistem ajaaaaa, parah banget saya jadi males main mll gara gara ini, masalahnya apasih, tolongg yaa diperbaiki jangan kalah lagi sayaaa","","Tampilkan histori ulasan"
"https://play-lh.googleusercontent.com/a-/ALV-UjV3U27rQzkVsEF5JsX3cKME5-DrY2xqVwQe9bBBKPN2HClb-Xs=s32-rw","Ris Cuy","16 Desember 2025","sumpah kalo ngasih team orangnya yang setara plis,cape banget berat sebelah kalo kalahnya ada perlawanan mah seru ini malah kebanting parah dari teamnya satu ngetroll satunya lagi ga bisa main sama satunya lagi udah di kasih radio mundur masih maju sumpah basmi aja player player kayak gitu buang buang tenaga pas main","",""
"https://play-lh.googleusercontent.com/a/ACg8ocKtvjau-3bFyA-wpoWgSiT756uEesOm3Q_o6zmPJ69-H_wxxg=s32-rw-mo","Tecno Srageb","20 Desember 2025","game nya akhir2 ini sering lag,patah patah dan ngefrez mohon di perbaiki lagi ya min dan jaringannya padahal bagus Lo tapi tetep lag dan sape gak bisa main","5 orang merasa ulasan ini berguna","Tampilkan histori ulasan"
"https://play-lh.googleusercontent.com/a/ACg8ocK8o5lgPolEOah9nsrikmvyb73qZa1YZ4Tq9BUq4degD0ODSw=s32-rw-mo","Revandra Aditya","15 Desember 2025","game nya bagus tapi, aku pernah main rank dan tengah tengah matc tiba tiba lag padahal sinyal dan kuota masih sinyal juga kenceng, trus aku login ulang malah stuk di loby","",""
"https://play-lh.googleusercontent.com/a/ACg8ocJ9LBwwKHysxSA8JqfOQPkzGEmGdIvw9AYL57-E8sZuJcOM2A=s32-rw-mo","FARELL FF","7 Desember 2025","bisa ga si ngasih tim itu yang sewajarnya aja? ini kocak tim diri sendiri kaya binatang sedangkan tim musuh setara pro player mpl stres gila lama lama main ini game, rekomendasi jgn di dowload klo mau selamat dari kegilaan","",""
"https://play-lh.googleusercontent.com/a/ACg8ocIuF6r8gtaA3cPN6WRtJZaesVaiYCnAyTOPUSU90WtJg3ztTQ=s32-rw-mo","Matholip Holip07","7 Desember 2025","game makin gak jelas, padahal gak login tapi credit skor malah berkurang katanya pelanggaran, giliran main menang sekali kalah nya 4 kali memang game busuk mending main free fire aja jelas asal usul nya!!!!!!!","",""
"https://play-lh.googleusercontent.com/a-/ALV-UjW7QueFi-7BaynBpLV2fmtpbPnnZBKn4q-9rYlhUVb5vim2JyCi=s32-rw","FAISHAL GIMANG","21 Desember 2025","tolong dong server nya di benerin masa iya ping di game hijau dan lancar masih ada lag ,makin lama makin jelek ini server nyaa","",""
"https://play-lh.googleusercontent.com/a-/ALV-UjVdNYymx5b1l74A2C-01E-8G2A8-RE1XDIlNHI-oC_TSTN1Eudt=s32-rw","Alfan Putranto","15 Desember 2025","tiba tiba server down ga jelas ga bisa dipencet sama sekali tau tau kalah, pas di lobby menghubungkan ulang ga berenti berenti di close malah kena pinalti 5 menit ga jelas nih games lama lama","",""
"https://play-lh.googleusercontent.com/a-/ALV-UjVyD67EY48_jdES7juXzG2Wg8pPfj1at7wrKUcEbTJ7BVfvEXNk=s32-rw","Daden Nane","21 Desember 2025","game rusak. jaringan wifi bagus, musuh gaada yang ngecheat, sering banget lag. Selama pertandingan ful kuning jaringannya. game ga waras.","",""
"https://play-lh.googleusercontent.com/a-/ALV-UjVnECdAxyuVcnVZYM-MeaEHOAnYxa26fJBrLkzQswc4zCxMCf4=s32-rw","Aldi Rahmat Setiadi","19 Desember 2025","Game mementingkan rating penjualan, tidak memfokuskan keseimbangan matchmaking, selalu saja diberi tim yang tidak seimbang dengan tim lawan, masa mvp pakai tank.","","Tampilkan histori ulasan"
"https://play-lh.googleusercontent.com/a/ACg8ocJtyMYWJEFwluNul_RD7-le8Es9inQEBfsIowhE2xocNZJfnw=s32-rw-mo","Abizar","5 Desember 2025","game nya bikin stress dapat tim yg tidak setara gak guna lebih baik aplikasi seperti ini fi hapus bikin setress yang bener aja rank ku dari 83 di turunin jadi 64 game ini sangat tidak cocok untuk di mainkan lebih layak di hapus","2 orang merasa ulasan ini berguna","Tampilkan histori ulasan"
"https://play-lh.googleusercontent.com/a/ACg8ocIi_cvuISjJQxD-fQIV1X__mdu7I0-ebQaCfcnqI_-PJJoDiQ=s32-rw-mo","S1d1k G0nd0","20 Desember 2025","Game burik aneh gak bisa mengoptimasi jaringan ,kasih tim jelek sekalinya kasih be90 semua!! gak ada niat banget kasih pelayanan permainan dan jaringan yang baik!","3 orang merasa ulasan ini berguna",""
"https://play-lh.googleusercontent.com/a-/ALV-UjUbFaJWDAwGQMiBR7wlLTAJ5Hf3Pj8MGIMCxYbX3MRQrNivkwg=s32-rw","Sofyan Hidayat","6 Desember 2025","Kenapa di game nya crash, sinyal nya merah, gak bisa dihubungkan kembali, padahal internet stabil.. malah kena pelanggaran AFK... kecewa gw ini akun saya kenapa crashh mulu si, sinyal merah mulu, padahal internet stabil.. blum di bner benerin dari dulu.. klo gini terus di uninstal ajalah. nyusahin game nya","32 orang merasa ulasan ini berguna","Tampilkan histori ulasan"
"https://play-lh.googleusercontent.com/a/ACg8ocJpJCIWnovo5HqJFDv7xJC6PUh5U43sNkToWd3Sv8B-0TjOLA=s32-rw-mo","Jay Bae","2 Desember 2025","jaringan maskin kesini makin ga bener aja moonton. padahal wifi bagus jaringan data baru beli paketan juga. nasih aja ngelek. tolong lah bnerin, jangan kebanyakan event atuh, lama2 uninstal juga nih","",""
"https://play-lh.googleusercontent.com/a/ACg8ocLB-YlLiPib3YhaWss73hYMTHFbTzjXot0NDGq8u4AeoQiOkw=s32-rw-mo","Agus Prastiyo","24 Desember 2025","eh main ml itu level gak ngaruh pintar gak ngaruh yg ngaruh adminya licik dan picik waktu mau menang kadang detikanya itu di perlambat yg musuhitudi atur supaya menang karna apa lg gk pernah top up wahparah menang satu kali kalahnya bisa 10kali","2 orang merasa ulasan ini berguna",""
"https://play-lh.googleusercontent.com/a-/ALV-UjWtXOq-xNpLsKa6vMKt1jDcZHSd2RYJM4QAYy0VfanKgBu9OYk4=s32-rw","MECANiic blaZZing","23 Desember 2025","kurang memuaskan masuk in game aja kgk bisa gmana ya jaringan lancar trus masuk aja kgk bisa mau maen rank sambungan terputus trus mau reconnect kgk bisa gmana ya tolong diperbaiki ini jaringan udh 5G tetep kgk bisa masuk reconect aja ulang ulang trus kurang poll lah pokoknya...... tolong diperbaiki dong moonton masalah ini lah tolong lah biar permainannya tuh bisa seimbang loh kurang lah pokoknya gk bisa berkata kata lagi lah sama game ini","","Tampilkan histori ulasan"
"https://play-lh.googleusercontent.com/a/ACg8ocKQYmLbz59yblsfj-72-wRe0hJXYgxKhLEc5g7aTpKsFo_LfA=s32-rw-mo","Shakira Lamb","6 Desember 2025","halo pihak monton, tolong hapus bug verifikasi, gua gabisa login akun guaa, monton tolong di hapus bug ya, email gua dah ilang ga bisa dapat kode lagii, Tolong di hapuss, gua rawat akun ya dari awallll, gara gara bug verifikasi, ilang akun guaaa, tolong banget ini monton tolong di hapuss","",""
"https://play-lh.googleusercontent.com/a-/ALV-UjVQGdy4zHQXBLH9U9TIe8SCI3Nwmhp0p1ufcTRklob2d_dEucrL=s32-rw","Aldhi putra","18 Desember 2025","game yang sangat buruk, mulai dari sistem matchmaking yang tidak adil, bug jaringan dalam pertandingan dan masih banyak lagi. 0 bintang untuk game ini, sangat tidak worth it untuk dimainkan","",""
"https://play-lh.googleusercontent.com/a/ACg8ocJ-dx2XTNOpHO-AH1H4vH0DKLgWUoXDL1Oe3NdT5Q1Vq_xoNQ=s32-rw-mo","Rizdam Hermawan","18 Desember 2025","aduh moonton gimana sih masa banyak bugnya bikin gak enak maen aja jaringan bagus masih aja bug udah dari bulan kemaren saya nungguin kirain udah bener ternyata masih aja begini kalo gitu mending saya pindah aja maen honor of king","",""
"https://play-lh.googleusercontent.com/a-/ALV-UjUeBjB20GrVqURQZtsuc-PD2Ta4Fpwumfbz_bJC6wjb6mE-SL4=s32-rw","Daniella Putri Agata","17 Desember 2025","tambah parah lag nya, tambah banyak bug nya Event bermunculan terus ga ada perbaikan untuk lag dan bug, malah tambah parah","4 orang merasa ulasan ini berguna","Tampilkan histori ulasan"
"https://play-lh.googleusercontent.com/a-/ALV-UjXArJJ5B31e4Q9qBLKr8w9owvWixcOAZaF2FODYpRxkWjpPPlyb=s32-rw","Adom Kalem","15 Desember 2025","ini barusa terjadi pada saya sendiri, saya barusan main nyampe akhir tpi pas beres langsung lag, gak jelas sampe"" match terakhir gx ada padahal saya sudah menang, ini cheter apa gamenya lagi rusak","",""
"https://play-lh.googleusercontent.com/a-/ALV-UjXCrTPh20cTpfbuJ8ncaIidZy-EOk9kh40gvsjdD5221qGZZJY=s32-rw","Rohani M","26 Desember 2025","capek sumpah di kasih menang di kasih kalah terus menerus begitu. naik turun begitu begitu aja, di kasih skuad lagi solo matching nya gak gak adil. di kasih tim nya aneh-aneh pick Hero nya algoritma nya gak ramah pindah ke game yang lain aja lah bodo amat saya memundurkan diri terimakasih","",""
"https://play-lh.googleusercontent.com/a/ACg8ocI6MBZsXmYprxD8UUm28VePu41NwrUZfF8BIc9yhSInAw4kQQ=s32-rw-mo","Sendy Ariyadi s","18 Desember 2025","ini ngapa dah kocak, servernya abis sisen malah leg banget, 3 game main leg terus, dan ini bukan saya doang yang leg player lain juga ngalamin hal yang sama, di room sinyal bagus 3 ms tapi kenapa pas in game sinyal nya nyampe 300 ms kocak kocak, ayo dong segera perbaiki biar main nya enak","",""
"https://play-lh.googleusercontent.com/a/ACg8ocLoSSsaQg3jCFG26ByNuqlQhGrBhlV7BYl5gsinO7faeWLp=s32-rw-mo","Reza Her","25 Desember 2025","game yang bagus, grafiknya juga bagus, tapi entah kenapa setiap mencapai rank epic kebanyakan drak sistem tolong hapus semua drak sistem yang ada di mobile legend bang bang ini","",""
"https://play-lh.googleusercontent.com/a-/ALV-UjXkn6U4bH8SViAiWSZMITqqpo2EreEA7ZMLY8VmmPU4JYjAcvM=s32-rw","Herri Bray","25 Desember 2025","game rusak,,bukanny makin bagus makin ancur,dapet tim maenny player gak tau main trus. game ngabisin waktu,batre,dan kuota yg sia-sia.wouy monton jngan dengerin suara kekecewaan kami ini.","","Tampilkan histori ulasan"
"https://play-lh.googleusercontent.com/a/ACg8ocJuPPFxESDsXSeWqeabOcYPD0FNJwSjQSh2ToaMVog7pBHU9g=s32-rw-mo","Aaron Mikhael Putera","14 Desember 2025","orang main game buat ilangin stress yang ini malah nambah 100× lipat. tolonglah buat matchmaking yang adil jangan tim saya yang isi nya gak bisa main sedangkan musuh jago semua mana adil apa harus ngeluarin duit dulu baru dapet tim yang bagus","1 orang merasa ulasan ini berguna",""
"https://play-lh.googleusercontent.com/a-/ALV-UjVKFO1-9yx-SCBmYI6HUjkVauMAZNu3LT2mqYwLPlMbgxlSp5VR=s32-rw","Rauf Muhammad Akbar","24 Desember 2025","Sejauh ini gamenya tetap stabil, tapi tolong dong muntun perbaiki lagi sistem matchmakingnya ketabrak mulu ama duo/trio orang, padahal saya hanya bermain solo","","Tampilkan histori ulasan"
"https://play-lh.googleusercontent.com/a-/ALV-UjUqbzC5FXYWvk-LSRFK57FWSKm6zPLMcBIyFrH3ehnrJ3tLgxHk=s32-rw","Jamal_14","15 Desember 2025","tolong gamenya di stabilkan lagi masa lagi ban ngga leg tapi pas main lag semua se tim tolong saya minta tolong sekali lagi perbaiki, dan lagi warr kok eror leg semua ini gimana montoon siap siap aje banyak yang pindah","1 orang merasa ulasan ini berguna","Tampilkan histori ulasan"
"https://play-lh.googleusercontent.com/a/ACg8ocL7zcxbcMQSJXhF2obSinpWVNqqPAZjjI4mH89jXAyjby7Rkg=s32-rw-mo","Ehon","18 Desember 2025","Saya kasih bintang satu, karena saya dapet tim sangat beban dan tidak paham main dan game ini membuat orang merasa tidak seru, udah grafik sangat berat dan ketidak Adilan ,paham?!","",""
"https://play-lh.googleusercontent.com/a-/ALV-UjWnwzAQf6W1VRakCGavNGRlwgSZGPM5nfzb7wu2sGPU6DPa23Y=s32-rw","Rendi Bkl","25 Desember 2025","ini kenapa game nya jadi lemot kayak gini akun aku udah dua Minggu ini kembali terus star awal terus memori masih banyak jaringan kuat kenapa kembali terus tolong lah di perbaiki lagi lah.nama akun nya ikan cupang","","Tampilkan histori ulasan"
"https://play-lh.googleusercontent.com/a-/ALV-UjUFg5brZxqlTRmy7CvPbZ9RT6laF4t4ce51hSz9s5_0mY3Mr0w=s32-rw","dyrra asyifa","16 Desember 2025","game nya seru, tapi kadang pembagian timnya ga banget, musuh timnya di kasih yang jago banget girilan tim kita di kasih yang jelek, setiap mau naik rank selalu di kasih tim ga jelas, musuhnya di kasih yang jago parah","",""
"https://play-lh.googleusercontent.com/a-/ALV-UjUr7_4dvh4qwp62QnUVSfslBrYPfDIoIKJHNVwD2MNYKFYERMM=s32-rw","Giri Adam","17 Desember 2025","untuk pihak moonton tolong lah kalau misalkan ada yg mainya ngetroll atau nggak sesuai dengan role yg dia ambil tolong di beri tindakan yg paling ringan di kurangi untuk creditnya kalau parah di banned, saya sering ketemu player yang kalau main cuma mau menang sendiri, sudah saya laporkan cuma nggak di tanggepin, tolong lah kalau ada yg ngelaporin entah 1 atau 2 orang di tanggepin dengan hukuman ringan, kalau lebih bisa kena banned.","",""
"https://play-lh.googleusercontent.com/a-/ALV-UjWN6PVeXUwNJwnXMsyqDxjQsXL1YOfmRMAi5mwTvLrT2bJqp0kxhQ=s32-rw","guyonan andek","15 Desember 2025","moonton tidak mendengarkan keluhan usernya , sampai ratingnya 3,9 pasti banyak yg ngeluh soal jaringan , saya barusan ngalami , ping tiba tiba tinggi , kalah sama game MOBA pendatang","","Tampilkan histori ulasan"
"https://play-lh.googleusercontent.com/a/ACg8ocJi2YkFIfrij752ZPyPJEg5ozkN97eiHQHQF2sCbW7HtmcYew=s32-rw-mo","Verdinal Verdinal","18 Desember 2025","montonn ko makin kesini makin makin sii ngeleg parah loh skrng hampir semua gitu tauu ngeleg di draft pick sama pas ingame nyaa diperbaiki lagi plis aku pengen main nda bisa bisa, bisa kali tapi afk😔☝🏻","",""
"https://play-lh.googleusercontent.com/a/ACg8ocIiQ39ARcus4lc2CVSsZpZ4IQMeAOTv6jx9ntvOydKEzyqmNg=s32-rw-mo","Riski Adi Pratama","19 Desember 2025","Kekutan/keseimbangan kedua tim sangat berbeda, aku setiap kali aku bermain rekan setim ku highest rank cuma honor sedangkan aku ex imo, sedangkan musuh ex imortal, untuk matching sangat tidak adil, capek bgt ngurusin org² kek gitu. Dan kalau kamu bilang aku lagi WS? engga aku engga lagi WS seperti biasa aku 2/3 dgn teman ku. permainan mereka sangatlah buruk aku dah capek dapet tim seperti ini","1 orang merasa ulasan ini berguna","Tampilkan histori ulasan"
"https://play-lh.googleusercontent.com/a/ACg8ocJyiBicyRnGdRkJY1C2CqeTBK4C18uz04TIxLlEm3lJ8rK8sg=s32-rw-mo","Verse rano","16 Desember 2025","musuhnya ga setara sama tim, ga bisa bedain mana yang jago mana yang engga, malah disatuin, di tingkat atas ga ada bonus bintang, player solo dipersulit","",""
"https://play-lh.googleusercontent.com/a/ACg8ocLrcbi05RW8hZXzncA_PmQbOtCfZCV3Xn0acLOFjPcEUNdYng=s32-rw-mo","Jomblo Deck","18 Desember 2025","pokoknya gua ga mau tau baru juga awal season sinyal ngeleg gajelas sebelum season dimulai sinyal biasa aja bagu ijo pas udah di mulai merah gajela yang ada jadi afk gabisa ngerak sama sekali,tolong bnerin tuh serverr gajelas mohonn maaf tapi ini berlaku bagi yang kena sinyal ngeleg","",""
"https://play-lh.googleusercontent.com/a-/ALV-UjU5WyZNWzuzc5zcq9WzspInRxv5BaCUb0mSRZX4NOkP705MBbZF=s32-rw","Krisna Ahmad maulana","15 Desember 2025","maksudlu apa akhir season jaringannya di lag in? main brawl lancar 7 ms scroll tiktok lancar download game emu aether lancar tapi waktu rank malah merah?, sampe gabisa di gerakin Heronya gerak dikit macet terus tiba tiba ke depan musuh","",""
"https://play-lh.googleusercontent.com/a-/ALV-UjXyDrt2mJCEWMa3oHfHm84lps1UiBa3Pmyq7UAIp771ho5avpl4=s32-rw","Fagg Ggg","17 Desember 2025","plis la moonton kasih hukuman yang berat untuk orang yang troll dan menguntungkan tik lawan,dan juga tolong seimbangkan tim dan lawan dalam pertandingan,bisa bisanya tim lawan itu lebih unggul dari tim saya, seharusnya harus seimbang.","",""
"https://play-lh.googleusercontent.com/a-/ALV-UjXsNx0n6opuzNZ1rJVzx2C7TppSGSqZgfrOfTpTrSnutN3ohMpO=s32-rw","Ali Set","18 Desember 2025","developer tolong untuk mengganti syarat untuk menggunakan Hero yang baru saja di beli di karenakan syarat memainkan Hero 3 kali di classic lumayan susah apa lagi jika ada Hero baru yang baru saja rilis jadi banyak orang akan rebutan untuk memainkan Hero baru tersebut. jadi tolong untuk mengganti syarat supaya para player bisa menggunakan Hero baru dengan lebih leluasa","5 orang merasa ulasan ini berguna","Tampilkan histori ulasan"
"https://play-lh.googleusercontent.com/a-/ALV-UjWVrw4582_1cH0KfrCwbyZlIF6FQ5J1fmhEPHDZwoDwGgp0Fg8=s32-rw","Choirul Choirul","18 Desember 2025","wkwkwk montoon lawak...br saja season eh malah g karuan ping jaringannya...ketika belim masuk room ping bagus g ada kendala tp waktu masuk room sdh mulai tak terkendali sampai mulai main tetep ping buruk tp anehnya malah kena pengurangan kredit score karena afk...apa sdh mulai rusak game nya montoon....silahkan dijawab y..","","Tampilkan histori ulasan"
"https://play-lh.googleusercontent.com/a-/ALV-UjWIGJeJf8TuuSPwCgRacxOzjASNu4XZ6W77PIbQa_-7J8RNQis=s32-rw","Amerika No","20 Desember 2025","kocak bgt lu moonton lebih mentingin colab ketimbang benerin server sendiri, kenyamanan player bkn dari banyaknya lu ngeluarin skin mahal atau colab doang, gameplay juga penting, jaringan lancar tapi in game menghubungkan ulang terus maksudnya apa coba? bukan game beta loh ini, tolong lah🙏","",""
"https://play-lh.googleusercontent.com/a/ACg8ocLbqMOsgAcs1J-tGLF8PJukGNw-ZPuk6LwG9QqeC9Sp942APw=s32-rw-mo","Raya Shafa08","20 Desember 2025","harap di optimalisasi kan matching nya karna sering bertemu dengan orang yang belom bisa main ml padahal saya player lama tapi sering setim dengan Player baru yang belom bisa main","",""
"https://play-lh.googleusercontent.com/a/ACg8ocLslIDn5cmpT1qTefw7IcNmgEwwuryi8sy1rZmHJGHILWhgAm8=s32-rw-mo","Putu May","17 Desember 2025","lebih baik kita pensiun saja main game sampah ini karena sekarang moonton tidak peduli dengan kita lagi moonton hanya memikirkan bagaimana perubahan gamenya bukan playernya. disetiap macts clasic, rank, brawl, saat baru mulai main sekali kalah kek mana mau bagus ni game kalau timnya dark sistem, rank nge-stuck di legend, akun hilang udah dihubungin pakai akun google malah akun baru yang keluar.","2 orang merasa ulasan ini berguna",""
"https://play-lh.googleusercontent.com/a-/ALV-UjUJgzTAKRjcP_zpLVmTnBA1PcGeSbp5UP1FuCnoELrZiuhwUSHU=s32-rw","Dwi Saputro","17 Desember 2025","mikir lah monton kalo ngasih tim yang enak jangan yang beban yang gk bisa main yah kenalan sangsi yang berat langsung jangan ""nanti diberi sangsi kalo mengulangi kesalahan lagi"" ujung-ujungnya nggak di kasih sangsi","","Tampilkan histori ulasan"
"https://play-lh.googleusercontent.com/a/ACg8ocIInjFi1xbVWgl2x6G9PUtrgK6J-V_wPnIL3VN1DOhPuGC8lg=s32-rw-mo","Bang Rel","17 Desember 2025","kurang nya cuma satu yaitu teman , dapat temen bagus menang main lagi langsung di kasih temen drak sistem udh dari dulu kek gitu pusing sumpah yang stres bukan monton nya tapi kita yg main selalu di kasih temen drak sistem hedeh😮‍💨😮‍💨","",""
"https://play-lh.googleusercontent.com/a/ACg8ocKXGHc9XrzcR3ZD92FLTOL8AtfxPrqRLrYNv6yXwKg7oQhP9w=s32-rw-mo","Rizky Arya","21 Desember 2025","jujur game nya bagus tapi tim nya itu yang sering gak bener.bayangin aja udah main sampai 30 menit tapi kalah karena tim nya gak bener di tambah developer nya kikir gimana gak stres tuh orang yang main.","1 orang merasa ulasan ini berguna",""
"https://play-lh.googleusercontent.com/a-/ALV-UjVSrRHMVLdJpSLlpcBmD202TjRrqsDUFHYtbmcAL4H5Unhg6g=s32-rw","Febriano Anggi","15 Desember 2025","akhir akhir ini saya sangat amat kecewa, terutama di jaringan selalu lag saat di dalam team fight, padalah wifi saya lancar dan aman. tolong moonton di perhatikan lagi. trima kasih","",""
"https://play-lh.googleusercontent.com/a/ACg8ocJKhX5PNjXmZQYhraLZNaYbvm4_DZQudOKbqyZ_S6IXj-cAzA=s32-rw-mo","Rohayati24 Roha","15 Desember 2025","Apalah moonton-moonton! Apasih! pas pertandingan gak ngelag tiba tiba ngelag dan saya sudah coba wifi kok normal pas pertandingan merah nya Yaampunn Gak bisa chat dan gerak,Dan pas relog kagak bisa di apa apain katanya hubungi pertandingan pas nunggu lama bener dah! perbaiki lah jaringan mu moonton dan oerbaiki server mu moonton! yang ada aku malas main mlbb lagi gara gara ini! Tolong banget moonton perbaiki lah sistem mu banyak player resah kalo kayak gini plis ya moonton moga bisa di baik kan!","",""
"https://play-lh.googleusercontent.com/a/ACg8ocJxmKIoluVDxScbcM16lJimjQ0lQgrJyrMZ7OhdDbTGRp8G0Q=s32-rw-mo","Vicky putra anderansyah","19 Desember 2025","game yg sangat tidak direkomendasikan, karena menambah stress. saat saya bermain di rank, saya selalu bertemu tim yg sangat sangat darksistem dan tidak bisa bermain dengan benar.","",""
"https://play-lh.googleusercontent.com/a/ACg8ocJqOFwGJhkAtaktDQLY9YeCL11jjys7KqG4NK5WV3v-mweciQ=s32-rw-mo","raffasya arkana fenda","20 Desember 2025","udah jelek berat sinyal 39 lag, pembagian tim ga adil kalau gitu ga usah buat game lol aneh lu gara gara bug lu itu gua kena report rank turun GPP ini lag kredit skors ilang juga, susah naikin nya ajh bagusan game sebelah ga banyak bug, sinyal ku bisa nyambung padahal aku 5G","","Tampilkan histori ulasan"
"https://play-lh.googleusercontent.com/a-/ALV-UjV0gzc7CYwNPk44U3fIynHHHmGCyIcOpqHmBXox2-sdo-auEUKW=s32-rw","Evan Fernando","18 Desember 2025","tolonglah moonton jangan cuma bisa ngeluarin skin terus sedangkan pengguna cheat masih banyak beredar baru juga awal season udah ketemu player cheat lag padahal awal draft pick bagus² aja ping nya tapi pas digame langsung dibikin lag kan kocak emang ni game udah rusak.","","Tampilkan histori ulasan"
"https://play-lh.googleusercontent.com/a/ACg8ocKQBecZUqXJtCNP_2g5nSM_8U-LWgzmmqZQfMMmL6YZ41uTLg=s32-rw-mo","Suhardi","17 Desember 2025","tolong di perbaiki dong, game bagus masa jaringan masih acak acakan, masa jaringan bagus pas main malah lag parah ngeganggu peforma tau gak( berbicara dengan nada kecewa)","",""
"https://play-lh.googleusercontent.com/a/ACg8ocI3LtNDI7ahfu_3xOWxq1y751VmmdHIixv1SQffgrkUmrhSlw=s32-rw-mo","Yohanes Mario","18 Desember 2025","gamenya bagus tpi knpaa setiap mau naik di tier berikut nya dikasih tim bot anj ga seimbang sama sekali padahal kurang 1 bintang naik malah dikasih tim gajelas sama moonton iya klo main nya bener klo ga bener bikin gamood main malah","",""
"https://play-lh.googleusercontent.com/a/ACg8ocLB_MWyAHgbTIO2BcLWS4pXjmyCLhLfjwy7G3AONQcRgRqHug=s32-rw-mo","Hasna Aribah","18 Desember 2025","gamenya bagus tapi tolong untuk pendapatan battle piont nya dibanyakin biar gampang beli hero untuk player baru, dan habis reset season kok ngelag parah ya gamenya. Benerin lah","1 orang merasa ulasan ini berguna","Tampilkan histori ulasan"
"https://play-lh.googleusercontent.com/a/ACg8ocL3dyaTg96rn_WwPslVplS5WWYVCUtNuoNjzPp8fam1naxG9Q=s32-rw-mo","Amelia Khairunisa","15 Desember 2025","gak jelas bgt,ping nya ijo tapi ngelag banget sampe gk bisa gerak,udah ganti jaringan juga masih sama aja,pake data/wifi masih gak bisa gerak abis tu tiba tiba kena pelanggaran,aneh🗿","1 orang merasa ulasan ini berguna","Tampilkan histori ulasan"
"https://play-lh.googleusercontent.com/a-/ALV-UjUtE_URVEQPnzvjVL9XF9FV3Tiyg9eRf6ZKhl6-yCKsrqN1Mvbu=s32-rw","Fatir Ramadhan","18 Desember 2025","game gak jelas udah lose streak sampe 10x dikasih musuk susah tapi tim bot gak bisa main mvp terus tapi keadaan kalah jangan download jika kalian ingin bisa menikmati hidup soalnya game bikin hidup kalian amburadul sekali top up kecanduan","","Tampilkan histori ulasan"
"https://play-lh.googleusercontent.com/a/ACg8ocLv0j8CMSc860uuLt73qrvPA0BsgIiFnNzkqpoO-w-OVopuqQ=s32-rw-mo","Bian Dra","18 Desember 2025","game lu benerin dari awal Ampe akhir aku GK bisa main sinyal bagus Napa Ndak bisa main dan bintangku turun benerin lA game mu ini dan nampak nya bug ini game makin banyak ampe bug sinyal","",""
"https://play-lh.googleusercontent.com/a-/ALV-UjWfsQmptrhACmp4XCgwc29VbLlKeix1elWYUtsN3mFkiGNfBOzV=s32-rw","Rasyid Nur Hakim","25 Desember 2025","Game ga layak main sama anak anak - remaja , asli ni game matching nya ga adil dengan cara ngambil dari wr season lu yg dimana kalo lu kalah sebelumnya (turun wr karena ditrol nanti makin banyak dimatch selanjutnya yg nge trol ) pengalaman saya aja udh main dari 2019 ga ada peningkatan bagus ni game di matching nya cape gw bossss main dari jam 8 pagi dari legend 4 b2 malah turun dengan cara menang kalah terus , lama lama gw nnti kalo udh gede ambil jalur hukum buat nuntut ini karena ini tidak ad","31 orang merasa ulasan ini berguna",""
"https://play-lh.googleusercontent.com/a/ACg8ocLv3c77U7qRwv_2MYRK-AuknsrRuw2SmfUXw6iyfPn1IXiVkA=s32-rw-mo","Guruh Sujatmiko","21 Desember 2025","Aku turunin ranting nya bos . Main selalu sinyal susah . padahal sinyal bagus . pakai wifi juga gitu tetep sama aja sampai sekarang","","Tampilkan histori ulasan"
"https://play-lh.googleusercontent.com/a/ACg8ocIx4IBLrIp8y8vtzA1WE3PN0wypG26oXyWdJci_znSofPs21w=s32-rw-mo","Joanna Tasya","17 Desember 2025","game jelek, akhir2 ini main jaringan nya merah terus padahal jaringan wifi saya lancar , abistu gara2 jringan nya jelek dan saya afk malah dikurangin kredit score, minimal jaringan player lu benerin dulu sok bener ae nurunin kredit score orang","","Tampilkan histori ulasan"
"https://play-lh.googleusercontent.com/a/ACg8ocIHVFu63AcTvA-9eb60LFLkH5qGbvIbVwF6uwfyL8cHqajK7Q=s32-rw-mo","Krincing Wesi","19 Desember 2025","game ny aneh jaringan stabil, tapi sering bug, delay. game rusak, 7 THN main akhir2 season ini parah sering banyak update tapi boprog 💩","",""
"https://play-lh.googleusercontent.com/a/ACg8ocJnbSw0keo8Uc8Ac-uyNTC3zYcCKPil9aP-N_gzYM47i2pubw=s32-rw-mo","Rahmad Dani","22 Desember 2025","geme bobrok banyak lag , semenjak update jaringan bagus tapi lag bobrok banget . monton tolong kasih baik itu bug bug nya meresah kan sekali bikin males main.","",""
"https://play-lh.googleusercontent.com/a/ACg8ocIw6LmWA2GqBaZizjY1YhaJmeDs39RHmkSQ13D1Pkbo31J1hg=s32-rw-mo","Ajam Azam","20 Desember 2025","Asalammualaikum devoloper saya melaporkan kejadian yang aku alami saat main gem ini padahal wifi ku masih kuat cuman pasmainn gem 1 ini saat war gemya malah ngelek parah tolong di perbaiki ya devoloper dah cuma itu terimakasih.","","Tampilkan histori ulasan"
"https://play-lh.googleusercontent.com/a-/ALV-UjUR3ZpUbm-l-5fRUs7O-2M5MvKKDELo4TioL_MsxPk4RLJ43VtZ=s32-rw","I Komang Bagus Yadi Yadnya","18 Desember 2025","Kasi team yang bagusan dikit knpa sih, stiap gua main trus² an dpt team yang gak jelas, klw bgtu gmna crnya gua naik rank kasi team aja yg suka ngetrol dan afk saling bulli,,, tolong perbaiki itu supaya tidak main jadi berantakan, jadi rusak game sampe sekarang","","Tampilkan histori ulasan"
"https://play-lh.googleusercontent.com/a/ACg8ocJF_y34eku35aGmD_POG-RydUh6ne0MxG-MgtHrK-ktgVkdjg=s32-rw-mo","Aditia Melawi","19 Desember 2025","burik kali game ini gak adil amat sistem nya tim Dark sistem musuh top global mana bisa menang udah gitu pelit pas spin gak pernah dikasih dapat developer serakah tiap mau naik tier gak pernah menang game bikin ini mah tolong lah moonton perbaikan sistem anda","1 orang merasa ulasan ini berguna",""
"https://play-lh.googleusercontent.com/a/ACg8ocLLkkoZdqgZAeD_YANfXhNpmkVOwRpAp9Scls1ACBe4dr6PAw=s32-rw-mo","Muhammadramadahani","18 Desember 2025","ada apa dengan mobile legend, kenapa jaringan merah, ngelek, nge freeze dan tidak bisa bergerak, tolong perbaiki dan jika sudah diperbaiki akan saya beri bintang 5","",""
"https://play-lh.googleusercontent.com/a-/ALV-UjU_y9kkYqLQVWNxHG_pfep1KA_TUvNJ0Nu4mK77ZJHrMCv5fnvy=s32-rw","M Ibrahim","18 Desember 2025","Toloang lah moonton, game nya di perbaiki. Baru Season baru jaringan kok nge bug sih cape gua moonton. Gua cuma mau main ml doang, jaringan nge bug mulu dari tadi. Mobile legend lama lama kayak game an j, beneran dah moonton","",""
"https://play-lh.googleusercontent.com/a/ACg8ocJICw-STdq_fje6iiCLbmtoHk9tCUMWEjjn3IZ23No2qdCO8g=s32-rw-mo","Irna Shutina","22 Desember 2025","knp makin parah sinyalny setelah update bisa sampai 412 ping tolong lah perbaiki server dan performa nya susah main kalau sinyal ny jelek gitu bukak apk lain lancar aja plis PERBAIKI 🙏🏻","",""
"https://play-lh.googleusercontent.com/a/ACg8ocL5xacNuVVZOr9y5ElIE0vcAMSrGnhbs8HjHhDTqSOpxr9fNQ=s32-rw-mo","irfan mobile","25 Desember 2025","Game yg paling bnyk masalah, mulai dari jaringan, pemilihan tim yg buruk, lawan yg tidak sesuai kemampuan tim. Jangan dimainkan,bisa darah tinggi","",""
"https://play-lh.googleusercontent.com/a-/ALV-UjVI9gasOG5uTO_HtYhSUyrvQXlojgpsywwzpufyUlhyBdeyMsg=s32-rw","Aura Yasmin","17 Desember 2025","setiap akan reset season atau setelah reset season, game selalu error, tidak tahu mengapa terjadi, entah karena bug dari game tersebut atau dari hp saya","",""
"https://play-lh.googleusercontent.com/a-/ALV-UjXC8aU_wARvyOrOmQNzXr6lyVUhkmkrncrIpN84dgnsI7740s6k=s32-rw","Hotmeilina Nababan","7 Desember 2025","please lah moonton, masa lagi asik push, tiba-tiba nge-lag, terus tiba-tiba udah di base lawan, ngelag, dan habis itu maju sendiri ke turent lawan. Mokad jadinya gue. perbaiki systemnya lagi please 🙏","4 orang merasa ulasan ini berguna","Tampilkan histori ulasan"
"https://play-lh.googleusercontent.com/a-/ALV-UjWF4Xhnd570OOpeiytjNq53mwTyndtkXXt6eHTyBkrre9YcehfC=s32-rw","Febry Marvino","18 Desember 2025","gw udah main dari season 1, yg paling parah update season sekarang server bisa down gini, ping merah kuning, gak stabil, ,update bukannya bagus malah buruk....","",""
"https://play-lh.googleusercontent.com/a-/ALV-UjXHWC4VElTNNCidbTMjUK9U_weUfjIzGh4Y-CoP62NyIckEfrsNAg=s32-rw","Arya Bojez","17 Desember 2025","makin kesini makin ngaco aja inii gamee,tiap kali main kek ada bot.nya,mana bonus bonus gak masuk akall lagii. . jangan mentingin game.nya aja mentingin penggunanya juga dongg langganan game ini bertahun tahun rasane mau hapus aja,udah ngaco lama lama, , , ,","",""
"https://play-lh.googleusercontent.com/a-/ALV-UjVMDV3hxsIq0umJUzWAqpr4AU7Dz20-9xtU8irFgqTIIbLUlMuJ=s32-rw","Frodus Laki Banju","20 Desember 2025","moonton tolong lah jaringan di perbaiki aku main selalu lag lag aku main ini tidak menayangkan sama sekali karna pengaruh lag lag dalam game kenapa main lag lag kalau sudah mati lancar jaringan nya woi moonton tolong di perbaiki jaringan nya lagi main hanya lag lag yang ada saya sudah 2 hari main lag lag trus tidak ada perubahan","",""
"https://play-lh.googleusercontent.com/a/ACg8ocL3cX3gKsfI5Qyp_Ul_6oTtx3kn65UH7a5OBRAXgyIR5-waOQ=s32-rw-mo","Iki Weh","21 Desember 2025","gamenya seru sebenernya, cuma makin kesini makin aneh player playernya tiap main solo ketemu triolah botlah dari dulu sistemnya gtu gtu Mulu , makin lama main makin ancur dikasih timnya","","Tampilkan histori ulasan"
"https://play-lh.googleusercontent.com/a-/ALV-UjUHn2XFoH1urJXGVAQDJdohvXtIcxzuqrb3QfjOuQMa4cNnYHaB=s32-rw","Saefudin","15 Desember 2025","GAME JELEK, tiba2 aja ngeframe ingame dan pas relog gak langsung ke ingame. Mau matching ulang pun gak bisa.","4 orang merasa ulasan ini berguna","Tampilkan histori ulasan"
"https://play-lh.googleusercontent.com/a-/ALV-UjU1bPLimOH_Ybn4bY4yrtXJYy6WLirmPTdXZc_EOGyRb5cDXsri=s32-rw","Eksekutif 05_05_Yustin kristian","16 Desember 2025","jaringannya tidak perna beres .....di liat di map pink 50_60 tapi kalau di tekan mnculnya 200 lebi...mana leg para lagi aneh ....main youtube ig tiktok lain"" ok"" aja...main ml pink bagus tapi masi aja leg para game makin ke kesana makin rusak jaringannya ini game tailh","",""
"https://play-lh.googleusercontent.com/a/ACg8ocKmS7-wDNmzbyE9Hu7Qak3Cq3bJQ-BlNQe5QiSTYIFN6gl_uQ=s32-rw-mo","ditodito00 00","24 Desember 2025","game ini bahkan bintang 1 pun ga cocok .. selalu dapet team gajls saat main beda kebalikannya musuh jago jago klo main solo jangann... lama lama bisa stres","",""
"https://play-lh.googleusercontent.com/a/ACg8ocKdAz4EQ5exSjXp9VqPIS8M3lcDU7_mGNieOuIjdvHs8p62Kg=s32-rw-mo","maria margareta","26 Desember 2025","kasih lah tim yang benar, saya lose streak gara gara dapet tim yg ga bener rank naik turun, banyak yang troll, banyak yang afk, jaringan juga selalu lag, tolong perbaiki sistem nya","","Tampilkan histori ulasan"
"https://play-lh.googleusercontent.com/a-/ALV-UjVKAEkGJ32H7miOB969h3Lgprbfsu0jxcO4eFnhn3x9sQjO-tFx=s32-rw","Syamsulhadi Syarif","21 Desember 2025","tonn monton tolong dong adain kayak penyaringan, jadi setiap match tuh imbang antara yang bot sama yang pro sumpah ton males banget kayak gua bener bener main dan tim selalu dapet yang troll sekalinya dapet yang bagus dikit musuhnya kayak sekelas pro player/penjoki kan aneh kalau gtuh jadi kayak gimana gtuhhh coba deh adain sistem itu pasti player makin betah dan tambahannya buat orang yang troll kasih banned supaya gak bisa ngeprank jangan bentar tapi kasih lebih lama supaya mikir gtuh orangnya","",""
"https://play-lh.googleusercontent.com/a/ACg8ocLlKtJ5WUav1tPyWPeFIpHWS2wDU6rVPDY7nEbLN2o-A3poQQ=s32-rw-mo","Wido Arka","15 Desember 2025","saya dari tadi mau maen susah masuk menghubungka terus padahal lagi in game tiba2 ngelag ngk bisa masuk ngk bisa ngpa2in kalau sinyal jelek oke lah,ini buka apa aja bisa giliran maen kayak gini","",""
"https://play-lh.googleusercontent.com/a/ACg8ocIGh6X8DqLGkh5E6ASdZY1b1H9lt2pg6BR4ErzRBrPyJxzyGA=s32-rw-mo","RENDY saputra","22 Desember 2025","aplikasi ini jelek gak bagus sinyal buruk pas lagi dalem game, di pencet ijo mending jangan di download jelek developer nyaa, sinyal bagus tapi dalem game jelek sinyal udh itu di pencet ijo, abis itu kita di hina game gak waras ini banyak banyak update tapi Cheat pada gak di banned di report yg berkurang cuman 2 biji kredit skore","",""
"https://play-lh.googleusercontent.com/a-/ALV-UjVHxgNkf5c7xoGYJ8HcUw_BCLMCWXShmZtC-GxITsuiH5-xQlbp=s32-rw","Seven Zero","18 Desember 2025","tolong dong monton game nya di perbaiki, dua kali main sinyalnya ga naik naik dari 222-150. Ga cuman rekan tim, bahkan tim musuh pun ikutan ngeleg","",""
"https://play-lh.googleusercontent.com/a/ACg8ocIsnMm0-iDyGirI8t_LGKd84OSCbzXP-A76io-DL0W64NOqKw=s32-rw-mo","Darma Aji","24 Desember 2025","game nya bagus tapi kalo kita main jangan di sengajain sistem nya musuh nya kadang jago kadang bot moonton samain lah semua musuh per match nya.. terutama pas mau naik rank musuh nya di kasih susah bet yg harus nya naik dua bintang ke legend jadi masih di epic..😠😠 terus kalo main solo kok ketemu yg mainnya ber-5 sih moonton gmn tuh?? 🙏🏻🙏🏻","13 orang merasa ulasan ini berguna",""
"https://play-lh.googleusercontent.com/a/ACg8ocJteJQpwUtzsHYeFrnS4crtu1ERL2ilQ962BhapVR0oHSEyLQ=s32-rw-mo","Shafwan SyauqiAqeela","20 Desember 2025","pengalaman tidak mengenakan, minimal klo kalah ga dikasih tim feed lah matchmacking bobrok ini game ga pernah ngasih pengalaman yang seru harus ada temenya itupun klo punya, padahal apa susahnya sih tinggal bikin matchmacking yang adil berdasarkan riwayat capek, main buat senang² malah banyak yang stress tolong benahi ini","",""
"https://play-lh.googleusercontent.com/a/ACg8ocIBBsKwZZV-U58DLncVX8SAGMNlyqozwmBLU64_CgAt6oyYlw=s32-rw-mo","Dika Hamdanwadi","26 November 2025","sistemnya kurang adil di tim musuh rata2 bisa main kalo udh di tim sendiri yg bisa maen cuma satu duo orang sisanya taulah, juga kalo udh kalah 3×4× pasti dikasih musuhnya bot semua tdk ad rasa menghargai playernya seakan2 kalo dikasih musuh yg tetbilang gampang bangt rasanya seakan menyepelekan playernya2 apalagi player solo kalo udh win strek 3 kali aj langsung dikasih kalah contoh daet timnya yg ngetroll, feeder, yg rank tdk sesuai skill( mungkin akun hasil dijokiin makanya mainnya g sesuai)","9 orang merasa ulasan ini berguna",""
"https://play-lh.googleusercontent.com/a-/ALV-UjW56JgW73Il_lIk5aUFJDPvjDbcsVyCXSEh9AuaNz3QREyQJ-u5aA=s32-rw","Steven Tobing","26 November 2025","game ini sangat buruk, knapa saya kata demikian, 1.masuk ke dalam gamenya sangat lama, 2.udh lama masuk stuck di 30% aj, giliran masuk udh gk bisa di control. stelah itu nnti kita dikatain afk dan semacamnya. untuk developer tolong ya diperbaiki ini game, bertahun-tahun main ini game baru kali ini ngerasain gamenya udh mulai aneh. SAYA KECEWA!","11 orang merasa ulasan ini berguna",""
"https://play-lh.googleusercontent.com/a-/ALV-UjWkDwQE0GadvmJEdkAiUSCcflViEHXVESYfalkkpZluGqiGb30=s32-rw","Radenn","18 Desember 2025","asikk... mlbb skrg ada fitur rekam layar, sangat membantu, handphone saya ga ada fitur rekam layar makasih.. tp skrg kadang kadang suka lag dan patah patah nge freme.. tolong di perbaiki..","2 orang merasa ulasan ini berguna","Tampilkan histori ulasan"
"https://play-lh.googleusercontent.com/a/ACg8ocLpKvBzlW5lLyICIpTOU54TaFaJxKohkTc6xMiSLsl3UNKcaw=s32-rw-mo","Yrzx 01","21 Desember 2025","kenapa sih monton? sekrang dikit dikit ngeleg ga jelas padahal sinyal wifi nya lancar tapi sering banget ngeleg? tolong di perbaiki server nya lagi","1 orang merasa ulasan ini berguna",""
"https://play-lh.googleusercontent.com/a-/ALV-UjWw4pNoOsQxffL06kvziVnciz0AdTjpMGdYZaTKGnu5VbR3DN4=s32-rw","Shadow","15 November 2025","tolong lah pihak developer untuk memperbaiki sistem matchmaking nya masa iya saya sering dapat team yang kurang memuaskan sedangkan lawan sangat pro/tidak sebanding dengan team yang lemah, tolong di respon dengan baik, jangan di persulit kami para user untuk push solo rank, ya setidak nya lawan dan team kami seimbang dan tidak berat sebelah. saya amat mohon untuk di respon keluhan kami para user game Mobile legends. secara game nya sangat memuaskan dan bagus tapi masalah sistem matchmaking tlng.","36 orang merasa ulasan ini berguna",""
"https://play-lh.googleusercontent.com/a/ACg8ocIx2bX_vot90Z_yNS5xnP9KKo5s-UKKo8azq_ma4g3jAm-PDA=s32-rw-mo","Alfatt ah","25 Desember 2025","hebat bgt ini game kadang banyak event menarik yg menghadiahkan skin bagus gratis saya puas dgn game ini walaupun terkadang dapat tim yg kurang hebat bintang lima!!","","Tampilkan histori ulasan"
"https://play-lh.googleusercontent.com/a/ACg8ocIAK8rsMDAu99rHhOycXMWZD6pZROO704HDDZVPeKXpv4_ZYQ=s32-rw-mo","Roylan Silitonga","13 November 2025","maksud nya apa monton, aku tadi main 1 match menang, tiba tiba menghubungkan ulang baru selesai match nya tapi kenapa bintang nya gk nambah tolong dikelas kan monton, kalo itu bug di hapus bug nya kalo itu musuh nya ngecit tolong di tingkatkan lagi keamanan nya, dan tolong kembalikan bintang saya, oo iya history pertandingan nya gk ada","13 orang merasa ulasan ini berguna",""
"https://play-lh.googleusercontent.com/a-/ALV-UjUFcweJzzj9nJ4KyvEb6MOUKxsHc4DpaHElpPbYfoU0-7wLH9z2=s32-rw","seno","16 Desember 2025","game rusak setiap lagi posisi mau menang ngeleg mulu dan itu terjadi 10 kali lebih padahal wifi lancar main game lain lancar kek udah di atur di sana nya biar aku gak menang","",""
"https://play-lh.googleusercontent.com/a-/ALV-UjXiDN-q8x8-fF6JyuBgf34Vno8N_lB7bUkbMTnZuGelTclOe7_v=s32-rw","Muhamad Syahrul","13 November 2025","di rank glory, gua main frangko di ranked sebagai roamer. setelah memenangkan pertandingan (victory), tiba-tiba menghubungkan ulang. akhirnya gua relog, pas gua liat hasil pertandingan, pertandingan tersebut ngga ada dan rank gua tetep sama alias ga naik. sistem sampah, padahal pas lagi main gaada lag sama sekali.","16 orang merasa ulasan ini berguna",""
"https://play-lh.googleusercontent.com/a/ACg8ocLYJZr1K3H844UOsfGEJSWQ1DpcYDY5B1Jb7rK1mA7jzQ7v3w=s32-rw-mo","Abdul Kodir","16 Desember 2025","saya kasih bintang satu, kenapa karena saya suka dapat tim dark sistem dan sinyal saya bagus tetapi tetap saja ngeleg dan juga stiap main suka losetreak dan ngegendong tim memang moonton parah sekali","",""
"https://play-lh.googleusercontent.com/a-/ALV-UjWG3SdxvBl6tyTFGm091qQWJcg9MBfnfutSSpHSwws1HoyZFh-F=s32-rw","Wafa Bf","9 Desember 2025","game nya kebanyakan nge freeze setiap update pasti nge freeze, pas draft pick lah, pas di lobby lah pasti nge freeze kalo sesudah update, menurut ku ini bukan dari HP ku, tapi dari ml nya, tolong perbaiki pihak dev game ny, cuma sibuk bikin event doang ga mentingin bug","","Tampilkan histori ulasan"
"https://play-lh.googleusercontent.com/a/ACg8ocKXC6JXgzl3QJCajiuX68eSjLoLFweNCxR2YMe6aYEhrPI6dw=s32-rw-mo","maulanafaridchoirulakbar Akbar","21 Desember 2025","gimana nih jaringan nya buruk banget, masa di game lain lancar di ml tiba-tiba merah terus mana lagi ws tiba-tiba merah sampe 5 game yang tadi nya ws jadi ls, skin elit benerin jaringan sulittt, (ga terima kritik ga usah bikin gamee)","",""
"https://play-lh.googleusercontent.com/a/ACg8ocKRyl4yuuWrt7t_newlHjqXUYAgDblnvwr4CDr-c13ZdLwGCw=s32-rw-mo","Ghazy Nurfaizi","9 Desember 2025","tolong diperbaikin lagi, soalnya gua udah download yg manajemen konten nya sampe penuh tapi malah ngefreeze di bagian lobby. jadi gua terpaksa harus uninstall dulu download gamenya lagi dan harus download manajemen kontennya lagi.","6 orang merasa ulasan ini berguna",""
"https://play-lh.googleusercontent.com/a-/ALV-UjX5pr1YtE6Ib4K4T1j0xt6BCxI9PGhiWb9jrZdsLCzBjkJeCNc=s32-rw","Raden Benu","28 November 2025","Diberi tim yang tidak seimbang padahal udah jago, konflik antar lane, player yang toxic jadi males main, kekalahan yang berturut turut membuat player jadi gila. Tolonglah sistem match nya diperbaiki, kita player solo sangat keberatan di beri tim yang tidak seimbang","29 orang merasa ulasan ini berguna",""
"https://play-lh.googleusercontent.com/a-/ALV-UjUFd9NShcDs50StoOZw2XmvbZvvO28ow8WB7h8bp051oFnpbleu=s32-rw","Ruli yansah","22 Desember 2025","game dengan player yang gak jelas dan suka lag pas lagi mainnya itu pun sinyal dan hp saya lebih dari cukup untuk bermain gama ini tolong di perbaiki mach dan lag pada game ini","",""
"https://play-lh.googleusercontent.com/a-/ALV-UjU_eJD8fPwJroytRLp1GJDNO6AlBeG53_97dO6pDdNx3X6wHsqZ=s32-rw","Shadow","17 Desember 2025","sinyal padahal bagus tapi gameplay nya patah-patah, apalagi pas main sama temen behh makin ngeleg padahal bagus lo sinyal nya lama lama pindah game aja wkwkwk kocak","","Tampilkan histori ulasan"
"https://play-lh.googleusercontent.com/a-/ALV-UjWYDs2RfmdoVCG8sVh1FcWmw9DHzUaEsMKVV3Q7teaSSRxgiZHw=s32-rw","M teguh Arsyad","17 November 2025","tolong ya monton bikin ni musuh dak udah kuat kali terus event dapat skin gratis nya bisa di klaim jangan satu kali dong serta tolong buat mode rank mudah dan biar bisa milih pakai Hero apa dan di mana tolong ya sama kasih lah LAWAN YANG MUDAH! abis susah nian lagi musuh nya kasih lah musuh yang mudah MOTOOOOOON! + tim nyo dark sistem semua tolong lah yang dark sistem tu Ben aja tross kalo dah update sistem jangan lah kalo misalnya epic 2 diturunkan ke epic 5 terus bikin lh msh tu dk susahhh kli","92 orang merasa ulasan ini berguna","Tampilkan histori ulasan"
"https://play-lh.googleusercontent.com/a-/ALV-UjWHzsHTWxS0QG12h_X2J14FcHC2sVFyL5Vye0zzQYgbI1bfLnvG9g=s32-rw","Aura Karisyah","23 Desember 2025","game gajelas, sinyal burik udah gitu pas main tiba"" keluar sendiri apacoba, sekarang server lagi down sinyal ijo jalan sendiri, sinyal merah di pencet yang muncul ijo maunya apasi 😡😡😡😡","",""
"https://play-lh.googleusercontent.com/a-/ALV-UjVG3EutrLrLVm_UUM-r1D3PLLP3jSAAHcQSWdVPCar-d55TGwQ=s32-rw","Arkan Baubau","8 Desember 2025","game sdh bagus, tapi coba hal hal yg ada di mlbb kasih juga di mode off dong jadi kayak beruntung banget punya barang itu, dan satu lagi, kalau aku geser kartu kasih banyaklah aku kartu epic, dan isinya juga kasih hero bukan skin trial, kalau di baca please kabulkan 🙏","",""
"https://play-lh.googleusercontent.com/a-/ALV-UjXcvKcvEEmYvJ9zQXiTxLKQBewtrasE8nQFh3JPhSwNGN2pqIOg=s32-rw","M.N L.F","2 Desember 2025","Untuk moonton tolong diperbaiki dibagian pelayanan nya, soalnya saya mau login akun menggunakan handphone baru ribet banget sampai sekarang, jadi belum bisa mengganti akun ke handphone baru. Soalnya saya stuck dibagian isi form untuk pemulihan akun. Juga saat saya ingin mengaitkan akun ke akun lainya ( TikTok, Facebook, WhatsApp ) malah dianggap akun belum terhubung ke platform, padahal saya sudah 100% kaitkan akun dengan platform lain. Tolonglah developer, untuk memperbaiki sistem login akun.","4 orang merasa ulasan ini berguna","Tampilkan histori ulasan"
"https://play-lh.googleusercontent.com/a/ACg8ocL8Znh2cWqbHfvZtrnmU41qmC0mZBH0fdNgf-7uNGN0LyrERQ=s32-rw-mo","Fatraaamuqaddas Fatraaamuqaddas","23 Desember 2025","game aneh, matchmaking masih aja begitu gaada berubah"" nya sampe sekarang, gw masih legend main trio temen gw juga legend masa musuhnya honor/mawi, gaadil banget kan","",""
"https://play-lh.googleusercontent.com/a-/ALV-UjWgDAECE1O2rSk8l-yNFD158j6suy2frEUc2IiYxDYhp2WnMwTy=s32-rw","Putra Rianto","18 Desember 2025","saya kasih bintang 4 dulu karena sistem untuk pembagian tim yang tidak adil. saya selalu mendapat tim yang jelek sedangkan tim musuh jago Saya mohon untuk lebih adil lagi dalam pembagian tim","",""
"https://play-lh.googleusercontent.com/a/ACg8ocLlndU8Mzfa21xZqGQMdlsOVWKESZADXLdhQ1hlRjGmrlz9DQ=s32-rw-mo","RAM JELAH","15 Desember 2025","sinyal bagus, tapi kadang2 sinyal suka tiba2 ilang, pas login ulang gk bsa masuk pertandingam.","",""
"https://play-lh.googleusercontent.com/a-/ALV-UjVzJdoDUdZqbsegEdd8PvU4fuCeJva1HLda-gU4tGtap_RrRUc=s32-rw","Di Dik","8 Desember 2025","monton benerin dong ini musuhnya. kalo di epic-legen itu susah banget jadi lalu tiap aku victory sering ada peringatan afk padahal aku mati' Matian mainnya. aku rasa lebih bagus perbaiki musuhnya aja soalnya permainannya gak seimbang...","",""
"https://play-lh.googleusercontent.com/a/ACg8ocK1fYb-YOq8XGgYH4xIU0ufo7AhgvJMnqt5pJqWWNp3bm1msA=s32-rw-mo","Wulan Dayana","19 Desember 2025","saya kasih bintang 4 saja karena dalam akhir2 ini pas mau mulai main rank loading ny nyendat lama menyebabkan saya sering afk sendiri karna gak masuk2 dalam permainan.mentok di 30% trus","",""
"https://play-lh.googleusercontent.com/a-/ALV-UjW4FoNC7sytUSFqIiZouAg5Rca4zw3LUDnHrukQ0Z02tPOR5Psi=s32-rw","Yuli Anto","26 Desember 2025","mohon diperbaiki servernya saat setelah update, sinyal nya leg terus padahal udah pakai wifi dan tim nya banyak yang suka troll","",""
"https://play-lh.googleusercontent.com/a/ACg8ocLUzN3iZJvT-fT40yk7lEQJoJJlBCe6kio6YltvLJLdICutuA=s32-rw-mo","Dian Fitrii","5 Desember 2025","merasa puas sekali karena keluhan langsung di tanggapi dengan sempurna dari masalah penyimpanan , jaringan , dll . dan sekarang download data mlbb nya bisa lewat latar belakang banyak event juga , tapi sedikit kecewa karna terkadang lag pun masih ada walaupun itu di waktu luar pertandingan tolong perbaiki","7 orang merasa ulasan ini berguna","Tampilkan histori ulasan"
"https://play-lh.googleusercontent.com/a/ACg8ocIUFcQpVQNuWkNkXXuLSbojT_eJjLYWS0nBROx64LC_a2v90Q=s32-rw-mo","Afi Rumimpunu","9 November 2025","Untuk pihak Moonton tersayang, mohon matikan verifikasi setiap kali ingin masuk ke akun lain. Apa gunanya fitur mematikan verifikasi jika kalian tetap memasang verifikasi tersebut? Hal ini justru menyulitkan para pemain dan mengurangi kenyamanan dalam menggunakan aplikasi. Mohon segera diperbaiki agar pengalaman pengguna menjadi lebih baik. Terima kasih banyak.","41 orang merasa ulasan ini berguna",""
"https://play-lh.googleusercontent.com/a/ACg8ocLO4hTx2j0gfJpL5mUPgUIQdJ7xLph6CS8Tcv0JykNnUAHgRw=s32-rw-mo","Realmec2 Realll","24 Desember 2025","banyak bugnya setiap kali mau main malah balik lagi ke pembukaan awal padahal gak ada ngapa²-in, dan itu masih di DETIK 9","","Tampilkan histori ulasan"
"https://play-lh.googleusercontent.com/a/ACg8ocKwNk313dusNd1z5FGHNzRfcgRCO3ozL_P4NFCZCDcTpF8X2g=s32-rw-mo","Rei Han","22 Desember 2025","bagus sih cuman males main karna ak kalah trus Jing gra2 punya tim kek Kon sengaj kalah KLO bisa di game nya pas main ad tempat repotny la. ak da repot pas selesai game tetap percuma ga di kasi poin. ato bintang rank ku di kasi pelindung Jing + lawannya ngotak la top global Jing terus ak dpat nya dark sistem kek kon Jing","",""
"https://play-lh.googleusercontent.com/a/ACg8ocKGrFzQeubFQnq3BhcI_q1iT-fxH8VCFl7Hu2fwfjIZ51kwmQ=s32-rw-mo","Dasri Ode","19 Desember 2025","aku kecewa sekali sama game ini, kok tiba tiba game nya tidak bisa di buka walaupun sudah di uninstall kemudian download ulang tetap tidak bisa di buka, aku minta agar akun saya bisa di buka lagi","1 orang merasa ulasan ini berguna","Tampilkan histori ulasan"
"https://play-lh.googleusercontent.com/a-/ALV-UjV0oUJSGvKFr_fxlL6p8bhFOlGZTBKau7H60IRs4KhrYjWnUJ7L=s32-rw","Anton Bieng","23 Desember 2025","setelah update kemarin pas loading match pasti stuck di 30%, terus pas semua udah pick Hero tiba tiba jadi patah patah. tolong diperbaiki","",""
"https://play-lh.googleusercontent.com/a/ACg8ocIHaYBDkPCSh7nLhdAkp0T_-okPC9MwxqgErOz6H98t7Gx6Tg=s32-rw-mo","Ibnu Alhafidz","20 November 2025","tolong lah montoon perbaikin sinyal kadang kadang ngeleg banyak bug pas udah dalam pertandingan terus sama perbedaan yang dulu sama yang sekarang masih mending yang dulu di bandingkan sama sekarang kesini kesini banyak updetan palah nambah banyak bugnya tolonglah dari pihak montoon perbaiki lagi game nya soalnya sangat mengganggu sekali ketika sudah dalam pertandingan aduh saya hampir nggak bisa ngomong apa lagi dengan game yang satu ini udah nggak ngerti saya ngomongin game ini lagi udah capek","7 orang merasa ulasan ini berguna",""
"https://play-lh.googleusercontent.com/a/ACg8ocLG-rRMH94vbYA_y3BkkUBKLhGUMjyoy5XBPU76WAVw4E9ScQ=s32-rw-mo","Fathir","19 Desember 2025","tolong dong server nya di perbaiki ini padahal jaringan bagus pas di game nya malah lag terus tolong dapet tim yang setara dong soalnya musuh nya ex imo dapet tim ex legend","",""
"https://play-lh.googleusercontent.com/a-/ALV-UjUhqYvsBSQsFbdTvVkY0tFljhO0fL07aEKijHHrFdExJW4UBqZC=s32-rw","Esa saeputra25","7 November 2025","Ini Tolong Ya, Saat ku main di MLBB Rising Open atau mode lainnya ini tolong lah jaringan nya di tingkatin jadi lancar lah, saat late game ini jaringan nya nge lag , sampe dekat sama wifinya aja masih nge lag. Tolong lah ini jaringan nya di tingkatin dikit napa jangan nge lag pas main late game.","31 orang merasa ulasan ini berguna",""
"https://play-lh.googleusercontent.com/a-/ALV-UjXYabc7BMgIjqmEXFY7Om6JSEsy9ZFLqbV4vfAZV5N45eBegI4=s32-rw","Muhammad Uwais","19 Desember 2025","Woi benerin matchmaking-nya, dapet tim ampas mulu. Musuh ga jago tapi timnya ampas. Hukum player Afk dan lag seberat-beratnya. Minimal ban rank sehari, supaya ada efek jera.","","Tampilkan histori ulasan"
"https://play-lh.googleusercontent.com/a-/ALV-UjWSl7K48JE63J92u5pw0v-2WDl_Nk4hyX7__In2xwQvwztiveE=s32-rw","Green Loyd","10 Desember 2025","game penambahan dosa, bikin saya berbicara toxic secara lisan. masa saya di kasih kalah 7x bertutur turut. padahal, draft pick nya sudah benar, dan nge ban hero OP, tapi tetep aja, dapet tim yang gak bener, jadi saya ingin game ini di perbaiki lagi, mana tim yang bagus dan mana tim yang jelek, dan sesuai kan secara pangkat agar tim dan lawan sepadan. itu ulasan dari saya","","Tampilkan histori ulasan"
"https://play-lh.googleusercontent.com/a/ACg8ocKvZ9O7kIsf3CRs2smXGKigAe5Ik4TvilLtvl5kMvWUWGdHHQ=s32-rw-mo","Indo Eternity","23 Desember 2025","dari segi game dan fitur2 nya udh oke tapi satu min mencari lawan nya yg seimbang di kelas rank jgn yang lawan sulit min itu saja masukan saya terimakasih selamat malam 🙏","",""
"https://play-lh.googleusercontent.com/a/ACg8ocI4W0LqiWtwY9tgv0m9CInAkAxt083_7sy7lmQBJqrm9liYsA=s32-rw-mo","Rey Pranata","9 November 2025","ini game nya kenapa sih ya sinyal lancar loh tapi kenapa menghubungkan ulang terus,, tolong diperbaiki min asli emosi parah gw ini!!! loading match stack 30% dan terkadang relog sendiri sampai dinilai afk,, gw join game terus main tapi dinilai afk percuma dong!!!!!","28 orang merasa ulasan ini berguna","Tampilkan histori ulasan"
"https://play-lh.googleusercontent.com/a/ACg8ocIl12PnTBE7xRyWtuVzP4BrqJLy7Y_20n-mWL9C7KE4AUOZxg=s32-rw-mo","Nanda Cipluk","20 Desember 2025","maaf monton gua ksih bintng 2, game lu knp sih monton tlong peebaiki lah ini sistem eror apa gimana sih, perasaan udah 2minggu main jaringan kok merah trus pdahal sinyal wifi bagus, tlong lah bikin nyaman para playermu lah montoon","","Tampilkan histori ulasan"
"https://play-lh.googleusercontent.com/a/ACg8ocKBuuyW_G4VOMxTglMBiYgHb5ZQt6YOLdPaHp7nL8gLGslQGw=s32-rw-mo","Farham Nur","11 November 2025","gamenya si bagus tapi permasalahnya itu pertandinganya tidak seimbang antara musuh dan team dan sering banget dapet team player yang tidak mau main atau males main nah itu solusinya gimana ya cara ngilangin player kaya gitu gedek banget sumpah setiap season pasti ada aja ora kaya gitu.","43 orang merasa ulasan ini berguna","Tampilkan histori ulasan"
"https://play-lh.googleusercontent.com/a-/ALV-UjVvVsyx8jyQZCroSdgGh4WlOxStc6w2ygBPs2oZTmpVA11uo40=s32-rw","Ismail Sabi","6 November 2025","untuk pihak moonton, saya mohon akun saya tidak bisa di loginkan, ketika saya login muncul notifikasi ""Pemberitahuan Offline"" dan disitu tertera 2 pilihan dan saya klik ""Abaikan dan Keluar"" itu akan keluar dari game, lalu jika saya pencet ""Login Kembali"" lalu login ulang, tetapi tetap muncul notifikasi ""Pemberitahuan Offline"" tolong ada apa dengan akun saya","29 orang merasa ulasan ini berguna",""
"https://play-lh.googleusercontent.com/a-/ALV-UjUGAW8_xCjLI0ZU33FBWMzhri-03-A6Rl8b9vVk2J28-EBGmcUG=s32-rw","Rangga Sutangga","14 November 2025","Segini dulu min, saya sering mengalami kendala saat bermain. Contohnya seperti saat sinyal saya hijau tapi, saat saya akan mengeluarkan skill hero bisa delay sekitar 2 detik. Jadi tolong untuk masalah jaringan untuk dibenahi lagi 🙏🙏","7 orang merasa ulasan ini berguna",""
"https://play-lh.googleusercontent.com/a/ACg8ocI_RgvA0J-sLMj8sp_yB9UcWG8tK4xWARg0_WfV3Lms2H_KOg=s32-rw-mo","SATRIA YOGA","14 Desember 2025","game rajelas, ga pantes ada di play store sama sekali ngak ngehibur, spin ga dapet2 yg bagus emang gajelas... maen rank dikasih temen yg BOT gak bisa maen juga mesti di tim musuh lawan nya pro Player, penjoki, lha di tim sendiri orang gabisa maen semua drak sistem, dan banyak yg ngetroll emang game gajelas hadeh, dikasih tim yg gak sepadan game macam apa ini mending dihapus ae, saya mohon untuk diperbaiki keluhan saya terkait pengalaman saya berada saat memainkan game mobile legends yg gajelas..","7 orang merasa ulasan ini berguna",""
"https://play-lh.googleusercontent.com/a/ACg8ocJ4TQvjMkHSQ-CftTiaPnLKhurasP2ZPL1zgaVXcIjWW_VEwg=s32-rw-mo","Menyun Gustiawan","5 Desember 2025","saya kalau main ML tidak pernah menemukan kebahagiaan sama sekali. yang saya dapatkan cuman rasa trauma dan emosi yang berlebihan. saya niatnya main game untuk menghilangkan rasa lelah dan setres. namun, yang saya dapatkan justru malah sebaliknya, rasa lelah saya bertambah dan setres saya pun juga bertambah. kenapa demikian? karena untuk pembagian kedua tim sangat tidak adil. perbedaannya sangat jauh, tim saya tidak bisa main sedangkan tim musuh semuanya jago. bukan cuman saya yg merasakannya.","5 orang merasa ulasan ini berguna","Tampilkan histori ulasan"
"https://play-lh.googleusercontent.com/a/ACg8ocJ4eeTGGIyU_1DZM63RGSpoJ2-8BS7rU3D3BXxT84-Wfq-PXQ=s32-rw-mo","Lulu Lutfiah","7 Desember 2025","menurut saya game ini sudah bagus dan banyak event misi dan coleb pun bagus bagus tapi kenapa ya saat bermain Rank sesudah pick Hero hp Langsung diam saat detik 10. saya selalu telat masuk pertandingan kalau gini terus kredit skor turun tolong benerin.","2 orang merasa ulasan ini berguna","Tampilkan histori ulasan"
"https://play-lh.googleusercontent.com/a-/ALV-UjUue0tKCIIzcCKrl5xGCA6SkzURmCNU8rPF3ALtWzjNZ8qe041a=s32-rw","Rangga Rakatesa","20 Desember 2025","makin ke sini game makin berat, banyak bug sma legg ping nggk stabil, tes jaringan ngebug parah device ram gde pun jump ping, game IDIOT !!!","3 orang merasa ulasan ini berguna",""
"https://play-lh.googleusercontent.com/a-/ALV-UjWyuYWLtIC37c1EYqoltzNhDYRI3wPjPsLf2YxwqRMvFlTN0pII=s32-rw","Lam Elh","15 Desember 2025","game nya enak tapi jaringan nya burik, setiap ada masalah jaringan pasti aja ga di tanggapin dgn serius bikin player nya afk terus di kurangi kredit skor nya aneh emang ini game","",""
"https://play-lh.googleusercontent.com/a-/ALV-UjWMJfzwlDa-vVeESpGqiLnypEjDUKZ19v8Ro1--Qc-xsX-QSNUA=s32-rw","chetos 556","18 Desember 2025","jaringan stabil di luar waktu in game ping naik turun gak jelas,, benerin dulu masalah jaringan baru lo bikin event yang macem2","",""
"https://play-lh.googleusercontent.com/a-/ALV-UjXaLtIf970uJB8RHD0NdoGfoFoRA2MU1v7gapbIc1R4IIny-PvA=s32-rw","Harmony Flinn","1 Desember 2025","aku masih bintang 5 biar cepet d respon , dear developer terhormat, sinyal wifi aman data aman, saat memainkan rank sinyal melemah hampir tidak bisa bergerak sepanjang permainan, sangat disayangkan sekali dev kualitas sinyal rendah padahal yang lain bagus , mohon segera diperbaiki! karna ini sulit sekali","10 orang merasa ulasan ini berguna",""
"https://play-lh.googleusercontent.com/a-/ALV-UjUvALcTH61xZNwJPG4A7LFS8SllFwztl2QSqG8sVjp464L7wHwz=s32-rw","Rahmat Afriyansyah","10 Desember 2025","ini game tidak adil dalam pemberian tim secara solo, dapat tim rank tidak sesua dan pengalaman main yang sangat minim berbeda dangan tim musuh sangat mengetahu cara bermain dan kutang efektif","",""
"https://play-lh.googleusercontent.com/a-/ALV-UjU2vqsBNlTGkC7Ce0csKcwLdVXyXNkuNwj7xeE_H4aig0rHnAi4=s32-rw","Brilliana Rizkania Rozaq","9 Desember 2025","Sering ada masalah jaringan yang bikin satu tim semuanya ngeleg dan afk, gaada perlindungan bintang karena itu, parah patah gajelas padahal gaada apa apa, dapet tim ga seimbang. Game anj emng.","3 orang merasa ulasan ini berguna","Tampilkan histori ulasan"
"https://play-lh.googleusercontent.com/a/ACg8ocJHXbU3oour1wd1WwZVWHCYSEDMt3TQ7LevmcXIZRMzU1IaDw=s32-rw-mo","Ardy Ansyah","3 Desember 2025","game banyak bug,tapi selalu update event mulu tanpa ngurus bug/keluhan player,hp saya ram 6 setiap draf pick lag mulu,tapi saya lihat hp tmn saya ram 3 ga lag pas drafpick kan aneh,, sistem game gjls banyak dark sistem ,tim musuh mantan ino semua sedangkan tim stuck honor semua","2 orang merasa ulasan ini berguna",""
"https://play-lh.googleusercontent.com/a-/ALV-UjVZW00K3hUdOb6lzVRkQGlYrZfy_CL6htfqTx-C5BnJJZIGxuQ=s32-rw","Citra Seltri","1 Desember 2025","game paling rusak yang pernah gua mainin, dari segi grafik sama bagus tapi dari segi dalam game/pertandingan ngga banget! gua main dari lusa kemarin kalah mulu, frustasi gua. kalo ada sesekali menang mah masih mending, lah ini pure kaga menang sama sekali.. temen gua bahkan ada yang hampir gantung diri waktu itu cuma gara-gara losetreak ml, ga mikir banget sumpah moonton. mending lu pada uninstall ni game, pindah ke HOK yang jauh lebih Friendly & asik.","4 orang merasa ulasan ini berguna","Tampilkan histori ulasan"
"https://play-lh.googleusercontent.com/a/ACg8ocKbAmmDMhwizT3RrQUyOZ7pXxmRPaKIYQZCCjNpGGmMHI_BWA=s32-rw-mo","Oppo Opoi","10 Desember 2025","moonton ini game udah bagus tapi masalah sinyal sama tim tolonglah di perbaiki ini sangat mengganggu karna pas saya sedang war tiba tiba jaringan langsung merah pas saya mati baru sinyal baik pengalaman ini bukan sakali tapi tiap kali main baik Reng cl atau brwl dan pas saya main tim saya selalu dapat yang dark sistem sedangkan lawan GG semua ini tidak seimbang lah sekali lagi buat monton tolong lah di perbaiki pengaturan tim yang seimbang sama tidak dan yang penting JARINGAN NYA TOLONG monton","",""
"https://play-lh.googleusercontent.com/a-/ALV-UjVWbGQmUWgbFhxMQQkO8IWoMehjrv__7OxYUtRAxzLoCgAdEsg=s32-rw","Anggita Putri","8 Desember 2025","Game aneh, gw uninstall lagi. Banyak hero yang gak otak. Akhirnya pindah ke Hok dan ternyata lebih memuaskan. Bayangin aja mau ke honor cuma di kasih defeat 10 kali, tanpa ada kemenangan. Galeri album juga isinya emas/MVP tapi kalah. Mending Hok","5 orang merasa ulasan ini berguna","Tampilkan histori ulasan"
"https://play-lh.googleusercontent.com/a-/ALV-UjV7nZCP7oMwXML53WbUoHnENp5hZ3WxCh_ecXk10WjrQ0a6d6R_=s32-rw","Dian Agung","14 Desember 2025","sistem matchmaking rusak, kebanyakan match tidak imbang dari hanya 2/10 game yg skill gap.nya tidak beda jauh, lainya jauh banget bikin emosi. kecuali lu main 5, dan sekarang malah parah matchmaking nya. tapi ttep gua mainin soalnya ya game moba yg mekaniknya gua tau ya ini.","6 orang merasa ulasan ini berguna","Tampilkan histori ulasan"
"https://play-lh.googleusercontent.com/a/ACg8ocJ0F3iKwE2JJWj4fGt3NkSY-AxDBuad5gjRpqMzblbjoi_mwA=s32-rw-mo","Fx Abhibayu Leo","14 Desember 2025","saya membuat akun baru dan telah bermain 3 match pada match pertama saya mendapat 103 kill tapi statistik dan history nya tidak dihitung.saya berusaha memperbagus histori dan statistik saya tapi terjadi bug seperti ini.saya merasa sangat kecewa dengan apa yang terjadi","6 orang merasa ulasan ini berguna","Tampilkan histori ulasan"
"https://play-lh.googleusercontent.com/a/ACg8ocJgyDa5e_V-kH0kum9rczghv-67YvT8rd4zc08pEm5I9DbbnA=s32-rw-mo","Theasovili Rostenbern","14 Desember 2025","Game ini bagus untuk bersenang senang tapi MINUS NYA TIM NYA itu bener bener gak seimbang sama menang dan selalu ketika main dapat tim warrior, bodoh, atau bener bener gak bisa main sampai kita yang dirugikan dan dapat tingkat bawah atau coklat intinya game ini gajelas, udh mana yang jadi badan tim kayak roam malah kill banyak bgt lagi, emg game sampah","10 orang merasa ulasan ini berguna","Tampilkan histori ulasan"
"https://play-lh.googleusercontent.com/a/ACg8ocKqlOtM1IZIS8S-PguGmqWLCFRwG_ZytfJ4AnttzgN-OX9leA=s32-rw-mo","Rio Sakti","9 Desember 2025","ada banyak bug, pembagian tim tidak adil, jaringan sangat tidak stabil,server sering bentrok dengan server yang lain.sebenernya masih banyak yang mau gw ketik,cuma batas nya hanya 500 jaid komentar gw gak bakalan muat","","Tampilkan histori ulasan"
"https://play-lh.googleusercontent.com/a/ACg8ocJItvwdo-n8w9XBKZu-AMvTPkirVjiVgHz7VTGv5xBZil-TyQ=s32-rw-mo","ALASKAR OFFICIAL","14 Desember 2025","Jujur kesel banget yang bikin emosi itu dua hal ini kejadian terus pertama mau ngepost album foto tapi sama sekali nggak bisa setiap dicoba game malah balik ke loading screen mobile legends kayak login ulang sendiri kalau nggak begitu malah keluar dan balik ke lobby mobile legends kemarin dicoba berkali kali sampai sekarang masih sama aja Kedua pas main juga sering bermasalah lagi fokus lagi war tiba tiba ngelag atau freeze padahal koneksi lagi lancar Ini jelas ganggu gameplay dan bikin","4 orang merasa ulasan ini berguna",""
"https://play-lh.googleusercontent.com/a/ACg8ocIDpzq6izbfgi6uUChzsB-xfyOSh3FJu3QZOC29Sl_59EWYjw=s32-rw-mo","Raihanaltamis Arshia","8 Desember 2025","game ny bagus terus heronya juga banyak banget TPI kadang kadang ketemu tim draksyistem dan kalo misal nya tim nya bagus pasti tim musuh ada proplayernya sekian presentase saya PDA game ini rekomended buat yang mau pada sters,tapi saya tidak suka dengan metch making yang baru soalnya sering banget ketemu draksyistem ini padahal udah di renk tinggi Lo TPI aja ada orang yang suka main gajelas kalo saran saya monnton jika ada player terdeteksi mainnya gajelas didalam game langsung aja berisanksi","1 orang merasa ulasan ini berguna","Tampilkan histori ulasan"
"https://play-lh.googleusercontent.com/a/ACg8ocKPfx4dnXq8pQdYgyf8yMpspSetfkA42hbaB8_CQgpXH9HQmQ=s32-rw-mo","Badar Arpin","1 Desember 2025","pengalaman bermain yang sangat buruk tidak ada satupun kemenangan yang saya dapatkan yang saya dapatkan hanya tim yang buruk sedangkan musuh saya bermain dengan cukup baik dengan rank tinggi apakah ini pantas untuk di mainkan atau hanya sekedar mengejek player solo seperti saya","4 orang merasa ulasan ini berguna",""
"https://play-lh.googleusercontent.com/a/ACg8ocIWVlQsiwAl6EQzrweCZh5Usx1IMs7m9kOaugG8go_akkiSqw=s32-rw-mo","Ahmad Fauzan Harahap","13 Desember 2025","Semenjak saya main tahun 2018, game ini sangatlah menyenangkan. Game memberikan kesan bahwa bagaimana kita harus bertindak, bersatu dan juga mengatur strategi. Game ini dari tahun ke tahun juga, selalu berkembang menjadi lebih baik. Tetapi, game ini sungguh memberi dampak buruk seperti kecanduan yang berlebihan dan lupa waktu, serta player yang toxic. Saya menyarankan untuk menjaga keseimbangan waktu bermain, jaringan yang lebih baik dan lingkungan bermain yang lebih positif.","3 orang merasa ulasan ini berguna",""
"https://play-lh.googleusercontent.com/a/ACg8ocK2zp_jJHAUS4GRFJt5IVseePiZjeprVyOD9rrmTSyBZn7KDg=s32-rw-mo","I Kkyyy","9 Desember 2025","Item sepatu ""Swift Boots"" atributnya terlalu kecil dengan harga yang sama dengan sepatu yang lain. Sehingga banyak sekali Hero MM yg memilih untuk tidak membeli item sepatu tersebut, karena dianggap tidak efektif. Sepatu Swift Boots perlu disesuaikan ulang, misalnya penambahan pasif unik item atau penambahan attack speed menjadi 20%, atau ditambahkan movement speed menjadi 60 atau penambahan atribut Adaptive Attack 16.","5 orang merasa ulasan ini berguna","Tampilkan histori ulasan"
"https://play-lh.googleusercontent.com/a/ACg8ocIw4eq1ej73HHrzNPwJCQSXLRozuRXhNmRBQbinKZRlVWwr7A=s32-rw-mo","Hamid Abdurahman","11 Desember 2025","gua player solo, sangat kecewa dengan sistem matchmaking ranked karena kurang adil, seperti: 1. ketemu lawan duo/trio,squad 2. perbedaan tier lawan lebih tertinggi 3. serta (dark system) maaf, dapat teman random yang noob (amatir), entah itu player bocah atau yang baru mulai main. sekian & terima kasih moonton.+ bintang gua turun dari 88-68.","6 orang merasa ulasan ini berguna","Tampilkan histori ulasan"
"https://play-lh.googleusercontent.com/a-/ALV-UjURvIbePGbCIm575_KBF9JKI9Cj3MOmf_Jbq6DCG50tXfydwT7E=s32-rw","I'm far yes","2 Desember 2025","bagus sih bagus namanya juga game yang lumayan terkenal, tapi jaringannya oi kek apalah, lagi enak² nya war tiba² aja ngelek itu maksudnya apa ya? pliss perbaiki jaringan bukan cuma update² terus, sama satu lagi, adain fitur replay yang bisa di mundur in sama di maju in","1 orang merasa ulasan ini berguna",""
"https://play-lh.googleusercontent.com/a/ACg8ocI9Dsqegzg7UpGmW4OcK93-4kX2U_aK7CdrNlif012qhzInvA=s32-rw-mo","haminah minah","10 Desember 2025","Perbaiki sistem, kenapa setiap menang berkali kali, tiba tiba sinyal hilang, patah patah,nyakut"", saya tau itu bukan masalah hp nya, kerena saya terus mengalami hal tersebut, setiap ws 5 kali pasti sinyal, hilang, padahal saya main berlima, tapi selalu saja tim saya ada yg leg, padahal pas buka tik tok aplikasi lain lancar, tolong perbaiki sinyalnya, saya ga masalah kalah kerena musuhnya jago,yg bikin saya emosi itu kalah gara gara sinyal langsung hilang, tolong perbaiki saya udah hbis bnyk uang","6 orang merasa ulasan ini berguna",""
"https://play-lh.googleusercontent.com/a/ACg8ocLAaCNDjKpyo6zIHRZeVITu78VFoPIQ_plO1T0uOjzcm7Sq=s32-rw-mo","Abdul Aziz","7 Desember 2025","dijamin kalian darah rendah bisa jadi tinggi karena ini game, tolonglah pihak moonton perbaiki lah jaringan nya, internet nonton tiktok, you tube, dll lancar lancar aja, sedangkan pas gameplay selalu lag mulu padahal wifi & data ku lancar loh, semua player merasakannya, jadi tolong lah ya, udah itu doang, sisanya game ini bagus, menarik, terus ada event Collab mlbb x Spongebob, seru bgt, gw rating 3 Karana masalah jaringan ny, diperbaiki lah ya","17 orang merasa ulasan ini berguna","Tampilkan histori ulasan"
"https://play-lh.googleusercontent.com/a-/ALV-UjWVOW0l-CGIrix3QNnv0E_EsWMs2IxXmUjqyG1SUe_q7-gq_G8=s32-rw","Muhammad Fadil","2 Desember 2025","Tolong perbaiki, saya tidak nyaman saat ingin memilih Hero ataupun emblem dikarenakan crash, dan juga saya sering mendapatkan gangguan saat ingin memasuki pertandingan game. Tolong segera di perbaiki.","2 orang merasa ulasan ini berguna",""
"https://play-lh.googleusercontent.com/a/ACg8ocLqWQJ7pougnKZnnoI3LBbnnnaXHEsFcdX1ODoJ3B_6AH44FA=s32-rw-mo","Moh Alawi","1 Desember 2025","team tidak bisa di kontribusi kan membuat saya tidak nyaman memainkannya dan slalu kalah setiap pertandingan dan juga hari kenapa bisa begitu di karnakan team saya slalu mendapatkan yang tidak mau kontribusi dan juga slalu mendapatkan musuh yg jago baik itu saya solo rank, duo rank, trio, ataupun party an selalu mendapatkan lawan yang jago tolong lah di sesuaikan dengan kemampuan seorang yang solo duo trio maupun partyan kasih lah lawan yg sepadan jgn slalu update tapi slalu tidak nyaman bermain","4 orang merasa ulasan ini berguna","Tampilkan histori ulasan"
"https://play-lh.googleusercontent.com/a-/ALV-UjXWIwNUccSLutvY7FuQdQBGJCDSwZKNTyIGpQK_BWfnm6pZPjE=s32-rw","rina rina","10 Desember 2025","kalo main solo selalu dikasih tim yang gak bisa ngimbangin game play saya, pada egois juga...dan terkadang saat dapet tim yang main duo pasti rank nya beda jauh dengan saya... moonton tolong bikin sistem rank kalo main solo selisih rank jangan lebih dari 10 bintang","1 orang merasa ulasan ini berguna",""
"https://play-lh.googleusercontent.com/a-/ALV-UjXXm8xsGmpvYlA0jV6GdHHCekr06NSrdcqs0JoDDGp1MxygCKvr=s32-rw","Aznan Ali","13 Desember 2025","dari pengalaman saya game ini bukan menghibur namun membuat para pemainnya frustasi atau capek bukan dalam hal permainannya namun dalam hal komposisi timnya yg sangat perlu di tingkatkan lagi karna saya sudah merasakannya dalam game ini tim yang susah di ajak kerja sama, dapat bucin yang selalu nempel terus, sampai tim yg ga makro mikro tolong di tingkatkan lagi dalam hal komposisi timnya mungkinitu saja saran dari saya karna ini agak mengganggu bagi saya maaf jika ada salah kata ya min 🙏🙏🙏","2 orang merasa ulasan ini berguna",""
"https://play-lh.googleusercontent.com/a-/ALV-UjXeHuGLpJrXGZU_8PLR7oleBoMQwTMZx5EozM_7U3KsSaWqe896mw=s32-rw","Akhmad Mustangin","8 Desember 2025","untuk saat ini game play nya ga jelas. tiap kali main selalu di pertemukan Team DRAKSISTEM .entah main solo maupun duo dapet trio draksistem. sering lag di jaringan bagus. para draksistem semakin menjadi jadi.!!!","14 orang merasa ulasan ini berguna","Tampilkan histori ulasan"
"https://play-lh.googleusercontent.com/a/ACg8ocLg6Lor2BieZHvdDONHry7gtzzvgAnd3Qadg7uYX1wNmsHrmA=s32-rw-mo","Refael","8 Desember 2025","game nya bagus asik tapi mines nya, gw buka ml langsung ngeleg apaan coba ni game padahal hp gw bagus sinyal lancar. gw baru login langsung gak bisa skip iklan lu yang atack on Titan lama lama gak asik ni game mau gw hapus, jadi lu perbaiki lah biar gw sering maen perbaiki montok sekarang juga gc","",""
"https://play-lh.googleusercontent.com/a-/ALV-UjUgkWkx5k70qrnDFo8fDOpz1B6NY74s1lwJx3AOoWj7VfZgXTw=s32-rw","Keyly Elysia Felrita","2 Desember 2025","capek klo main kadang timnya ga bisa diajak kerja sama... giliran yang musuh hebat hebat semua... capek... naik turun terus bintangnya.... kadang ga adil timnya.... tolong di perbaikin lagi ya....., dan juga entah kenapa aku gue hilang sendiri.... padahal gue sayang banget sama aku itu.... udah lama juga gue mainnya... ehh malah hilang.. nyesek banget rasanya..","1 orang merasa ulasan ini berguna","Tampilkan histori ulasan"
"https://play-lh.googleusercontent.com/a-/ALV-UjW2L2DxSpK29WiDJ6CbJXVv6tY231CygIHL2DHOWKllb2pI0_M=s32-rw","Gustian Ramadhani","7 Desember 2025","woi CAPER, lu bikin ML buat dimainin kan, woi kalo ada yang main dibandingin lah, setara ga mainnya, jangan dicampur², paling benci game kek gini gw, gw udah main berkali² dikasih tim ga masuk akal banget, sekali lagi nih, benerin sistemnya, niat bikin game ga, pengen dimainin ga game nya, gw ingetin kalo ada yang main dipilihin yang setara kalo masih dicampur² lagi, tu hasil semua ranting google play store game ini menurun, gw jamin. dah gitu aja","6 orang merasa ulasan ini berguna",""
"https://play-lh.googleusercontent.com/a-/ALV-UjUeCKJUYb9obIM7tClKgZyKAdPh22eMobocwnQ1cwS0F0NoojE=s32-rw","Bayu Dwiky","15 Desember 2025","cuma mau ngasih tau buat jaringan server yang kadang suka ga jelas, tiba² ngestuck pas direlogin pun masih ga bisa sedangkan buat akses aplikasi lain baik baik aja, menurut saya pribadi ini sangat terganggu dengan hal itu bisa membuat star rank yang saya mainkan dengan waktu yang tidak sebentar, seketika ilang begitu aja karna jaringan server yang ga stabil.","5 orang merasa ulasan ini berguna",""
"https://play-lh.googleusercontent.com/a-/ALV-UjWJjAyf7Hai2KlXoQVannUTt8LALbVsNfQwbTotNU5CRIROKcM=s32-rw","Iwan kurni","15 Desember 2025","game aneh, tiba tiba ga bisa main padahal jaringan sama kuota aman. waktu draf pick masih lancar tapi ketika di in game nya tiba tiba lag parah. udh di relog beberapa kali tetep sama malah balik lagi ke lobi tapi ga bisa main","4 orang merasa ulasan ini berguna","Tampilkan histori ulasan"
"https://play-lh.googleusercontent.com/a-/ALV-UjVzoR7yHswqfgdJDZr76CWJLah3QwFqLeA5i4MguqL7dmxAACZv=s32-rw","Rahell To Fun Days","10 Desember 2025","mending gak usah main Mobile legends lgi dark sistemterus kalah terus aneh harus nya aku menang, padahal duluan aku menang malah mereka yang menang ,mobile legends sekarang gak ramah lagi banyak yang toxic semua ,udah itu bug terus ,pemain pemain nya curang curang baru menit kelima udah full build aneh aneh , pemain nya darah kebal kebal padahal cuma 1 build doang udh kebal","1 orang merasa ulasan ini berguna",""
"https://play-lh.googleusercontent.com/a/ACg8ocJwpwkNnT9g1arC-Hv3Ux7foOO7PXvQiugdHNRpRcUEew7FYw=s32-rw-mo","Ratna Sari","19 Desember 2025","game bagus, ga bikin pusing:3 apalagi stress. pokonya ga ada yang kaya gituan di game ini, kalo kalah main cuma nurun satu ko bintangnya. pokonya the best deh, suka ada event skin gratis lagi, yang mana misinya tuh mudah mudah banget! ay download, pemain nya juga ramah ramah>< suka di katain j-jago..pokonya suka","","Tampilkan histori ulasan"
"https://play-lh.googleusercontent.com/a/ACg8ocJ8CCGSAZYHcE03QSwkIRCe5m84v4Jm8e347vZnyYOJyrslUw=s32-rw-mo","Kanz The mnpr","4 Desember 2025","Losetreak mulu... keseimbangan tim masih menjadi masalah utama untuk solo player. kalo sekali kali itu wajar, tapi kalo sering banget dapet tim jelek itu dah ga wajar.. Berarti emang sistem matchmaking nya masih jelek dan ga ada perubahan berarti.. buat Moonton mohon improvisasi lagi dah.","3 orang merasa ulasan ini berguna","Tampilkan histori ulasan"
"https://play-lh.googleusercontent.com/a/ACg8ocI9pXjizqWvyx7UFyXdALGkDyYiFu4z6jKDnTFuBTlYhzyLoSs=s32-rw-mo","M.Fakhri.A","14 Desember 2025","customer service sangat buruk, akun saya sudah dicuri dari lama dan saya sudah melakukan dan mengisi formulir pemulihan berkali-kali tetapi selalu dijawab hal yang sama yaitu kurang bukti. padahal semua bukti yang saya berikan sudah lengkap seperti bukti top up, bukti kapan pembuatan akun, bukti kata sandi sekunder, bukti kaitan pihak ketiga, rank tertinggi, hero yang sering saya gunakan selama 1 season/ full season tapi tetap saja semua dengan hasil yang tidak di inginkan","5 orang merasa ulasan ini berguna",""
"https://play-lh.googleusercontent.com/a/ACg8ocII-1hs9bMVbk0z_QEtdGv-bqTxf_AzQ5REzznpqny8sRjugQ=s32-rw-mo","Saya Satpol","3 Desember 2025","system nya tolong di perbaiki dulu sebelum bikin skin banyak masa main ketemunya darksystem mulu ama sinyal ngeleg kalo mau rating bagus minimal di perbaiki dulu game nya jangan di banyakin skin skin nya system nya dulu di perbaiki kami tidak perlu skin gratis kami hanya perlu main dengan tim bagus sama sinyal bagus sama loading screen lancar gak stak mulu please moonton","4 orang merasa ulasan ini berguna",""
"https://play-lh.googleusercontent.com/a-/ALV-UjXWcCGaoSeVVqeEgTqYXwcWAw6k3W1FAYAjhxM3HLDDOyVE_QPn=s32-rw","Isa Arsindi","11 Desember 2025","makasih, abis ls 12 cuma dikasih win 2 trus lose lagi sampe 7 tanpa putus. mabar sama rank yg lebih rendah, dikasih timnya sesuai rank temen. giliran musuh sesuai rank gw yg lebih tinggi. sinyal bagus tapi in game nya ping merah. coba kasih matchmaking yg jelas dikit, tiap main ketemu tim oon giliran musuh jago². sedangkan gw cuma megang roam yg notabenenya butuh backup. game rusak","4 orang merasa ulasan ini berguna",""
"https://play-lh.googleusercontent.com/a/ACg8ocKOSAEWaKODHVWs0LKPpqWbzO0c6bn8lG9re1uckkZ_Ls2JGw=s32-rw-mo","Donny","8 Desember 2025","posisi lagi menang tiba tiba waktu war 5 vs 5 lsg lag, dan jadi nya kalah koneksi tidak stabil dan buruk, sedangkan awal awal tidak masalah kejadian ini bukan sekali atau dua kali pertandingan saja","1 orang merasa ulasan ini berguna",""
"https://play-lh.googleusercontent.com/a-/ALV-UjXDiufW_5rtKgVTaGOIdpvEbLCy2iZRcEqgHffPVA6a2IC7Ii0=s32-rw","Zul Fahmi","1 Desember 2025","kasih bintang 1 karena makin kemari gameplay makin buruk, ngerank bukannya nyari menang malah nyari kekalahan 20x, entah apa yang ada di pikiran moonton, apakah harus ngecheat agar bisa raih kemenangan, tim musuh lebih kuat dan rapih sedangkan tim sendiri, orang ga bisa main dikasih ke tim kita mau nya apa sih moonton tolong lah.","4 orang merasa ulasan ini berguna",""