text,sentiment
segi gameplay game turut belum layak rilis public banyak bug hero perlu balancing juga matchmaking sistem milik mobile legend yakin game hanya peduli profit pernah dengar keluh player seperti lebih penting collab cara dapat profit tinggi contoh case bayang bagaimana adil main rank tinggi rank dan rekan tidak andal sungguh kecewa,Negatif
apa nih monton semenjak update season network selalu ngelag padahal network wifi udah atas normal dan rekan party masuk semua guna mobile legends sangat ganggu buk tolong baik n,Negatif
gamenya bagus game sinyal kuat aku sering alami bug tak duga aku kesal banyak bug,Negatif
game aneh sinyal lag mulu pas login kalau main padahal sinyal ku bagus pakai scrol tik tok nonton yt lancar aja tuh gilir buka mlbb malah lag banget,Negatif
baik sistem matchmaking nya sering sekali dapat tim yg lebih buruk bahkan hari dapat lawan yg mekanik jago sekali tim saya poke parah baik lah kata game tarung yg adil gimana sih,Positif
game nya sih sinyal lancar loh kenapa hubung ulang terus baik min asli emosi parah gw loading match stack terkadang relog sendiri nilai afk gw join game terus main nilai afk percuma dong,Positif
main mlbb buang buang waktu hasil gak masalah makin tambah ada hanya bikin emosi stress marah gak jelas ujung ujung meski sudah usaha malah zonk karen kasih darksistem mooton udah maksimal mungkin tahan main serius main apa daya tim bego orang tim musuh jago orang udah gitu kompak lah tim gw war aja kayak ngantri bansos satu satu kata game adil tegang,Negatif
server bot clasik lu fix monton server sangat guna sibuk kerja di server kita perlu pikir game play tidak jadi beban team sibuk kami,Netral
game nya bagus cmn knp sy dpt dark sistem mulu akhir sering ls bahkan sampe kali lebih menang cuma kali gmna mau imo kalo kek gni tim musuh bgs tim sy agk jadiny jrang main skrng,Positif
seasons baru baru lagend epick yg baru kemarin sore maen game pas main rank di temu lawan level tinggi yg udah ngerasain imortal kan mati an naikin level emblem yang rata baru lvl game gak otak tiap hari maen ketemu lawan lvl tinggi,Negatif
game banyak bag nya padahal jaring ku baik baik diingame nya gak gerak saran kan di baik rekomendasi karna banyak bag nya pas waktu mulai banyak player gak mau masuk nunggu detik baru masuk kalo begini cara sangat bosan sebenernya gameplay nya seru seru aja tapi ya banyak bag nya kasih tim ko gak imbang banget sih niat buat game apa gak sih,Positif
apa update jadi kaya gin suka lag jaring merah padahal wifi nya lancar aja mana atas tolong dong moonton kalo abis update tuh kaya jaring lancar macam nya inimah udah update jadi rusak kaya begini,Negatif
game banyak player joki system bisa deteksi cheat baik jaring sering lag tiba matcmaking kadang buat terlalu mudah kadang terlalu sulit memang player partu silah temu jumlah anggota party yg sama bukan malah trio ketemu party orang inti system match making gk imbang,Netral
sekarang malah parah x maen ngleg terus patah ngepriz war parah masuk dah tinggal level aneh semangat jadi males player ga bakal win lama baik coba dulu event game nya ngeleg ga ahh lebih baik take down aja nih game nyebelin,Positif
alam bermaen yg buruk main tim yg selalu beban server jaring yg selalu error entah game kalau main game selalu ngelag game tidak adalah alam bermaen game yg buruk hidup,Negatif
game aneh tiba tiba ga main padahal jaring sama kuota aman waktu draf pick lancar ketika in game nya tiba tiba lag parah udh relog beberapa kali tetep sama malah balik ke lobi ga main,Negatif
ya waktu aku coba advance server terus mau balik akun lama engga login padahal udh semua cara aku coba loh aku ikhlasin hapus semua data ada ml padahal akun lama udh lumayan jujur sedih huhu,Netral
kadang ngelag gk gerak nie padahal sinyal bagus gk kendala makin jelek aj sinyal bagus suka leg terus bukan makin bagus makin ngacok lol gk profesional baik,Positif
game bagus hampir sempurna ada tapi main level tinggi kita rendah sebal gantung sifat main tadi barusan pamer mentang udah level sini rata level makanya aku kata kasar game tetapi tidak di kena hukum malah saya padahal dia duluan yang mulai dari tolong tingkat system awas chat nya biar tak singgung,Netral
game makin kesini makin berat nge lag mulu padahal wifi rumah pake buat apa aja lancar jaya pas main mobile legends kacau nyata emang banyak ngeluh nge lag benerin dong sistem nya,Negatif
sering bug selesai tanding selalu layar jadi warna biru belum main tiba layar jadi gelap hitam apa yang salah baik menganggu sedang main kalau tidak ada ubah uninstall aplikasi,Netral
sangat bagus game nya sayang game terlalu berat guna hp ram gb apa ram bawah gb sangat lag sekali ber main,Negatif
kesel mobile legends tiap x login keluar sendiri lebih parah nya kadang udah ngepus tau ngeblank keluar sendiri mana pas mau login lama banget akhir kena langgar trus padahal gak niat ninggalin tanding malah sistem nya log out sendiri capek sama game aneh,Negatif
game rusakkkkkkkkkkkk main solo trol mulu moonton player skil nya kurang sebut dark sistem ga ngerti apa apa contoh nya roam jarang rotasi gold lane sibuk mondar mandir baik matchmaking player nya terus mid lane main satu lane doang ga pernah nama mau rotasi gold lane exp lane terus jungle nya di baik mana on point retri mana ga on point retri terus khusus player drak sistem sesamaplayer draksiatem,Positif
baik bug match making detik terkahir lag bgt jadi gabisa ganti set emblem skin trus makin update bug mya makin banyak padahal device penuh simpan masih banyak pas loading screen stuck sambung ulang jadi masuk battlefield tinggal wave minion,Negatif
tolong data hero sekin harus masuk unduh pertama kali playstore masak baru download download mana gak di henti download nya ukur download nya gak ngotak gb di kompres data yg di download biar ram bawah rasa main ml ada lag,Negatif
game siksa pleyer pleyer lama harga pleyer baru orang yg beri menang yg banyak lalu pleyer baru sebut jadi lama pleyer lama sebut kalah tubi tubi saya sangat suka gem,Netral
ml pas akhir seson ngeleg jadi baik dulu geme nya player ga susah main gw main reng wifi bagu sinyal nya merah gimanatuh gw ga tahu gw tahu satu baik geme mu player senang banyak event gratis monton sayang,Positif
game buriq hapus aja play store banyak kalah bayangin aja pagi sampe sore main cuman mentok bintang situ doang mana banyak top up game nyesel main top up udh banyak lapor main baik sistem monton cuman cuek penting cuan hapus aja play store ulas banyak bintang pas sepi baru nyesel,Netral
aku main kemarin tiba tiba leg semua gamenya bagus sih tolong lah masalah jaring baik leg nya gk kayak dulu bagus dapet tim gk imbang woi plis lah jan kasih tim yg aneh lah entah juli roam fanny roam ngaco bet nih kalau ngasih tim,Positif
game nya bagus strategi tepat alam main mlbb sangat senang soal play in game biar bintang bicara banyak dark sistem ngetroll ya game cocok main bulan puasa,Positif
makin lama makin aneh aja padahal sinyal bagus buka apk yng lancar gk ngelag ko hubung terus udah ganti jaring juga sama aja hubung baik lah masalah jaring nya biar player rasa nyaman pas main yng baik bug nya aja masalah jaring nya gk baik parah,Netral
semua sistem rubah kerja sama tim tekan kan ada ruang solo player se pro apa sistem emblem hanya cocok guna beberapa hero seluruh item survive dpt laku cary game solo rubah efek hasclaw kapasitas hp hero terlalu rendah base damage semua hero sangat besar sistem bot terlalu banyak bantu player capai rank harus dia capai game seperti game ofline turun tiap update,Netral
game aneh tadi sinyal lag mulu padahal main game sama bukan sosmed lancar jaya bikin ga nyaman main kalau sinyal lag terus teh benerin dulu tuh sinyal lag lag teh bukan kikir mulu,Negatif
skin skin nya bagus trus banyak giveaway skin gratis tidak saran download orang mudah stres loostreak nya ngak maen maen jam pagi main epic iv bintang nambah satu sekian,Positif
sistem matchmaking rusak banyak match imbang hanya game yg skill gap nya beda jauh lai jauh banget bikin emosi lu main sekarang malah parah matchmaking nya ttep gua mainin soal game moba yg mekanik gua tau ini,Negatif
woi bener aja ngasih tim nya masak lawan ama tim kuat lawan minimal imbang kuat utama pas solo rank dapat tim ga bener musuh jago bener utama pas mau naik rank ada aja coba lama lama gua hapus ni game bikin emosi aja,Netral
gamenya bagus kenapa saat ganti desain pas main tbtb ngelag parah padahal jaring ku aman aja bahkan ingat afk gara lag parah tadi aku udh usaha buat gerah buat hindar afk ttp aja afk lagi jangan nambah in memo pls gw lebih suka ml yng dlu dripada skrng jadi mohon baik y,Negatif
ijin pamit game belah kabar magic weel udah bisa make coa game selain egois malah jadi kikir lebih baik pensi pindah game belah udh matching sesuai skin byk gratis aneh moga ranting makin turun udh kecewa sama pikir mooton lihat player nya malah fokus egois sekian sy pamit,Netral
ku main mlbb rising open mode lain tolong lah jaring nya tingkatin jadi lancar lah saat late game jaring nya nge lag sampe dekat sama wifinya aja nge lag tolong lah jaring nya tingkatin dikit napa jangan nge lag pas main late game,Negatif
game babi match sesuai rank rankku epic kok dapat tim yg ad elit nya anehhh tiap mau naik rank selalu ad yg ganggu tim gilir dilaporin malah gk alas nya deteksi streesss pokok nya mainin game anj satu ni,Netral
bagus segi main hero skin nya keren keren kenapa main kaya gimana gitu rank nya tinggi tinggi jadi main kaya bocil rank udah mityik jadi susah mau naik honor kenapa lag mulu kata salah serper bintang turun,Positif
monton benerin dong musuh kalo epic legen susah banget jadi lalu tiap aku victory sering ingat afk padahal aku mati mati main aku rasa lebih bagus baik musuh aja soal main gak imbang,Positif
lucu gameplay nya sekarang langgar lebih rata main lebih masih main rank gk efek jera klo gitu atur gak jls gak imbang tim jg bisa mi sistem mana player pro sm mula buat baik dark sistem,Positif
udahh bagus sihh kalo ngasih tim yg benr lahh masaa ada menit udah ngasih makan musuh trus kalo ngasih tim it jangan yg dark sistem lahh sini udh jaga turret biar ga bolong tim nya malah mundur semua padahal musuh mati semua malah gamau push alhasil jadi kalah udah mau mhytic malah kalah semua kalah sampe legend bintang hdehh laen kali kalo kasih tim yg rata min tengah dark sistem tengah jago jd biar ga kalah mulu,Positif
dulu stabilitas jaring selalu buruk ga ubah sama sekali lah perhati soal jaring main pubg lancar aja knapa gilir pengin main ml di loby aja jaring merah makin aneh ml,Negatif
mobile legends sekarang kalau udah update gak masuk pas loading nya tambah maju malah tambah gak jelas buat war aja ngelag terus gimana nih maaf aku kasih bintang update buka bagus mlah jelek utama buat sinyal nya bagus tetep lag,Negatif
gajelas koneksi stabil lag mulu koneksi merah lag lag gan padahal hp gua ram udah maen lama solo rank dapet nya zonk mulu dongo semua dapet tim nya,Negatif
season baru bikin gameplay jadi lag pas mau push awal season orang lag semua gk gerak wifi udh bagus masih lag suka mencet mencet sendiri alhasil gw cap afk padahal gw gabisa gerak segera baik,Netral
tan imbang dua tim sangat beda aku kali aku main rekan tim ku highest rank cuma honor aku ex imo musuh ex imortal matching sangat adil capek bgt ngurusin org kek gitu kalau kamu bilang aku ws engga aku engga ws biasa aku dgn teman ku main sangat buruk aku dah capek dapet tim ini,Negatif
lama lama ga ngotak hampir kali main late game selau los koneksi awal awal ga kendala tiap late game selalu los koneksi emang sistem gitu apa gimana,Netral
moonton jaring nya gak stabil terus kenapa tiap abis draft pick trus mau masuk in game nyapasti kadang selalu lot patah gak sampe masuk game gelag,Negatif
game nya seru udah lama main ni game tapi yng kurang nya sedikit sinyal si padahal sinyal hijau entah bisa ga gerak hero nya mohon baik itu aj si semangatt,Netral
punya saran jadi kalo main solo ketemu nya solo semua musuh hingga tim sendiri nah jadi main duo ketemu nya trio pula balik semua tim khusus player solo temu orang main solo entah team musuh biar adil sejahtera jangan campur kaya satu team solo solo trio segitu saya harap baca paham moga laksana thank you,Netral
ketika game bagus lancar ketika loby sedang draf leg parah karna masalah jaring padahal jaring udah bagus ms cuma loby pas draf aja yg leg kalo udah main malah lancar baik,Positif
plis la moonton kasih hukum berat orang troll untung tik lawan juga imbang tim lawan tanding bisa tim lawan lebih unggul tim harus imbang,Netral
lah baru aja update udah gak login moonton makin rusak aja game update aja tetep sama gmna sih jaring bagus game juga aman kenapa mobile legend gak ini,Netral
tiba tiba game nya bug update tepat nya tadi jam sekarang tiba tiba aja ngebug padahal buat lain nya tapi waktu main bug apa update padahal lama main gak kayak gin tiba tiba aja,Negatif
semenjak update makin masalah ni mobile legend padahal main rank tiba tiba lag aplikasi padahal aman jaring bagus delay pas in game ngelag gara gara server tuduh afk makin lama makin rusak ni server mobile legend,Negatif
pink main bagus pas masuk game main malah putus kayak gak sinyal kan babi koneksi apa kek gitu kont kalo emang koneksi sinyal hp kendala ya gak usah kasih notif sinyal bagus lah kalo ujung nya main kayak gak punya sinyal baik noh grafik berapa koneksi malah kayak game burik grafik rendh g emang gak semua ngalamin kalo terus san gak bakal yang mau pake ini game mending pindah game dari ngabisin duit beli skin,Positif
moonton kenapa kan kalo mau milih lane minimal terus pilih exp sama jungler ken main exp eh pas masuk draft pick malah sering pilih jadi jungler padahal presentase saya main exp lebih tinggi jungler,Netral
mohon baik servernya telah update sinyal nya leg terus padahal udah pakai wifi tim nya banyak suka troll,Positif
selalu gk pernah ubah sistem nya awal nya enak jaring tiba gk jaring patah memang gk pernah ubah aneh ml sekarang lucu player biasa bikin rusak sistem,Negatif
matchmaking makin parah sering temu main imbang main asal main jadi tidak adil tidak nyaman baik sistem,Positif
game aneh rusak lobby mau mencet apa mesti muncul analis data terus dah tunggu sampe menit analis data terusss bahkan mau main gak gak mau masuk loby,Negatif
moonton game seru ada buat nya seru banyak player guna cheat upa ganggu sinyal jadi pilih hero selesai tempur mulai sinyal tiba tiba merah nya seperti karena saat lag jadi sudah laku tanding sinyal hijau moonton aku percaya pada anda selesai masalah,Negatif
game rusak sengaja gua kasih bintang biar naik atas awal season lag bug udah gua gacha habis habis gak aspirant terus tim gak main mending gua main game belah aja skin nya murah tebal efek,Negatif
bagus si game nya ada bug yg hapus baru main ml nya masalah maaf blablabla hubung kan kustomer serfis padahal game jalan lancar heran nya ngebak bisa main harus hapus di lu ml nya jadi ya monton baik bug,Netral
eh main ml level gak ngaruh pintar gak ngaruh yg ngaruh adminya licik picik waktu mau menang kadang detikanya di lambat yg musuhitudi atur menang karna apa lg gk pernah top up wahparah menang satu kali kalah kali,Netral
kalian selalu baik beri skin beli dapat uang nyaman main player main selalu dapat team feeder sesuai dengan role masing masing meski beri feedback lalu hasil tanding hasil sama bahkan player kait tidak beri hukum mungkin sebab game sepi minat sama rata mampu main sesuai tiap match sia sia rasa main,Positif
baik game kalian update an baru rusak sistem lag parah awal game hingga jadi kalah tim yg rugi bintang ikut turun catat afk sistem,Negatif
padahal main glory kenapa kalo tim selalu aneh kalo main solo musuh jago semua ga adil banget kadang roam gamau rotasi hyper gak mau set up gold nya mati mulu,Netral
gabisa login padahal jaring lancar pas mau main rank gabisa masuk loby pas main ga gerak game apa coba gajelas baik lah moonton leg parah bikin kecewa aja para main baik yg bener,Positif
game buruk matchmaking adil tiba tiba crash padahal jaring lancar lancar terlalu sering update tidak jelas contoh buat hero ganti season makin berat karna banyak update tidak terlalu guna hanya game adil dan kompetitif mau tim lawan di tim sendiri moga selesai masalah,Negatif
game rusaaak parah aku tiba tiba suka putus koneksi abis team nyalahin aku padahal aku ngelag udah gitu kompensasi cuma lindung bintang kalo gak hitung afk jadi alas aku henti main sejak ini,Negatif
apa moonton telah update kemarin susah sekali masuk gamenya loading walpaper sora mulu lah aku stuck situ udah aku baik konten hapus cache restart hape bersihin ram semua ku coba gak masuk mlbb nya pihak moonton gimana solusi ku kasih bintang dulu lah kalau di fix ku kasih bintang nya terimakasih,Netral
kok deteksi afk padahal sinyal jlek saat mau login game lama bnget malah deteksi afk kenapa ni tanggung jawab kredit kor ku kena nuduh prilaku afk,Netral
game nya mudah kalah terus udah kalah hampir kali bikin mood orang rusak kali bikin game benar dikit bukan bikin orang hibur main game nya bikin naik darah sama stress kalo gak niat buat hibur gak usah buat game moonton,Negatif
sedang team fight tiba alami crash bug dadak buat sulit laku team fight padahal ping masih stabil normal tahu ini memang bug crash mungkin ada cheater orang curang cara sengaja aktif crash bug sebut saat sedang team fight mohon hal itu tidak pernah jadi kepada saya dan saya tidak alam tolong baik ya,Negatif
game nya bagus lah kasi yg adil sama tim tim musuh sama tim teman kasi yg barah gitu juga tolong benerin sistem sistem yg game kurang bagus gw lebih bagus ff di banding game,Positif
halo pihak monton hapus bug verifikasi gua gabisa login akun guaa monton di hapus bug email gua dah ilang ga dapat kode lagi di hapuss gua rawat akun dari awallll gara gara bug verifikasi ilang akun guaaa banget monton di hapuss,Negatif
beri tim tidak imbang padahal udah jago konflik antar lane player toxic jadi males main kalah turut turut buat player jadi gila tolong sistem match nya baik player solo sangat berat beri tim tidak imbang,Positif
makin sini bpk moonton makin banyak ngeluh pas matchmaking stuck belum masuk lane situ tera sinyal baik padahal mah sinyal bagus al hasil menit second baru masuk susah beda level sama lawan ku kira hp gw udh g mampu nyata banyak keluh yg rupa bahkan lebih buruk pliss lah udah lama main makin sini makin ga jelas toloooonnggggg,Negatif
gamenya keren hebat banyak hero nya multiplayer grafik nya keren skin skin partikel efek nya sangat pukau terimakasi atas buat game,Positif
jaring lancar pas main eror susah gerak season baik aja knpa pas turun season mala ngelek parah padahal jaring main game baik aja tolong moonton baik server elu klau macam yang mobile legend kaya game rusakk,Positif
game burik gk laku banyak ngebak game rusak tak yg buat nya gk tak tiba tiba macet padahal wifi kenceng trus mau login lelet nya minta ampun susah masuk ram gk kepake gk ngaruh klo mobil legend nya burik suka ngebup baru main ktmu chiter langsung games rusak turun season buka bagus ngebasmi chiter malah makin rajalela digames makin aneh aja games makin buruk,Negatif
protes tarung menguna kan hero wanwan mesti syarat nya saat menguna kan skill yg jadi kan tarung imbang sangat kecewa kan rubah atur dan di baik hero nya,Positif
matchmaking nya betulin sangat rugi player trio solo gara gabungin tim player sampah sangat rusak alam main di baik biar jadi game sampah,Netral
game udah bagus tinggal jaring ama bug nya aja padahal jaring ijo tuh tetep ngeleg gimana sih terus bug nya gak main gak mactking nya lama kan main ni game juta juta orang main ni game mohon baik,Netral
guys jangan download game kalian candu stres dunia luar lebih indah guys kalian main keliling kota sama temen kalian kenal game jujur gw pernah candu bahaya lebih bahaya banding candu nark ba jdi stop main game ini dan mulai lah hidup diluarsana,Netral
lah developer nya benerin becus masalah lag awal season habis update ping selalu ms trs saya emosi di baca developer masuk kurang masalah game mlbb,Netral
game cuma bikin orang emosi doang game bikin orang buang buang waktu game tuju hibur tetapi game hanya bikin strees main malah ketemu darksistem percuma kalau naikin rank juga pasti banyak kalah nya game juga berat tidak cocok hp ram nya kecil,Netral
udah bagus tpi tempat lane nya rusak soal nya di jadi roam saya player exp nah smntra yg exp kala gak pernah main exp cuman kali hero chou sering mid lane sama hyper jungle,Netral
game rusak niat mau nenangin pikir malah tambah emosi udah kasih tim bot tambah sinyal game ilang an pas buka game lancar aja di baik lah masalah ap kalau main sama server luar langsung merah sinyal,Negatif
maksud nya apa monton aku tadi main match menang tiba tiba hubung ulang baru selesai match nya kenapa bintang nya gk nambah kelas kan monton kalo bug hapus bug nya kalo musuh nya ngecit di tingkat aman nya tolong kembali bintang oo iya history tanding nya gk,Negatif
woi kikir baik telah update patch baru gw gk login stuck mulu tolong baik padahal update bisa aja pake paket unlimited gaming,Positif
game nya seru minimal kalo dah ls banyak kasih lah menang kalo ga berapa masa gw udh ls kali menang baru kali ama tim nya ampas bgt ama tambahin fitur buat besar map minimal ampe lah biar kaga buta map,Netral
solo player yg sabar soal macthmaking yg solo player asa adil sering tim yg lemah lawan kuat derita solo player pernah berahir wkwkwkwk menang sekali kalah kali kali kan rasa gimana gitu niat mau ngilangin stress malah nambah stress,Netral
kasi team bagus dikit knpa sih stiap gua main trus an dpt team gak jelas klw bgtu gmna crnya gua naik rank kasi team aja yg suka ngetrol afk saling bulli baik supaya main jadi beranta jadi rusak game sampe sekarang,Positif
ga recomended buat main solo ngasih tim ga pernah bener matchmaking selalu berat belah tim musuh jago tim dapet nya yang full gabisa main main rank mythic kaya rank epic kali seimbangin kalo event aja gedein bug salah jaring lag gapernah fix game rusak,Negatif
terimakasih monton cipta game sangat seru sudah turun legend epic terimakasih montoon beri tim sangat mahir main hero nya musuh mahir main hero dan saya beri bintang game dan jangan lupa buat lebih banyak game gila seperti ya montoon,Negatif
kenapa monton waktu lobby sama darfpik lancar jaya waktu main malah leg jaring nya tiba jaring jelek tiba diam pada jaring ku bagus emang gjls game mana dark sistem ny bayak bener hadehhh mending nonton kep gua kalo gin pin ms malah leg,Netral
game gj udah jaring lag game buat orang stres buat makin gila tim bot buanget musuh nya jago adil udah jaring lag buangett baik sistem nya mending hapus aja game kalo mau hapus baik jaring montoon aku stres montoon gara gara kau,Netral
game rusak main game niat mau have fun malah emosi gara gara tim gabisa ajak kerja sama tim selalu yang ga bot tim lawan selalu kuat kuat parah lose streak x kaya buang buang waktu aja lama main bergaharap menang kadang turun naik turun naik kalo kaya gitu lebih mending gamenya usah main kerna sama seperti main turun naik bintang sama kaya mula main bahkan kadang lebih turun belum,Negatif
main seru ada bug bug nya udah semua gk mainin malah tetep di situ aja baik,Negatif
woy monton ml lu kocakk masa udh ga liat skin tim sama musuh percuma dong kalo beli skin ga lihat musuh tim makanya bikin game jangan banyak aquder tambah ga jelas mana banyak yg ilang lagi flitur bagus nya game buka main bagus malah makin jelek aja aquder,Negatif
lah pihak developer baik sistem matchmaking nya masa iya sering team kurang muas lawan sangat pro banding team lemah respon baik jangan di sulit para user push solo rank tidak nya lawan team imbang tidak berat belah amat mohon di respon keluh para user game mobile legends game nya sangat muas bagus masalah sistem matchmaking tlng,Positif
layan langgan berfungis baik sering putar putar lama lapor tim suka feed afk sekarang sulit masuk layan pelanngan buruk sekali,Positif
game rusak lagi posisi mau menang ngeleg mulu itu jadi kali lebih padahal wifi lancar main game lancar kek udah atur sana nya biar aku gak menang,Negatif
bagus sih bagus pas game play nya keren terkadang even skin gratis seruh ada nya bikin stress karna apa karna pas main reng tuh kasih lose trek situ lah letak lemah game kalo gak sabar gak usah instal,Positif
gameplaynya udah bagus semua saat aku mau buka gamenya menu home bisa buka kalaupun mau main pergi playstore dulu buat buka aplikasi sinyal sering merah padahal g,Positif
login akun mooton malah suruh donload data trus suruh buat akun pdahal email kata sandi susah benar mohon solusi bantu saya login akun saya saya coba tetap tidak cuma muncul tulis akun telah kait tidak alih sekarang mohon jawab,Netral
apa game tiap awal season bawa ngelagggg terus padahal pas buka aplikasi aman aja tuh wifi emang game rusak bagai developer lu cari solusi player tiap main pingnya selalu lancar luar internetnya,Negatif
alam game sangat buruk pilih tim selalu main saya sangat kecewa game saya baru main satu tapi hasil nya sangat hancur buruk tidak di rekomendasi untuk monton di baik sistem pilih player nya jangan kasi beban palyer main serius,Negatif
game nya seru masih banyak masalah nya mau pencet maen ga pencet apa loading screen nge stuck detik terus kadang terus terus relog sendiri anggap afk cepat baik maen mlbb jadi susah padahal hp di game lebih berat gak kayak gitu walaupun patah dikit kalo di ml skill nya gak di pencet sama jaring nya hijau kalo di pencet merah karna ganggu jadi di baik,Positif
game nya seru kok tolong benerin dikit hehe pokok game moba baik aku suka game karena seru trus kadang gampang kadang susah pokok game my favorit,Positif
makin lama makin gk jelas mobille legend nya sekarang aplikasi hama ter kadang kawan kasi computer lawan nya jago mantan imortal moga mobilegend nya ter puruk makin lama minat nya sadar kalau aplikasi sekarang gk jelas langsung di hapus aplikasi nya,Netral
mobile legends rusak jringan bagus tiba lek kira emang jring gw reload eh malah gk buka ml ny loading terus gilir coba buka game laineh bagus jringan ny lngsung buka pdhl jringan bguss full mohon pihak mobile legends d baik game rusak,Negatif
gamenya sangat bagus seru sekali selalu main hari dapet teamnya hebat banget neng bangettt makasih yang udah ciptain game mobile legend tema kok hebat banget yaa selalu bantuin ambil buff main ga satu lane aja bahkan baru main mm nya langsung ambil mid waaah seruuu sekaliii,Positif
game suka ngasih kalah mending aku main game lain suka ngasih menang,Positif
alas asih bintang satu dapat tim beban saranin kalah aku nang lihat nya sebab game guna saya game kadang menang kadang kalah saya benci hal karena aku sesal tim beban bucin musuh nya sangat jago saya menang,Netral
session banyak player alami kendala main jaring stabil hero bisa gerak makin baik game game taik jaring gw pas drafpcik lancar tiba main lelet nya minta ampun,Positif
mobile legend game sangat hibur meng asyik mabar teman teman pokok mantap aja saya moga tingkat game nya,Netral
saat game play nya ga jelas tiap kali main selalu temu team draksistem entah main solo maupun duo dapet trio draksistem sering lag jaring bagus draksistem makin jadi jadi,Netral
game nya bagus cuma suka ngebug contoh jaring ijo ngeleg terus suka ngestuck pas udh nge x iklan jadi baik semua moonton kasih dong skin collector gratis hehe,Positif
game apa coba pas main selalu lag sampe gk jalan jalan padahal jaring sinyal bagus roam hp besar chipset bagus kek kentang rasa padahal dah pakek vivo x pro trus tim main kurang betul kadang disamain tim player epik beban tim dong kasih tara dalam gamenya lag ini atas,Netral
sengaja bintang biar cepet baca hallo monton telah update saya user android stuck panel login sangat lama padahal jaring bagus saat di lobby semua sangat ngelag nya salah di baik cepat,Negatif
game jelek akhir main jaring nya merah terus padahal jaring wifi lancar abistu gara jringan nya jelek saya afk malah rangin kredit score minimal jaring player lu benerin dulu sok bener ae nurunin kredit score orang,Negatif
game sdh bagus coba hal yg mlbb kasih di mode off dong jadi kayak untung banget punya barang satu kalau aku geser kartu kasih banyak aku kartu epic dan isi kasih hero bukan skin trial kalau di baca please kabul,Netral
game gajelas menang sekali kalah kali kali game adil bagi team adil contoh solo temu duo sangat jelas skali game saran jangan main game lagi bisa psikis kena stres,Negatif
dear devoloper lah ngasi tim lawan sua biar gem dapet hasil di maklumin masa dapet misi jago di tim ada aja ngetrol ga sesuai jadi kalah ga di maklumin kalo gitu ni ku kasi bintang aja dah sukur,Netral
maksudlu apa akhir season jaring lag in main brawl lancar ms scroll tiktok lancar download game emu aether lancar waktu rank malah merah sampe gabisa gerakin hero gerak dikit macet terus tiba tiba depan musuh,Negatif
belum maaf kalo emang dari hp nya aja semenjak update patch pasif hero benedetta jadi kadang macet moonton di fix kalo emang salah di gamenya thxx,Negatif
update entah jaring game jadi stabil wifi data di cek masalah main game jaring tiba tiba jadi buruk ketika main game aman aman tolong beri jelas kena jaring tidak stabil sebut,Negatif
males login makin kesini lama lama kok tim buruk sekali sangat sering gendong tim main jelas sangat imbang kek main sama computer sekarang sering sekali ketemu player baru match match ngeri kaliii main kagak jelas banget sumpah gak cl rank sama aja dibesarin event doang bikin lag,Negatif
alasanya kasih bintang satu pas main misal rank terus gak sengaja keluar pas mau login lama banget di bilang afk jadi kalau si cepat biar gak buang waktu turut saya,Negatif
buat mas moonton slot squad mobile legends maksimal ngga aja soal mungkin saya lihat tahun makin banyak orang main mobile legend jadi saya lebih kan slot squad dari aja biar makin rame squad main juga nguntungin mas moonton soal game ml jadi makin rame terima kasih,Positif
game moba paling buruk tiap main kasih tim dark sistem di kasih musuh abang abangan imo atas kecewa hal monton saya mohon untuk hilang kan dark sistem game mobile legenda,Negatif
kasih bintang game nya udah bagus ada kurang lagi war lag terus gilir mati lag padahal jaring nya full terus kasih musuh tidak padan padahal balat kaya computer semua nya di kasih musuh nya tetep bagus bagus,Netral
minta tiap akhir season belakang selalu alami freez nge stuck lobby di draf pilih emblem selalu alami ganggu cukup serius para player mlbb rasa nyaman main mohon kerjasamanya tidak ganggu bentuk apa kembali nyaman main,Negatif
biar baca klo ngasih lawan imbang dong masa lawan rank nya tinggi satu sinyal nya betulin padahal udh pake wifi sama data,Negatif
lebih parah tanding hero nya di bicara suara epek skil suara hero akan bisu udah beberapa kali unstal download tiga kali coba sama ngabisin berapa gb data copa pikir bagus game moba seperti dulu guna di era taun saya sangat kecewa,Negatif
hai moonton ingin sampai keluh kesah lama main mlbb sinyal hijau lag meski internet ada gamenya muncul afk jadi susah menang gamenya mohon baik salam hormat saya,Negatif
untuk moonton hormat bisa stop bikin skin terus baik dulu game dlu mulai jaring stabil tanding tidak imbang lain baca moonton jangan lihat aja developer kikir game rame masa gk mau benerin bug yg oiya jangan collab sama anime film kalau bug nya baik,Negatif
game apa uras kuota doang udah ku donlowad data semua malah ngulang donlowad data pas lg war lg bantu temen lord turtle ngepus turret tiba tiba sinyal nya pink padahal lg asik asiknya main sama temen malah sinyal pink padahal buat nonton nggk napa kok buat main game ml kok malah ngelag kaga jelas kalau game nya udah baik baru aku kasih bintang hari aku kasih bintang dulu,Negatif
baik lagih jaring nya suka lag tiba merah sendiri kalau war push turet kadang suka berat fremm drop moonton baik fremm drop jaring merah nya,Positif
ga da respon kali keluh makin parah coba ja bayangin mo in game stak sedang yg sdh mulai main jadi selalu tinggal hingga level pemberitahuan koneksi putus sll padahal sinyal baik ja bagus hadeeehhh moonton moonton cuma manfaatin lemah yg suka main game moga kalian cpt sadar,Positif
ada atur role bagus tolong dong jangan maksa buat main role bukan role utama jungler role utama kali untun kasih exp gilir jungler selang seling dapat ga untun,Positif
kok mobile legends tambah sana banyak bug nya yah waktu lobby jaring hijau di masuk in game malah merah padahal jaring gak kenapa terus tadi pas waktu main bug masa kali aku masuk lobby keluar sendiri padahal jaring baik baik terus ada notif jaring tidak stabil padahal jaring lu baik baik gimana sih cocok sih kalo di kasih bintang satu,Positif
asli nya mau kasih bintang nanti akan baca monton knp selalu kasih tim bot rasa sulit terus temu tim susah jadi kasih lah lindung buat mvp kalah kikir,Netral
knp sih ml sekarang tuh server nya ga bagus dlu jga skrg tu sering lag pdhl sinyal hp full lot tp sinyal game merah kadang jg sinyal game hijau tp gabisa gerakin sinyal game nya hijau kuning merah gt aja trs pdhl sinyal hp bagus bgt tlong dong baik,Netral
solo player pernah ngalamin ping naik tiba tiba karakter cuma jalan lurus depan disconnect entah diri kalian sendiri temen satu team ngalamin ulah system udah script biar kalian player lebih banyak habis waktu game game bagus sayang programmer ama developer terlalu rakus licik pindah hok lebih baik jangan makan bujuk rayu skin elite gratis buat tahan digame busuk,Positif
game buruk system matchmaking game paling buruk yg pernah imbang tim tara win x selanjutny lose x lebih stuck terus putar itu tidak baik kena imbang matchmaking game akan jadi game moba matchmaking buruk yan pernah,Negatif
gimana main emel jam cuman naik bintang saran ku gameplay ingame nya baik kasih tim yg adil saya main duo sama temen kalah terus baru login udah kalah pas mau off baru menang gimana tim musuh nya rata rata glory an gilir tim aku mawi semua allah,Positif
aneh banget anjir jaring jelek terus padahal hp full di ml jelek pas draf bagus pas main jelek nya minta ampun tolong dong benerin salah nya biar makin enak main nya aneh kalo hidup jaring nya jelek kalo mati jaring nya bagus,Negatif
aplikasi jelek gak bagus sinyal buruk pas dalem game pencet ijo mending jangan download jelek developer nyaa sinyal bagus dalem game jelek sinyal udh pencet ijo abis kita hina game gak waras banyak banyak update cheat gak banned di report yg kurang cuman biji kredit skore,Negatif
gua saranin monton server lu tambahin kapasitas masa game gede telah update jaring ga stabil mulu lu gak kasi sampe player lu ngeleg akhir pindah game eh moonton lu lebih kembangin sistem difitur buat game lu bukan nambah skin collab mulu main butuh sistem fitur baik kalo skin nomor,Netral
cuma mau ngasih tau buat jaring server kadang suka ga jelas tiba ngestuck pas direlogin masih ga sedang buat akses aplikasi baik baik aja saya pribadi sangat ganggu hal bisa buat star rank saya main waktu tidak sebentar ketika ilang aja karna jaring server ga stabil,Positif
game dongo tim ga main musuh pro player server ngeleg kalo begini gimana mau banyat minat ga bakal kembang game kalo terus,Netral
good good sekarang udah mantep semua udah bilang perfek segi main visual suara balance hero sekarang udah ga bikin hero terlalu op pas awal rilis skin gratis makin banyak harga diamond jangkau mungkin sekarang kesal cuma playernya banyak joki akun tidak langsung biar player bom terlalu ngerti soal main masuk rank tinggi bagus sekarang,Positif
kurang segi apa ketidaknyamanan main juga main tanding tidak sehat sebab main rasa trauma rasa tekan saran kedepannnya sedia fitur yg lebih inisiatif anak,Netral
baik tidak nyaman ingin pilih hero atau emblem karena crash juga sering dapat ganggu ingin pasuk tanding game segera baik,Positif
gimana soal nya pas aku masuk game nya lama banget harus loh ulang trus pas draf pick lag parah mau ganti skin patah patah padahal hp lancar internet lancar cuma game nya aj g lancar trus tim nya milih janggel malah pick miya apa ga bundir gw kalo gin trus,Negatif
belakang ping sering loncat sering lag sinyal tiba ilang bar sinyal cuma dapet kadang cuma padahal match kelar coba googling buka facebook instagram lancar aja sinyal full bar g gak masalah apa pas maen ping loncat gajelas aneh,Negatif
game nya banyak orang toxic ngatain kaya gitu match making nya ga imbang kadang dapet komputer musuh nya jago waktu aku main gm musuh nya ko glory sama immo moonton kenapa dh waktu pas awal game udh nge frame gabisa apa pas aku matiin hp tetep sama aja musuh nya darah ga abis padahal main mage cheat kalo cheat ko ga deteksi si sampe males main ml udh mh banyak yg toxic,Negatif
ml sekarang banyak masalah akun kena hack utama udah lama gak login udah kirim lapor selalu jawab lapor kurang mau jelasin rinci sepesifik akun juga gak karena lapor nya batas huruf doang,Netral
tonn monton dong adain kayak nyaring jadi match tuh imbang bot sama pro sumpah ton males banget kayak gua bener bener main tim selalu dapet troll sekali dapet bagus dikit musuh kayak kelas pro player joki kan aneh kalau gtuh jadi kayak gimana gtuhhh coba deh adain sistem pasti player makin betah tambah buat orang yang troll kasih banned gak ngeprank jangan bentar kasih lebih lama mikir gtuh orang,Positif
sinyal bagus kuota full hubung ulang terus game aneh udah mah dapet tim hewan terus tambah server nya sering error game aneh,Netral
sama aja sih ga yg ubah lingkung game ga imbang system sama engine game tua ya begitu kira kira moonton anomali yg sungguh masuk akal joki dibiarin bebas ga tindak susah mau nikmat game moba yg imbang sama sekali,Netral
keluh tim pernah menang asa sedang angkat beban sangat berat apa jaring seoson kemarin semua player tidak bisa gerak jaring padahal jaring baik ms musuh makin jago myitic tim bot musuh lawan rrq sama onic jadi mohon buat game nya lebih gampang lagi ubah ticket spongebob squarepants saya jadi,Negatif
game kompetitif cukup tarik main vs andal teman satu team terkadang stabil match beda main team lawan maupun team terkadang temu team agak aneh kita bisa lapor nya ke pihak moonton wakil silvana tapi silvana sepenuh perhati tanding hanya statistik main sebut terkadang lah buat lapor salah di erti,Netral
game nya bagus cuman pas main rank solo selalu tim jelek bahak drak sistem afk banyak main nya anak kecil mungkin yaa mohon baik kalau drak sistem beri hukum berat misal gx main rank bukan cuma kredit skore sangat gx masuk akal bgtt susah bgt naik nyaa kalau tim jelek mulu main mohon baik kita main rasa kesal ada ini,Positif
jadi masalah ganti akun tulis akun platform sosial kait game tidak dapat alih silah coba padahal aku punya akun gonta ganti akhir ganti keluar lah pesan mohon segera tangan,Negatif
fiturnya kurang update buff nerf baik ikan kuisoner guna jelas mana hero mau tuju buff atau nerf developer banyak tipu segi gacha diamond jaring koneksi di baik,Positif
tiba tiba banget pas main rank game nya tiba tiba hubung terus pas coba relog ga mau masuk tanding rank nya apa coba padahal jaring aman semua fix dong moonton,Netral
maaf aq ksh bintang skrng mlbb skrng lag bgt udah d coba dgn hp ram beda kartu provider yg beda plus d bantu wifi tetep aja lag pdhl udah d ting paling rendah smuanya trutama d rank pas war apa hp mahal bgt dlu baru bs lancar maen ni game pdhl maen ni game dr awal rilis ampe skrng,Negatif
game moba sangat bagus betul bug nya main padahal sinyal hijau tidak gerak juga game selesai malah deteksi afk jadi tolong bug betul resah player lain juga bisa buat tidak main game ini,Negatif
game nya bagus buat strategi tpi bikin emosi masa jaring bagus aja tpi game nya jelek sampe main dekat wifi bikin ga mood padahal war malah ngelag tiba tiba jelek bet kalo soal jaring padahal kalo game ga ngelag terkadang kalo main dapat match yg bot lain jadi baik yah hehe,Negatif
misi min mau protes ada bug pas loading screen di fiks min biar mai tambah seru jawab plisee,Negatif
oy muntunn sinyal ijo loh ko ga gerak ngebug mulu ping loncat ape ni magsud nye kan kena bacot nya lama lama jadi sumala terusss solo ko nabrak party duo kan rank nya honor ko nabrak yang immortal glory sedang kan tim mytik bawah legend ikut,Negatif
laen bah awak barusan maen masa goldlane musuh pake spell mode rank itu sudah ngekill musuh nya early game tiba tiba error pas balik in game musuh nya ada mati laen kali bah mobile legend sekarang padahal baru main mobile legend tiba tiba jadi,Negatif
update mobile legends jadi sering lag padahal sinyal oke device agak aman kok ngelag padahal pas season kemarin kagak atas segera resah soal,Negatif
moonton baik game mu jangan asik bikin skin mulu matchmaking nya ituloh ngeselin bgt yakali gw yg solo ketemu party udah kalah lah tetep bagus sih game cuma minus aja matchmaking nya juga kalo naik glory tambahin benefit dong kayak lindung bintang gitu ga gampang turun moga game rame terus dah kapan karna game yg nemenin masa kecil gw sekarang,Positif
games nya seru cuman telah reset season jaring nya ngelag parah kalau war tiba tiba merah pas udah mati baru bagus jaring nya di baik sistem nya biar player nyaman,Negatif
muntun dong pdhl sinyal oke kuota jg tp knp waktu main ping nya merah alhasil jd afk trs pas mau login lg tulis hubung tp gk hubung samsek bikin kesel bgt jd baik,Positif
game bikin emosi tim player ngak tau main kadang main solo tetap aja situ situ aja ngak naik bintang lo streak truss jaring masalah teruss padahal pakai wifi game harus baik di tinjak lanjut moonton player solo butuh hibur pas waktu senggang bukan bikin emosi aja,Positif
game apa sih gw kasih tim dark sistem mulu padahal udah komplain ga tanggepin pantes download game tengah nya udah tres slow nanggepin nya emang gimana sih nih game padahal udah main lama tetep kasih tim semerawut kalo ga ga kompak lah developer kasih tim bagus kalo tim bagus lalu bintang tuju baru saya kasih bintang,Positif
cek akun error jaring padahal jaring bagus aja apk bagus login tapi bisa main notif jaring masalah,Netral
ping sering alami bug seson sekarang ini ya padahal belum lancar banget main di seson sekarang alami bug jaring sangat parah main ping sentuh ms langsung ngelag hero jalan sendiri di atur yang main mohon se mohon mohon nya di baik masa kelas game gede begini tidak baik masalah kecil skin banyak masa server gabisa,Negatif
gamenya gak adil dapet tim kayak sampah mulu terus kasih musuh jago terus darksystem ada gimana nih buat fixnya masa mau gin gin aja,Netral
monton napa dah tiba tiba koneksi gua putus pas in game kirain data gua abis nyata engga kirain jaring lot masuk youtube aman ajah jaring gua gua restart ulang gamenya malah nga masuk parah,Negatif
performa tim sama matchmaking bener bener ga stabil satu match dapet tim ngerti rotasi objektif komunikasi match ikut langsung balik total draft asal role tabrak makro nol pada main sendiri sendiri kaya ga pernah ajar match belum alhasil kalah bukan skill lawan karena sistem ngumpulin main timbang konsistensi main bikin alam ranked jadi capek mental naik turun ga jela,Netral
ya monton bikin ni musuh dak udah kuat kali terus event skin gratis nya di klaim jangan satu kali dong buat mode rank mudah biar milih pakai hero apa di mana ya sama kasih lah lawan mudah abis susah nian musuh nya kasih lah musuh mudah motoooooon tim nyo dark sistem semua tolong lah dark sistem tu ben aja tross kalo dah update sistem jangan lah kalo misal epic turun epic terus bikin lh msh tu dk susahhh kli,Negatif
moonton kasih gua dm mau selesai quest play store plss game nya bzgus banget kalian kalo main terus terus gua rekomend sih karna latih mampu strategi kalian jadi bukan main kalian harus pikir strategis sepet dunia nyata kalian musalnya butuh support berat yg nang kalian jugnler kumpul data arti dunia nyata aja makasih moonton baik hati,Positif
kecewa sama servernya gmn sih masa sinyal ijo lag nya kayak makin kesini bukan makin bagus malah makin kikir gak usah ngurusin skin dlu urusin dlu tuh sinyal nya biar nyaman game kikir,Negatif
min hp ku kalo mode drafpik mau gamplay sering fremdrop jadi kalo mau ganti emblem spel susah terimakasih min udah respon saya udah terima email in game,Netral
ni season jaring enak habis season jadi ngeleg gin padahal ping ijo ms diingame gak digerakin dong baik ya kali season baru datang kek gin,Positif
game buruk panjang masa ada imbang hero game banyak item cocok hero ada nerf hero lebih lebih sesuai sangat sesuai banyak hero game bagi rekan team sesuai sangat imbang fps sangat buruk update baru beri layan buruk upa informasi sesuai nerf buff hero tentu nerf buff laku item konyol,Negatif
kasih bintang satu soal nya gem sangat kecewa saya main solo knapa selalu musuh duo kadang trio lah baik lg trutama tim drak sistem,Positif
jelekk grafik dah burik losetreak mulu kasih team yg isi beban jelekkk banget dah pokok padahal aku player epik badak musuh kasih yg udah pro pokok alam aku maen game burukkkk jelekkk gak nyamannn udah dah kalo ngasih bintang aku ngasih bintang kalo suruh rate aku bakal ngasih,Negatif
ping stabil patah patah lag terus pas team fight padahal jaring rumah bagus main game yg juga gak ngelag sama sekali moba sangat sayang padahal gamenya golong seru kadang bikin emosi ping nya naik turun,Negatif
game nya sangat seru bagus grafik oke hero hero bagus untuk ini cuman kasih bintang untuk sistem matchmaking temu tim waras untuk jaring baik sering sekali lag jalan tanding padahal ada masalah sama sekali jaring,Positif
stres beri tim tidak imbang ber turut turut main rank nonton kasih tim imbang winrate tanding jangan di rat belah pihak selalu player solo dann gendong sejati berat,Netral
jaring baik jaring hijau malah ngeleg bahkan gerak sendiri kembali sendiri akibat afk dalam game tambah buat karakter diam tempat bisa gerak mana mohon baik,Positif
main clasic lancar gilir main rangked sudah selesai darfpick tiba tiba jaring putus padahal jaring wifi bagus hilang sistem bot buat game seru dahulu player player pantas naik rank ada rank atas buat matchking makin susa di rank atas ketemu player gameplaynya sesuai sistem yang nilai gameplay player percuma ada ia kalau deplover tidak menindaklanjuti,Positif
uninstall rame rame yuu game apa vs apa vs gaada adil adil jaring anjg bangt pale telkomsel g ngebut aja lag gilir skin aja gamau lewat uninstall guys biar dibenerin klo game nya sepi bakal baik,Netral
musuh pro ga imbang tambah muncul drak sistem lagi hero baru nambah susah kalau ketemu mantan mytic glory tiar rendah nambah jaring sering lag tiba padahal sinyal bguss game burik,Negatif
game ny diperbaikin y udh jelle banget sekarang jaring lancar pas main ngelag parah g gerak pas mau tanding langsung keluar game padahal ngga pencet apa g ush buat hero dulu mending perbaikin aja deh game ny makin gaje season rank turun jaring jelle sapa yg ga emosi coba,Netral
gua pindah maen game moba fix gua keluh maen solo berat banget epic team gua bot max epic season belum lawan nya gua cek udah glory fix sih no debat matchmaking hancur banget moonton lu ga niat buat pertahanin player kalo duit buat gacha lu urusin makin kesini makin rusak game lu cape gua season hancur maen solo,Negatif
halo selamat pagi salah satu player mobile legends beri keluh ingin ganti pp mobile legends layar langsung hitam bisa sentuh apa pp mobile legends nya tidak ganti padahal sudah pilih foto juga masalah rank ikan musuh imbang main party dan untuk player solo beri tim jago imbang dari saya cuma game moba yang baik moga baca,Positif
server rusak skin banyak server makin buruk gua main game aman aman aja pas main ml langsung lag parah padahal gua mau pubg aja lancar lancar aja di baik makin lama ml makin gk seru kalo terus gin mah,Negatif
game buat stres karna dapat tim bodoh musuh dapat tim jago main selalu kalah tim bodoh coba di kasih menang kalah tujuh kali main mode rank erti lah monton,Netral
gamenya bagus sistem nya sering gak adil apa pikir buat gamenya juga gamenya lumayan berat mohon baik sistem gak adil rata orang stress main game karena sistem gak adil pantas game beri rating bagus hok kek mohon developer nya buat game bener jangan gak adil terus sistem kamu punya otak kan makanya pakai,Positif
bener bener game sampah solo selalu kasih full squad party trus diselipin bot tim astaga moonton game sampah gue kaga adil sumpah,Netral
mohon baik sistem waktu tunggu matchmaking yg terlalu lama butuh waktu minimal menit dapat buah tanding main yg sengaja masuk tanding alhasil tunggu lagi untuk dapat tanding baru,Negatif
game rusak tim sendiri kasi bot tim musuh kasi spek proplayer tambahin fitur tukar tim kalau kalah game aneh hero yg dipake musuh damage ga ngotak pas dipake ga damage game gak adil,Negatif
game adil beri tim solo tim rank sua alam main sangat minim beda dang tim musuh sangat tahu cara main kutang efektif,Netral
game ny bagus cuma baik game ny soal pas main sinyal nya hijau tpi mlh ngelag tuh dh bagus game ny cuma sinyal nya itu loh maaf kas bintang karna sinyal game ny di baik moonton,Positif
moonton cara ganti akun padahal email benar gabisa terus nya pusing jadi ya baik hapus data pas masuk sama gaada beda jadi ya makas atas kerja sama nya,Positif
pull bintang suka game karena latih maras buat hibur itu guna latih strategi bisa menang senang dengar menang main,Positif
apa dunia kenapa sih game sering ilang jaring gue pake wifi plus satu rumah gak masalah sama sekali sama jaring udah gitu relog kali kali aja ngestuck lobby udah gitu cap afk padahal masalah servernya game tuju bikin playernya gila yah sumpah gue udah hampir mau ngebanting hp gue saking jengkel,Negatif
memang suka game tapi kasi top global rank an jadi jadi saat season yg udah ribu bintang immortal nya kurang minimal orang yg sempat masuk event sudah kadaluarsa masuk ke event lama,Netral
woi caper lu bikin ml buat dimainin kan woi kalo main dibandingin lah tara ga main jangan campur paling benci game kek gin gw gw udah main kali kasih tim ga masuk akal banget sekali nih benerin sistem niat bikin game ga ken dimainin ga game nya gw ingetin kalo yang main dipilihin yang tara kalo campur tu hasil semua ranting google play store game turun gw jamin dah gitu aja,Negatif
gamenya sangat nge lag terkadang aku jebak loading screen padahal jaring koneksi ku baik baik player banyak cabul mesum lebih perhati player nya,Netral
game apa masa squad tiba tiba gak gerak pas tanding padahal awal awal bagus bagus aja pas udah mau menang langsung nyangkut orang yg nyangkut padahal jaring bagus stabil nih game update tambah gak jelas hde,Positif
maaf monton gua ksih bintng game lu knp sih monton tlong peebaiki lah sistem eror apa gimana sih asa udah minggu main jaring kok merah trus pdahal sinyal wifi bagus tlong lah bikin nyaman playermu lah montoon,Positif
masak iyaa jaring internet g nge lag koneksi gamenya jelek g stabil game belah grafik map lebih gede internet masih stabil aman aja,Negatif
mending jangan coba main game karena awal game munkin kalian hibur lama kalian main buka hibur malah stresss jadi mending jangan coba sistem game hampir sama judol mana senang awal hancur akhir ingat sekali jangan main game contoh pilih tim main sangat adil ilustrasi main futsal tim lawan anak sma tim kita anaksd anak sma jadi jangan main game,Negatif
moonton jangan sibuk update terus lah bug bug ga benerin masa gw ga bisa masuk pas matchmaking padahal buka aplikasi lancar pls lah benerin jangan update terus bug ga pernah benerin,Negatif
game enak sangat susah naik rank sekali menang kasih kalah terus ampe stres karna kasih kalah trs trs satu tim nya kasih dark sistem terus bikin emosi trs ama kasih musuh lebih jago apa selalu kasih musuh partian gw player solo sangat emosi karna moonton kek sengaja ting itu kita emosi kek di bikin emosi ajh terus ama moonton lama jdi males main ni game,Negatif
game sangat bagus bahkan nya itu menang di rank mau naik tiba tiba kalah itu pilih kasih lumayan sih saya jadi hebat cara saya ajar bisa mungkin paham main ini,Positif
update makin ga jelas game buruk match making yg imbang yg paling parah masalah sinyal nya jangan bintang bintang yg paling bagus game,Netral
gamenya bagus bahkan seru buat dimainin semua playernya ramah oiya satu coba kalo season tu masalah sinyal tuh baik dong moonton masa season sinyal selalu ngelag jadi ini baca developer mohon baik,Netral
game bagus seru match making nya kadang imbang banyak player laku troll tindak player laku troll lebih keras buat match making nya lebih imbang terima kasih,Positif
game yg sangat rekomendasi tambah stress main rank saya selalu temu tim yg sangat sangat darksistem tidak main benar,Netral
sangat buruk sekali dulu sekarang montoon belum atas masalah lag bahkan sekarang per main renk sering sekali tabrak kan main yg sma livel main nya yg main buat playar hilang stress malah tambah stress,Negatif
moonton dengar keluh usernya ratingnya banyak yg ngeluh soal jaring barusan ngalami ping tiba tiba tinggi kalah sama game moba datang,Netral
game nya seru gak sesuai sya selalu kasih tim gak main musunya kasih yg jago mohon baik soal teman enak dapet tim yg jago sekali mohon yg bener kasih tim,Netral
busuk banget gamenya push awal season buat orang jadi gila niat menginstal game ingin reda stress sekali main malah bikin stress moonton gimana dong masa aku push awal season selalu tim sampah kek gin mana musuh ga ngotak mana sering orang banyak bacot main kek orang dongo gimana ga makin stress fix jangan download y soal buat kalian stress,Negatif
awal mah bagus pas seson awal pas udah seson sekarang makin parah suka ngelag patah suka bug gitu padahal wifi ku bagus nonton video whatsapp an aja,Positif
ml banyak kali buk contoh buk jaring tiba tiba jaring buruk enggak gerak sekali buka tiktok aplikasi lancar sinyal masih banyak buk lain di baik ya developer sekian saran saya,Negatif
jadi hubung terus sih padahal data signal bagus wifi signal bagus hubung terus hubung customer service terus coba lah baik,Positif
dong kalau mau nambahin hero baru jangan bentuk manusia terus kesan kayak bosen aja gitu konsep moba fantasi depan tambah hero bentuk manusia dongg monster robot mungkin,Netral
game rusak galejas abis update donwload dalemanya ecek konten tuju apa coba kayak saya baru beli kuota gb langsung ludes habis game saja hadeh enak main tiba kuota internet abis payah developer kalau memang download ulang setidaknnya tawarin opsi lah jangan langsung download gitu aja kecewa sama moonton kali,Negatif
game ngebug terus gak tekan suka loncat entah apa klik padahal jaring bagus benar niat bikin game gak padahal ram hp banyak cuma buka moba doangyang error yang lain gak pindah game belah aja pada main di sini error mulu gak asik,Negatif
moonton lah yahh kan draft pick kan loading buat masuk dalam tanding nah sana ngestakk padahal posisi jaring bagus kuota banyak telah bisa masuk kedlm tanding saya tlat mnit di cap afk pihak game ketika org yg ngeliat mreka ngliat sya gk afk mo bukti kirim kan foto aku bukan jadi sekali kali sering moonton tolongg baik jadi males banget main kayak gin,Positif
lah moonton klo mau ngasi lawan tu padan sama kriteria main jangan kasi lawan jago tim bego klo tukerun napa misal kalah kli kasi memang kek misa kli klo gitu kan buat player lebih semangat buat main,Netral
moonton please laah kasih menang masa sudah menang mcl kemarin terus pas main rank kasih tim tidak pas playernya kalok samain lah biar adil samain tim musuh jangan kasih tim tidak sama mai player hebat kalok adill lah please makanya kok no kwkwkwk sini kasih team bot musuh player hadeuhhh cape main game ni,Netral
geme memeng seru disamainkan sama teman kalo main solo rank tim biasa tuh dark sistem kayak gak banding sama lawan lawan biasa jago jago ketimbang tim dan biasa kan kita baru download mobile legends udah hapus lalu dinstal itu tu bikin kesel tu download data,Negatif
dari pihak game baik bug loading dalam tanding stuck lalu tulis jaring jelek padahal jaring udah bagus bahkan sampai beli paket data tetap stuck ini buat telat beberapa menit main plis montoon baik,Negatif
bug joystick gerak sudah aju masalah layan di game dia minta foto bug datang tiba tiba hilang cepat sering jadi biasa match bug jadi kali karakter akan diam harus tunggu beberapa detik baru bisa gerak padahal jaring ms,Negatif
game nya sekarang udah rusak apa banyak ngebug sih kalo ngebug benerin lah padahal ken mau post album malah login ulang udah kemarin ngga bisa login ulang nggak keluar lobby,Negatif
min knpa pas ak main jaring tiba ilang padahal kuota baru isi jadi nglg grak gabisa cuman liatin doang pas login ulang masuk game main nglg pas liat hasil tanding langsung afk,Negatif
pihak moonton lah kalau misal yg mai ngetroll sesuai role yg ambil beri tindak yg paling ringan kurang creditnya kalau parah banned sering ketemu player kalau main cuma mau menang sendiri saya lapor cuma nggak di tanggepin lah kalau yg ngelaporin entah orang di tanggepin hukum ringan kalau lebih kena banned,Netral
sistem bagi tim lu noh benerin musuh dapet tim bagus tim gw jelek sekali playernya pake rw joki malah ban tau ga lu kalo player lu suka joki rw tuh sistem bagi tim lu yg kurang banget bikin kalah yg ga wajar bgt benerin dulu gih player lu pindah game note gw saranin buat org yg gamau stres nambah mending jangan main game dah asli pamali,Positif
game aneh matchmaking aja gaada ubah nya sampe sekarang gw legend main trio temen gw legend masa musuh honor mawi gaadil banget kan,Netral
dong server nya baik padahal jaring bagus pas game nya malah lag terus dapet tim tara dong soal musuh nya ex imo dapet tim ex legend,Positif
moonton lah jaring baik aku main selalu lag lag aku main tayang sama sekali karna pengaruh lag lag game main lag lag kalau mati lancar jaring nya woi moonton di baik jaring nya main lag lag ada sudah hari main lag lag trus tidak ada ubah,Negatif
sumpah kalo ngasih team orang tara plis cape banget berat belah kalo kalah lawan mah seru malah banting parah teamnya satu ngetroll satu ga main sama satu udah kasih radio mundur maju sumpah basmi aja player player kayak gitu buang buang tenaga pas main,Negatif
game sangat buruk banyak curang main rank satu tim sama akun baru level saran gak usah main mobile legend banyak kecuranga,Negatif
game moba rasa kayak main tebak tebak lag koneksi internet stabil aplikasi lancar mobile legends malah sering lag delay parah patah patah momen penting team fight tiba tiba freeze pas jalan mati matchmaking makin aneh ketemu lawan imbang update gede optimasi makin buruk bukan makin halus fokus baik server performa jangan cuma event skin terus,Negatif
memang game sangat seru tolong fix bug alamat e mail daftar akun moonton sangat ganggu login sangat panik ira akun telah hilang,Negatif
dear moonton kondisi jaring stabil ping rendah game versi baru mobile legends sering alami lag tanding utama guna skill hero masalah jadi bukan turun fps lambat respons bahkan skill aktif sama sekali game kompetitif sangat rugi main indikator jaring baik masalah sebut jadi ini tunjuk perlu baik serius optimasi sistem,Positif
game anj game nya aja stuck mending main game nya yg gak pernah stuck hok aov ff pubg blood strike ketimbang main ml stuck terus baik sistem lu moonton kalau mau game lu gak stuck baik dulu mikirin skinnn muluu,Negatif
gua kasih karena nyebelin banget download data mulu bug udah dulu pas naik season sora data malah hapus gacor gak angin gak hujan selalu hapus data lo kira download data gratis udah gua report layan langgan bot nya rusak balas nya lama di baik bug download data,Negatif
mlbb seasen sekarang parah banget kali gw main ga pernah ga ngelag padahal jaring bagus tambah mat selalu tim dark sistem susah buat naik rank ga kaya seansen kemaren nyaman main tolong pisah kalo yg udah lama maen sama yg baru maen cape gw ketemu dark sistem,Negatif
hmm tolong moonton player solo tidak harap menang minimal player tim waras aja udah bagus ya tau pov player pun sibuk motivasi yg pengaruh player sebut tolong jangan kalo bagai player yg waras gameplay jarang coklat ya tolong minimal tingkat lapor biar yg emang nge feed main gabener beneran kredit skor turun kalo tambah turun skorny,Netral
game nya lag gabisa sama sekali gerak awal season orang mau push halang lag sistem server error kemarin ga pernah ubah hp andro jadi sengsara,Negatif
moonton saya losetrak mulu ketemu dark sistem mulu terus suka tbtb ngelag padahal jaring bagus banyakin skin gratis yg mudah dapat makin sini makin ngelag,Negatif
tombol skill dalem game nya sering ngebug ajg padahal atur normal pas maen malah tombol skill gede jempol kaki semua udh ken ad bug game ajg,Negatif
game nya crash sinyal nya merah gak hubung padahal internet stabil malah kena langgar afk kecewa gw akun kenapa crashh mulu si sinyal merah mulu padahal internet stabil blum bner benerin dulu klo gin terus di uninstal aja nyusahin game nya,Negatif
hai min aku mau speak up yang aku alami mobile legends makan kuota nya lebih boros banget biasa aku gatau kenapa semenjak aku gamain ml aku download jadi begini macam kasus kuota gondrong min satu kali match nembus mb min gawajar banget yang biasa dulu mb an sekarang jadi gede banget iya aku for close normal nyedotnya per mb an ga langsung kaya belum hitung detik boros banget mohon bantu jawab min masalah,Negatif
sangat sangat buruk bukan segi jaring tapi segi pilih tim selalu main tim lawan kuat sesuai baik gimana sih sistem kalian jangan banyak skin aja baik masalah dulu lebih baik hok lancar tim bagus gak hancur parah kayak di game kalian mau ngasih tim ngotak dikit jangan lihat rank wrnya kdanyalah apa semua orang kok masalah gaya main sekarang developer tolol,Positif
game sangat buruk game agar game nya rame player nya kasih bagus main kasih musuh mudah lah game balik nya player nya saat main kasih musuh susah lalu tim nya gak main semua kan anj padahal player nya baik baik loh kayak gin ada beberapa rating bintang ulas nya keburu game nya karena kasi gitu banyak main rating game nya kalau kalian tuju rating buruk game,Netral
ngasih tim kira kira lah jangan bikin orang tres gara gara game main solo udah kayak main sama anak sd kelas kasih kira lah monton rela begadang ga tidur demi game ga hasil nya bintang hilang jad inget terus gamebikinsetresdoang,Negatif
main yg sangat buruk sering jadi afk padahal jaring stabil macmacking saat sedang main sering dapet musuh yg imbang player kena lapor beri sanksi tidak sesuai dengan praturan padahal dah jelas langgar atur kalau langsung ikan yg sangat berat banyak player yg tidak mau pakai hero sesuai roul sendiri tidak beri sanksi game ny di baik kualitas atu yg ny apalgi masalah afk ny,Netral
developer rasa banyak kurang mode hd utama caracter tampil hero jadi kurang enak mata aja lebih cartoon mohon maaf mungkin boleh kurang lag lain turut sih kurang nyaman aja ml sekarang,Negatif
moonton update kok ngelag apakah servernya sudah main mode ranked bisa gerak lag bukan cuma tapi map rasa,Negatif
buat moonton cinta baik mohon kasih musuh tara gua udah lose streak udah bukan turun bintang turun rank buat moonton ya gua selaku player solo pernah menang,Positif
mending bintang ku kasih serius makin update jaring makin ga bagus padahal wifi ku pakenya g sama aja jaring ga bagus apa dah masa mau gua bandingin sama game belah kan ga enak saran aja jaring perbaikin,Positif
habis update bukan makin bagus malah nge lag parah sampe gk jalan hero jalan sendiri ku update gw main clasic game sinyal nge lag parah ku kira sinyal hp gw eh pas nyoba game malah sama aja padahal internet gw lancar sinyal bagus gimana sih kocakk,Negatif
game nya jelek sekali masa tiba main sinyal penuh kok ngeleg g baik sama sekali trus maen teman squad kasih bot g baik sama sekali sangat kecewa,Netral
kasih bintang karna apa karna game season turun epic tim selalu dapet rank epic yg sungguh selalu buat kesel ga sesuai tim yg season kemarin sesal stres telah main game mobile legend pun sering sekali banting banting handphone sampai ngadat ngadat mohon depan gada rank nama epic sekian kurang lebih nya mohon maaf tanggung jawab saya ingin hp baru dan lanjut gameini,Negatif
game rusak masa jaring lemah padahal depan an sama wifi udah gitu patah tolong dong moonton baik game gede selar gin betulin bug aja gk,Negatif
oi kalau bikin game ngotak napa sistem lu baik tadi maen jumpa tim duo trio musuh lah tim gw solo sistem lane perhati hasil match lebih banyak maen exp kasi gold lane padahal exp tim maen cuma sikit,Positif
wahh game sangat bagus ramah cocok banget tumbuh kembang anak kalo dah punya anak saya akan rekomendasi main game gamenya seru sekali game bagus banget,Positif
tolong mulai tanding lawan tim harus imbang tim musuh gilir tim musuh hebat hebat mau menang selalu sedikit beda sekali kalah banyak,Netral
team tidak imbang kadang sengaja laku feed kadang kasih role awal match rank tetep aja yang tabrak beda lane nya baik sistem team matching nya kalah terus terus hanya beri kali menang kalah jadi bintang saya naik turun dengan minggu,Netral
gema bagi adil kadang dapat teman gang begitu agak bawah bot egois terkadang dapat musuh begitu susah masih yang guna cheat bikin tim musuh ngeleg,Netral
keluh verifikasi langkah aktif saat login lalu verifikasi akun moonton hilang akses masuk akun moonton ngapain pilih non aktif kalo ujung verifikasi langkah dan akhir saya sudah tidak pernah main karena malas kalau ulang pertama,Negatif
sangat bagus gamenya dulu lumayan kasih team nya bener skrg uda makin gak bener kasih tim nya bot semua tim musuh pro semua kasih nya jangan donlowd saran ku ak uda kalah kali,Positif
lumayan bagus game cuma kurang adil masa solo nabrak trio nabrak party udah tim gua kasih bot mentok honor musuh rank glory atas saran gua kalau kurang main buat adil biar orang banyak gak unistal game,Positif
buat developer hormat bagai player game sangat sangat berterimakasih buat game moba mobile begitu tarik juga buat saran kritik buat developer juga staff staff nya baik matchmakin juga jangan surver lalu mail in game tapi coba kalian dengar beberapa player sudah cape solo push game utama ranked dangat imbang matchmaking sebut baik sekian terima kasih,Positif
pihak kait keluh bagi hubung telah laku relog asa sangat lama bahkan tunggu selesai matching selesai main game bagai hibur kalau ada telepon apa pasti langsung keluar game masuk lama banget sampai matching nya selesai ujung ujung kena ingat afk ya baik,Positif
losetreak mulu imbang tim jadi masalah utama solo player kalo sekali kali wajar kalo sering banget dapet tim jelek dah ga wajar arti emang sistem matchmaking nya jelek ga ubah arti buat moonton mohon improvisasi dah,Negatif
game judi buat candu kali kemnegan itu lose lose ga jelas lebih parah nyata game bocil belah lebih burik ff sinyal ijo lag aja heran mana ga opsional buat chat cs baik game udah tahun kata aja lebih burik makin parah solo ketemu tim nya boot sedang lawan balik nya game bodohh,Negatif
gamenya bagus tolong tambah fitur prioritas data kecil daja ingin download lebih supaya hp ukur simpan nya kecil main dgn lancar sangat menganggu,Positif
bagi tim asa imbang sering kali satu tim isi main rank rendah winrate kecil kuasa hero kurang lawan punya rank mampu jauh lebih tinggi itu balancing hero asa kacau hero terlalu kuat terlalu lemah aneh justru hero benar perlu ubah malah kena revamp freya,Netral
kepada pihak mlbb baik masalah jaring internet tiba tiba lag sebab jaring patah patah saat main game moga depan lebih baik terima kasih,Positif
ngasih tim ga jelas mulu ajg males main kalo gin terus mah season kemarin sampe sekarang maen cuma bikin darah tinggi doang padahal jarang login login kalo bosen maen cuma setor emosi doang,Negatif
segala aspek game nya cukup bagus segi event tarik satu problem dari dulu sekarang belum baik sistem moonton ketika turun season orang main terkadang ada internet down padahal sinyal bagus jadi baik sekarang begitu,Positif
sinyal diperbaikinn lah entah lag terus pas war lag pas nga war malah lancar lah juga kondisi tim sama tim lawan imbang lah kalo legend legend kalo epig epig jangan satuin lah,Negatif
gem aneh banyak bug salah satu ga login padahal spin event tinggal sedikit malah gak login paksa download ulang mana donwload data nya lama,Negatif
imbang hero game sangat buruk seringkali hadap musuh hero hero jelas overpowered op damage skill masuk akal buat tanding asa tidak adil frustrasi utama beda kuat terlalu signifikan sejak awal main mohon segera sesuai balancing lebih baik,Netral
game nya akhir sering lag patah patah ngefrez mohon baik ya min jaring padahal bagus lo tetep lag sape gak main,Negatif
dapat tim feeding score saat direport balas deteksi langgar sistem jelek rasa manipulasi mobile legends sengaja bikin kalah terus main main tim troll ini beri proteksi card tidak mana main adil,Negatif
game kalo ngasih musuh kagak ngotak udah musuh nya aneh mantatn imo lah mantan glory lah sendang tim mantan legend epic udah warior game buka happy malah tambah stres kalo skin argus aspirants bintang lima sama argus ku jadi top lokal kalo gak rilis skin nya bintang hero power ku udah kali top lokal kasi musuh yang ngotak sedikit dah,Positif
stress nih game masak iya udah game paksa download data game ya sinyal bagi lah timbul lag turun fps bener bener ga ramah hp kentang rugi banget sih udh ingame ngeleg parah ga gerak gara gara muat resource mending lah did download doang resource nya di instal di ingame nya makanya bikin lah parah,Negatif
lagi jaman mana ml baru rilis item sekarang rusak game play imbang makin banyak hero tidak guna gara update main solo dapat trio kenapa tidak solo temu main solo,Negatif
game nya udah bagus event nya udah bagus semua udah bagus gw kasih bintang karna minus nya matching gw main solo rank mytic bintang ketemu legend musuh rank paling rendah honor bukan sama sama legend sistem matching nya baik ya monton,Positif
pokok gua ga mau tau baru awal season sinyal ngeleg gajelas season mulai sinyal biasa aja bagu ijo pas udah mulai merah gajela ada jadi afk gabisa ngerak sama sekali bnerin tuh serverr gajelas mohonn maaf ini laku yang kena sinyal ngeleg,Netral
game apa nih gw mau naikin pangkat kasih temen nya drak sistem semua gimana sih gw main mvp terus capek gw dapet tim dark sistem semua kalok gitu cara nya sih mending gw pindah fire fire pada mobile legend gak gw main hok aja pada game udah dapet temen drak sistem roam isi lesley hyper di isi miya lol mati aja sono capek gw main jing,Netral
main selalu pilih tim nya jelek banyak sistem hitam baik la habis seson kasih huni asli epic gem dah setting menang kalah nya apa ayo la baik monton capek gw tim nya aneh aneh,Positif
makin kesini game nya makin gak asik mainin niat nya ngilang tres malah makin stres karna lawan gak imbang sama teman sendiri lawan jago teman sendiri kek gakk maen mana sering nya solo rank,Netral
maksud gimana yah aku udah pake data terus sinyal nya udah bagus kok tetep ngeleg kali kalo update baik dulu masalah jaring jangan nyusahin player aku ga maksud kata buruk hal lain kasihan player main udah pake data tetep aja ngeleg,Positif
game nya si seru ada kurang update terus buat maen suka kadang ngelag padahal sinyal bagus lawan nya buat rank nya di bawah adilin don moonton jangan kasih lawan lebih tinggi dariereka mampu nya,Netral
alam kena minimal klo kalah ga kasih tim feed lah matchmacking bobrok game ga pernah ngasih alam seru ada temenya itu klo punya padahal apa susah sih tinggal bikin matchmacking adil dasar riwayat capek main buat senang malah banyak stress benah,Netral
udah beberapa season belakang aja sering ngeframe pas in game sinyal kadang suka naik main solo rank sendiri selalu dapet tim imbang kadang dapet tim komputer udah gitu musuh jago mohon buat developer game moonton masa iya sih game update mulu event banyak in game masalah gapernah dibenerin mohon evaluasi selesaiin masalah harus cepat selesai masalah sangat ganggu bikin nyaman main,Positif
moonton baik jaring nya update terus bukan nambah bagus malah nambah jelek jangan game doang di update jaring game di update jangan bikin player gak nyaman mainin game pada pindah game percuma banyak event kalo banyak masalah jaring masa baru update season jaring kayak begini ping lebih kita gak nyaman main nya di lihat lah,Netral
pihak moonton sayang mohon mati verifikasi kali masuk akun apa guna fitur mati verifikasi kalian tetap pasang verifikasi sebut ini justru sulit main kurang nyaman guna aplikasi mohon segera baik alam guna jadi lebih baik terima kasih banyak,Positif
game busuk tim payah sinyal gampang lag jangan fisual bagus dong hanya bagus fisual nya lebih baik introspeksi balas buat player masih ajar player sungguh main main selalu tim jelek teman selalu tim bagus tolong benah tidak jangan harap banyak orang betah main game moba payah,Positif
game nya sedikit bagus padahal sinyal ku bagus gak gerak trus saat main jaring nya merah saat pencet jadi hijau rekomendasi kamu main moba saya sudah main game sudah hampir tahun tapi makin banyak update makin jelek game nya model tampil skin hero cukup bagus untuk efek nya kurang pantas harga nya sangat mahal lebih kata sangat rekomen,Positif
ya monton ni ya kalo loading selalu hubung padahal wi fi ku bagus lo ya server nya,Positif
main rank nemu dark systemmmm mulu dark system mulu pas v temen ku lag pas mati baru lancar padahal sinyal nya bagus ada janggal game game mungkin emang udah setting biar main kalah tim gak imbang,Negatif
kurang nya cuma satu teman temen bagus menang main langsung kasih temen drak sistem udh dulu kek gitu pusing sumpah stres bukan monton nya kita yg main selalu kasih temen drak sistem hedeh,Netral
apa tiap main sinyal selalu ms padahal pakai wifi bagi tim nya ituloh sangat sangat imbang tim sendiri ga main tim musuh jago jago saran cuma baik bagi tim nya,Positif
akhir akhir jaring makin jelek ping merah terus pas ku cek atur jaring ku normal mentok ms pas ku coba rank ping langsung naik drastis an gila emang ws ku hancur males main sekarang entah kapan baik ku harap segera di baik bisa main,Netral
dear moonton pls ga perlu update fitur tambah butuh kamu improve baik sistem matchmaking tambah update interactive emote fitur yg jujur ga guna sama sekali juga mohon skrg player sangat lag main mlbb servernya sangat down jumping juga adil pilih lawan rekan kalau tara ini yg buat player rasa ga nyaman mereka lose streak km mau player kalah apa menang moonton,Netral
kasih lah tim benar lose streak gara gara dapet tim yg ga bener rank naik turun banyak troll banyak afk jaring selalu lag baik sistem nya,Netral
game banyak skin gratis sistem match nya gajelas masa tim gw kasi tim ga normal musuh gw jago sengaja apa pls lah masa kasi menang sedikit baru menang kalah banyak karna tim nda jelas ayo muak gw main rank gin rangin aja skin gratis nya baik dulu sistem match nya sinyal nya tidak normal padahal game lancar cmn game yang normal sinyal nya baik saya mohon temen gw aja pensi gara tim ga bagus,Positif
assalamualaikum warahmatullahi aplikasi mobile legends kenapa selalu kayak ngesetuck ml nya kaya pas login nih terus tiba ngestuck logo meski udah ulangin tetep ngestuck logo ml mohon mobile legends benerin biar gak ngestuck terima kasih,Negatif
konsisten tim ngetrol koneksi internet tidak stabil rank bsa naik turun yang tahan bintang udah malas hancur cuman habis data,Netral
udah bagus si bahkan lebih baik pada tahun lalu minus cuma pas main kadang suka hubung ulang padahal wifi sama sinyal bagus aja hero suka gerak sendiri padahal sinyal tempat bagus bagus,Positif
gw udah main season yg paling parah update season sekarang server down gin ping merah kuning gak stabil update bukan bagus malah buruk,Netral
game sih sering hubung ulang pas hampir mau main hp ram sering kena kena ingat afk padahal jaring nya bagus menit baru masuk game nya kalo mau ngerusak akun bilang aja afk berapa kali gw perkara gin masuk menit menit kalah gold jadi baru ml nya hp ram ga gerak soal game tolol,Netral
gua janji g bakal ganti rating mau ganti foto profil tiba malah menu lobby ulang ulang kali terus eh pas gambar malah biru latar belakang ml pdhal harus foto pandang jakarta eh mana cooldown nya lama pas mau ganti fix gak,Negatif
kalo ngasih tim ngotak ton monton kalo emang sistem ganti sistem awal geme buat ngehilangin stres malah bikin stresss capekk ton monton rank cuma naik turun kalo tambahin fitur cara pilih lane besar map kalo ga di kasih bintang ga gw kasih mending ni gw kasih,Netral
game apa banyak bug hero gak gera padahal sinyal bagus sama kembali dah tanding tiba tiba kontrol jadi besar seperti tadi menggangu gameplay dan jadi kalah,Netral
moonton anj gua kasih lost x padahal party kasih musuh ga ngotak pas war kasih lag dilay gua stres tot frustasi gara game di kasih menang x doang apa apa,Negatif
baik jaring nya jelek bangett gilir war lag gilir udah mati malah lancar pdhal pake wifi data game rusak,Negatif
capek sekali gua main tadi kasih tim bot terus padahal sinyal gua lancar buat main langsung ubah jadi ngelag habis upgrade kok malah gak enak buat main yah trimakasih,Negatif
game nya udah lumayan bagus grafik nya sudah lebih baik yang dulu dulu masih kurang kurang bagi hero nya hero emblem nya di bikin lebih kuat ya mooton,Positif
sinyal padahal bagus gameplay nya patah patah pas main sama temen behh makin ngeleg padahal bagus lo sinyal nya lama lama pindah game aja wkwkwk kocak,Positif
game sangat buat kecewa kasih tim yg gk main kalo niat game rame jangan kek gin bukan orang tetap game lu malah ken pindah game lalu mau naik rank lanjut jangan susah game laen gk di kasih susah tambah sering ngeleg tiba padahal tadi bagus di perbaikin,Positif
kalau team main bagus sinyal dimainin kalau team mai jelek sinyal lancar banget alam pribadi aja sih,Negatif
game nya gila bug sikit lag dikit tiba keluar tanding ngasih lawan damage nya tinggi kali patah tolong montoon di baik semua nya udh bagus mulai skin hero nya game burik apa makin update makin buruk apaa lahh,Negatif
akhir akhir sangat kecewa utama jaring selalu lag team fight pada wifi saya lancar aman moonton di perhati trima kasih,Negatif
sistem kurang adil tim musuh rata main kalo udh tim sendiri yg maen cuma satu duo orang sisa tau kalo udh kalah kasih musuh bot semua tdk ad rasa harga playernya akan kalo kasih musuh yg tetbilang gampang bangt rasa akan sepele playernya player solo kalo udh win strek kali aj langsung kasih kalah contoh daet tim yg ngetroll feeder yg rank tdk sesuai skill mungkin akun hasil dijokiin makanya main g sesuai,Negatif
bug emang udah jadi sejarah monton season pasti yang nama lag sinyal bagus sinyal in game ngelag di baik server nya sinyal nya yang niat nya mau main malah nangung sabar ngelag,Negatif
hei montoon ml game nya bagus aku gak sengaja afk sinyal hilang dong update lanjut saat ingin naik kredit score banyakin dong kapasitas per hari kredit score gitu biar lebih mudah naikin nya kalau udah update itu baru aku kasih bintang,Positif
basmi cheater tolong tindak tegas player troll tolong lebih suka patch dulu patch pilih awal role sangat susah player solo sering ketemu tim yg kadang ga main benar saran saya tolong banget win rate sekarang nambahnya dikit sekali kalo menang kalo kalah kurang banyak plis montoon,Positif
game burik system nya banyak bug sinyal bagus tetep ngeleh in game harap baik lagi game nya guna data tingkat tinggi masih banyak bug juga hero dikit,Negatif
gw suka gamenya soal seru keren banyak skinnya ad kurang contoh banyak player toxic banyak bully banyak bug update aja sih gw thanks,Positif
posisi menang tiba tiba waktu war vs lsg lag jadi nya kalah koneksi stabil buruk awal awal masalah jadi bukan sekali dua kali tanding,Negatif
halo moonton suka game tema moba epic jelas sedikit salah koneksi sering stabil selalu bug matchmaking terlalu lama saat pilih hero selalu freze keluar game yang sering jadi ketika mendownload buah konten bug freze jadi makin parah mohon maaf saya lebih buat singgung itu yang bisa saya sampai,Negatif
game jelek usah download rekomendasi game nya waktu main rank komposisi tim imbang selalu main tim sesuai rank server nya sangat jelek waktu main sinyal bagus sinyal lag baik kalau tidak ini buruk main baru akan pensiun saran kritik tidak di benar,Negatif
lah baik prime nya lag mulu jaring bagus loby pas main lag banget skin terus terus keluar kan kolab sama sama prime di baik lah min baik bisa main nyaman karna percuma main tapi lah mah habisin quota aja y min baik,Positif
matchmaking jelas ketemu tim tau main musuh jago atur tidak bisa pokok di ubah sistem match nya jadi rugi top up game kalo tim buruk,Negatif
lumayan bahkan segi gameplay bagus adil layan langgan nya gercep responnya seperti biasa moonton pilih kasih bulan lalu baru main enak banget banyak event hadiah khusus mula eh pas udh lama main mulai dah rumor orang orang moontod oke deh sekian abangkuh semangat bikin game nya jadi lebih baik fadhlan,Positif
game nya bagus skinnya keren keren colector and legend sumpah bagus bagus bgttt plisss skin nya banyak keren keren hero nya banyak tampil gak kalah bagus hero ngambil cerita sejarah budaya negara ada dunia contoh kayak kadita indonesia real nama nyi roro kidul ratu pantai selatan ahhh suka bgtttt kurang banyak lovers and drak sistem ranked dari segi model bagus gw kasih bintang bagus bgtttttt,Positif
game rusak ngechat ga masuk lobby ga buka profile ga mainin event spongebob masak tiba tiba balik tampil awal padahal akun tidak kena hukum jenis nya sinyal lancar,Negatif
sekarang game kayak gak mentingin sinyal padahal main game lancar banget pakai wifi dan sinyal aman kok mobile legend sinyal atas benar game optimal koneksi bagus versi dulu percuma kalau update besar besar benar kalau misal sinyal optimal bisa buat user game sangat ganggu pdahal sinyal bagus loh banyak teman yang pakai wifi sinyal bagus lag di game saja,Positif
dong moonton kasih draft yg imbang semua sih udh bagus cuma klo matchmaking tuh team sama lawan gak imbang masa yg rank tinggi team nya rank rendah musuh rank tinggi semua gw kasih rating biar muncul atas karna game nya emang asik cuma suka bikin stresl,Positif
game nya bagus drak sistem tolong di rangin moonton tolonggg plissss legend lho epic gimana moonton enak nya hapus aja ini game biar sepi minat soal ngasih game nya gak yang bagus gak bikin neng malah bisa bikin stress,Positif
gamenya bngst kont l gw enak nya farming monster jungler tiba jaring buruk padahal jaring gw bagus tolil game nangkep jaring pake apa sih pancing eh gw kasih tau aja klo player lu afk gara jaring lag gk usah kasih ingat lagi wi fi udh bagus tetep aja lag heran gw,Negatif
game yg sangat ramah sopan gak kata kasar satu bintang mau honor eh malah turun balik legend wauuu game bukti hilang stres terima kasih monton buat game ramah ini makin senang,Netral
game sangat jelek sering sebab lag jaring buruk asli sangat lancar jadi main game sangat buruk sering dapat tim sangat jelek tidak guna,Negatif
nyebelin bgt dah nih game enak enak main nge lag mana game kikir hadehh moga cepet ubah biar player u stay ga pindah game kalau ngasih lawan bener dong ga bener semua njir lah,Negatif
benerin matching masa solo mulu nemu trio duo party beban cape lu kalo mau dapetin duit jangan gitu moonton sekarang gw ls malem sampe pagi maksud gw gin klo adain sistem gk main klo tim beban lah cape main game buat fun klo ujung nya kalah gk fun nya,Netral
orang main game buat ilangin stress ini malah nambah lipat tolong buat matchmaking adil jangan tim isi nya gak main musuh jago semua mana adil apa ngeluarin duit dulu baru dapet tim yang bagus,Positif
selaku developer akun salah apa pus reng pagi sampe jam ga naik malah turun terus tim ga pernah bener ni akun kenapa top up udah sering ngerugiin game ga pernah ko tim kaya bintang mulu baik game nya sudah pusing hampir stres selaku developer beri adil akun rasa rugiin ini bukan masalah skill isu sering ko dapat mvp kalah karna tim saya seperti binatang sy mohon berikeadilany,Netral
mohon maaf besar besar mlbb mau main ga masuk tanding padahal tanding nya udah temu ga masuk terus akun mlbb kena ban beberapa menit matching sama kredit skor nya turun alas nya tidak siap lah gimana mau siap masuk aja ga padahal jaring bagus jadi lah moonton kalo gin terus malah ngerugiin player nya,Positif
untuk soal lag jaring jelek kek gimna pas war ngelag analog jalan sendiri baik lah terus soal tim aneh bgt tim trol ga ad sistem buat blacklist dri ml juga pas report ga ad langgar apsi tiap hari main kek gitu smpe lomba gw kga menang karna dan kalo buat game yg bener dikit,Negatif
geme nya si bagus hero baru cuman game nya lag banget padahal ping lancar sering hero nya jalan tempat coba monton baik lag sulit rank,Netral
games mobile lengends sangat bagus populer collap sama anime yg senang semua games yg bagus main anak abang kasih hero gratis di kasih skin gratis dan jika tidak punya internet main offline,Positif
game rusak makin kesini makin parah tiba tiba leg lah pas awal season meendding kalo patah ampe gak gerak trus langsung keluar sendiri makin banyak main makin rusak game nya d per baik jaring nya min kecewa kalo ampe gin terus,Negatif
jauh main game dari hingga sekarang cukup senang bahkan sudah banyak top up beli atribut skin sangat sayang sistem match making nya cukup aneh kadang main selalu temu musuh tidak imbang tapi tim sendiri player nya sangat repot tim mohon di tindak lanjut match making seperti karena beberapa kali saya alami seperti,Negatif
wih keren sih gamenya minimal kalo buat game niat kalo mau kalahin kalahin aja terus pada menang kalah menang kalah ni akun gw luku infesmeno buat aja tu match kalah terus pada kalah menang developer keren jadi kasih bintang,Positif
jaring parah sekali padahal udah pake wifii banyak bug apa saat war jaring tiba tiba merah di baik aku coba game belah lancar lancar aja cuma mlbb jaring nya parah,Negatif
monton baik bug mu lag mau start match ramai banyak mrasakan bug baik kita kecawa soal device yakin bukan device update sangat lancar main skarang stalah update stak baik bug mu monton,Negatif
event and fitur si gak masalah nya masalah nya tu cuman di bagi tim lawan kawan gak adil banget gitu oke sering dapet tim gg musuh nya lebiihh dari gg gimana si moonton mlbb bukan nya jadi game hypan malah jadi game tambah streess hidup orang tau gak si,Positif
adalah game moba jelek pernah main saat wifi sedang lancar malah bilang koneksi baik bagus sangat senang,Positif
segi game fitur nya udh oke satu min cari lawan nya yg imbang kelas rank jgn lawan sulit min saja masuk terimakasih selamat malam,Positif
apa moonton moonton apasih pas tanding gak ngelag tiba tiba ngelag saya coba wifi kok normal pas tanding merah nya yaampunn gak chat gerak pas relog kagak di apa apain kata hubung tanding pas nunggu lama bener dah baik lah jaring mu moonton oerbaiki server mu moonton ada aku malas main mlbb gara gara tolong banget moonton baik lah sistem mu banyak player resah kalo kayak gin plis moonton moga di baik kan,Negatif
bapak monton analog bisa gerak spertinya kunci analog anda moonton tipu player atur sepenuh kendali moonton sungguh biadap moonton,Netral
grafik mulai bagus masih bnyak bug yg kurang lihat sperti awal seson selalu dapat bug jaring darri sinyal hp full bila game selalu merah sangat menggangu game play serta saat nge deffen base tim harus kena bug jaring walaupun dapat comeback itu momen yg boleh buang pleas lebih perhati bug hanya event juga butuh nyaman,Negatif
game udah betul betul ga ramah player solo mau mitik awal season aja match anjir gila gila aja ide bikin game kalah game rusak udah kayak judi beda nya moonton yg atur bukan bandar,Negatif
segera baik masalh stuck loading match sering kali stuck itu ganggu banget wok mana kadang telat masuk tanding sampe menit,Negatif
game nya bagus kualitas geravik bagus semenjak upgrade jadi makin bagus semua hero nyata skin hero dunia nyata benar benar real sering ngeleg gpp satu kata buat mlbb bagus,Positif
kalo kalian mau buat stres bikin emosi bikin ngomong jorok jangan download game moonton ni kikir banget sama ga otak masa pas gw main rank abis reset season malah ditemuin sama gm mana tim musuh ex imo glory semua moonton ni aneh bener saran gw jangan download dewasa klo kecil banyak dosa gw kasih bintang ulas tidak tenggelam,Negatif
montoon ada saran main game lebih enak maksimal tim mau tim musuh kalau dapat mvp akan turun bintang seperti tim yang mvp ada terap mungkin gameplay jadi lebih maksimal akan turun bintang kalau mvp,Netral
game nya enak jaring nya burik ada masalah jaring aja ga tanggapin dgn serius bikin player nya afk terus kurang kredit skor nya aneh emang game,Netral
game paling edan walaupun banyak even tp pelit soal jaring baru isi kuota gb jam yg lalu bisa nge lag parah padahl sedang hutan di tempat yg susah jaring buat masuk nge lag percuma game banyak event colab bagus tp jaring nge lag saya kasih bintang dulu,Negatif
beri tim bot terus selalu beri musuh pro main jadi rank selalu turun tidak selalu win streak saya ingin beri musuh bot tim bot computer,Netral
woii moonton kalo ngasih tim yg tara lah jgn sama yg baru main system lu rusak woii masa player satuin sama yg baru main mending kalo ngerti malah ampun lah moonton baik system match nya kasi solo kalo tim sama org yg ngga ngerti,Negatif
update sekarang main rank classic brawl atau lain kalok pakai data biasa bisa kalok pakai jaring wi fi bisa montoon di baik jaring nya,Positif
game nya sangat bagus tpi kadang kadang sering lag padahal sinyal bagus hp dukung banget kalau tetang grafik skin hero bagus banget yah monnton dong saya kok sekarang iklan biasa gak saya jadi ganggu tanding tiba tiba iklan mohon diperbaikin,Positif
game nya aneh jaring bagus main ngelak ngelak dong baik server nya enak enak perang tiba tiba jaring jaring cuman skin dong baik server nya dong percuma beli skin mahal mahal kalau server nya gk baik,Positif
game sangat seru tarik suka main game tapi sedikit nyebelin karna ketemu dark sistem bisa mabar sama temen tarik nya saat temen bawa jonshon aku ikut naik mobil aku nabrak orang langsung mati dan parmain nan seru banget kalian nyobain,Positif
halo maaf kok stuck stuck loading ga masuk lobby ntah padahal wifi lancar akun advance server nickname yuee osaka nomer kalea kalau ga salah baik dong mau push rank epic mulu ketemu tim ga sesuai,Negatif
buat game ml yg lumayan kenal match ga pernah adil sekali losestreak terus padahal skill maen dah bagus banyak bug contohny pasif bened kaga full tiba tiba ngefreeze ga fungsi pas dah mau keluar pasif jaring server acak kadul,Negatif
monton udah match kasih team boot semua jelas di cek player lama udah gak main satu team sama tolong mudah solo player kalo kayak gin banyak yang bakal pensi main game,Netral
developer saya wakil sekian banyak player yg keluh soal masuk match making padahal sinyal bagus alhasil bisa masuk ulang kali ban tidak bisa ikut tanding lama beberapa menit,Positif
ada sistem baru pilih line tanding main solo gak respect main mobile legend banyak player tes line ranked bukan clasic mungkin sistem pilih line bagus buat yang main squad main lima orang untuk main solo sangat rugi depan mungkin moonton lihat lgi apa bila baru sistem utama nyaman player game bikin bad mood malas orang main lg alias boring,Netral
kenapa server nya tiba eror weyyy masa satu tim afk smua jaring ms tp stuck gabisa gerak tulis nya ubung mulu di baik la server nya jgn kaya gin lama pindah ke game belah,Netral
plis lah kasih tim waras dikit apalgi player solo kasih mudah buat player solo jangan kasih dark system mulu masalah jaring sering banget lag,Negatif
gamenya tambah ngelag woi moonton mending belum dah kenapa sih makin depan malah makin rusak prioritasin nyaman player lah jgn banyak nambah nambahin yg ga perlu game juga kalo playernya cabut mah rugi sendiri gw ngomong gin karna udh berapa bulan ga dibener benerin mana ngelag sampe macet bukan cuman karna koneksi internet gw gw dalam gamenya mh lancar jaya di loby sampe draft sering macet,Negatif
gin montoon mohon maaf nih nij pas main win enak tim kompak l tiba tiba nih kok main ketemu sama dark sistem udah gitu hero alpha kok bisa jadi mid gimana kali wajar lahh kali kali lah montoon lu sengaja apa gimana dah bintang full mesti ketemu tim ngtroll lah ya tolong bgt yaa baik apa kek,Netral
game banyak bug selalu update event mulu ngurus bug keluh player hp ram draf pick lag mulu lihat hp tmn saya ram ga lag pas drafpick kan aneh sistem game gjls banyak dark sistem tim musuh mantan ino semua tim stuck honor semua,Negatif
tim moonton ingin lapor sistem matchmaking imbang tanding mlbb ini asa sangat adil rank mampu main komposisi tim sering kali imbang sebab kalah untun asa wajar jujur masak game serama mobile legends kalah soal imbang honor of kings bagai main ingin tanding adil bas skill mohon segera laku evaluasi baik terima kasih,Positif
moonton tolong sinyal gw dh bagus napa suka ngelag sih gw mati mati ngepush cuma buat glory kali aja coba gilir dh honor noh main sekali ngelag kck padahal sinyal bagus wifi lancar apas mau lu ton emg stres ni game,Negatif
capek sumpah kasih menang kasih kalah terus terus naik turun begitu aja kasih skuad solo matching nya gak gak adil kasih tim nya aneh aneh pick hero nya algoritma nya gak ramah pindah game lain aja lah bodo saya mundur diri terimakasih,Negatif
game rusakkkkkkkkk reset season selalu ngelag banget gabisa gerak udah gitu kalo kalah bintang turun padahal kalah hasil lag balikin bintang ge montoon kalo ge kasi rating udh gw kasih rating mending lu upgrade enggine moonton enggine lu udh terlalu jadul game lu udah banyak bug lag segala macem kalo lu gak urus masalah lag ama bug gw tetep kasih rating kalo,Negatif
game nya bagus asik mes nya gw buka ml langsung ngeleg apa coba ni game padahal hp gw bagus sinyal lancar gw baru login langsung gak skip iklan lu atack on titan lama lama gak asik ni game mau gw hapus jadi lu baik lah biar gw sering maen baik montok sekarang gc,Positif
banyak bug bagi tim adil jaring sangat stabil server sering bentrok server lain sebenernya banyak mau gw ketik cuma batas nya jaid komentar gw gak bakal muat,Negatif
awal suka maen ml tpi lama lama mls lain sinyal oke wifi oke tpi pas masuk tanding suka lag gk jelas terus banyak yg gunakin chit lah baik lag sama bugnya jngn fokus skin trs,Positif
niat bikin game kagak lu update doang lu ngebut ui aja gak optimal mana mobile legends dulu tiap update kagak masalah ui lag lah optimal lah kalo rating minus bintang udah gw minusin bos bintang aja udah banyak gw ngasih rating aplikasi lu,Negatif
jujur game nya bagus tim nya sering gak bener bayangin aja udah main menit kalah tim nya gak bener tambah developer nya kikir gimana gak stres tuh orang yang main,Positif
banyak bug leg jaring jelas jaring bagus season naik turun mythic x baru kali rasa nyaa dengan game beri team solo sangat tidak jelas nickname saya lumiere sekian terimakasih,Netral
game gak adil yg main sendiri imbang team sedang kan musuh jago beberapa kali report tetap sama teman nya drag sistem semua mohon pada pihak ml buat player nyaman tidak buat strees,Netral
kata main adil lalu dapat musuh capai rank tinggi lebih tinggi epic bintang naik epic itu dua kali kalah musuh lebih hebat tim imbang capai rank tinggi lebih tinggi tim turut lebih baik hapus aplikasi mlbb pindah honor of kings tetap main mlbb dapat musuh tidak masuk akal buat saya hampir stres dari hasil party publik random,Positif
sinyal nya jelek padahal ms hp juga gak kentang jelek banget sinyal mana udah afk kali karna hero gabisa gerak padahal sinyal bagus,Negatif
sangat disanyangkan login ml selalu jaring lemah saran min mudah kbdata ml nya biar enak mainnnya banyak akun ml semua antara keredit kurang karna faktor lag akhir main rank bisa,Negatif
developer game yah event skin lama harga gacha skin juta uang keluar terlalu serakah uang penting player game sini bukan remaja main ada anak anak tabung uang jajan untuk beli satu skin bisa sungguh serakah luar biasa kalian yang mau gacha usah top up biar sepi sekali event toh mereka saja tidak duli minat game,Negatif
sangat suka main game sedikit saran aku bagi draf pilih hero bisa lihat animasi skin hero nya dong kayak draf rank grand master atau master soal turut bosan aja gitu bagi draf hero nya rank epic legend myitik cuma lihat skin nya aja gak ada animasi sama sekali,Positif
tolong moonton jangan cuma ngeluarin skin terus guna cheat banyak edar baru awal season udah ketemu player cheat lag padahal awal draft pick bagus aja ping nya pas digame langsung bikin lag kan kocak emang ni game udah rusak,Negatif
game selalu batas playernya ingin guna kreativitas main hero sangat kecewa game selalu buat susah playernya yang main guna change lumayan lama kecewa selalu dapat nerf kurang mampu sistem lebih baik pindah main honor of king atau lague of legend main game,Negatif
game penting rating jual fokus imbang matchmaking selalu beri tim tidak imbang tim lawan masa mvp pakai tank,Netral
pliss gua kalo rank selalu anggap afk mulu padahal udah main karena hp gua gak dukung draftpick jadi baik draftpick nya hp bisa main rank sampe mythic ku kasih bintang kalo udah baik,Positif
update skrang mlah bikin lag parah buka main malah kaya nnton kartun gerak sendiri trus patah dong moonton segera baik lag nya soal lag bukan cuma satu orang hampir semua orang saya tanya dalam match semua keluh lag parah sampe gk main cuma liatin doang gamenya,Negatif
game bagus benar cuman kalau ngasih musuh sama tim imbang dong jangan musuh jago tim gabisa maen khusus orang sabar main game hp juga rusak karna game mana adill montoon ini tim jelek musuh nya baguss adill manaa montoon gamee gajelass mendingg hapuss ajaa game gajelasss kasih tim baguss lahh montoonn tuju main game tuh biar ga stress main buka ngilangin malah nambah stress sinyal udah bagus padahal ping merah,Positif
game paling rusak pernah gua mainin segi grafik sama bagus segi game tanding ngga banget gua main dari lusa kemarin kalah mulu frustasi gua kalo sekal menang mah mending lah pure kaga menang sama sekali temen gua bahkan hampir gantung diri waktu cuma gara gara losetreak ml ga mikir banget sumpah moonton mending lu uninstall ni game pindah hok yang jauh lebih friendly asik,Netral
game tambah berat jaring sering stabil matchmaching patah patah padahal divice oke sejak update patch baru rusa sering jadi ngefreez masuk game keluar lihat lihat quest event saya harap developer tangan rusa jadi sekarang mobile legends sudah tidak seru seperti terus,Negatif
rasa betul betul kecewa ada bag dalam game sekali kali alami bag itu sangat ganggu saya saat main mohon sistem mllb baik bag bag sebut,Netral
game bagus semua bagus walaupun bug paling jelek sistem nya main rank habis reset season malah ketemu ex mawi musuh nya imo ga adil imo loh high rank nya harus se tim imo musuh ex imo jangan ex imo malah kasih baru epic legend mawi sistem busuk epic satu tim epic kan ga adil sering kena lose streak yang ga wajar u sudah match gendong tim di trolll tidak bintang yang nmbh,Netral
server down player kena sangsi langgar afk hah kalian buat player sedang main alami alam main buruk kalian beri sangsi kalian tuhan bisa suka kalian,Netral
sekarang gila ping bagus nge lag parah kaya jaring nya kaya ilang anjir tim gw jg ngeluh kaya gitu pas tim lawan mah lancar lancar aja tpi pas kalah langsung normal apa ni moonton lag bug apa sengaja buat gw kalah,Negatif
game nya bagus sekali main hampir jam tidak naik bintang nya tim nya luar biasa ramah erti masalah jaring padahal jaring bagus tetap delay ml sangat bagus man,Positif
kasih bintang soal sekarang sistem nya aneh masak main kalah mulu gk menang nya sama satu kalo org yg ngetrol kredit skor nya turunin yg banyak minimal berapa kek masak main udh serius timm nya poke semua udh main ml tahun lo kalah mulu menang cuma sekali lain kalah trus siapa yg gk emosi coba main timm gk jelas semua trus sama musuh tlong sesuai lah sama renk nya udh aja yg saya bilang tolong di baik sistem min,Positif
game bikin stres aja lose streak kali menang kali gk game haram buang buang waktu ngapain dowload game kalo gak victory begadang gak tidur gak makan malah kurang bintang apa guna,Netral
game sangat cocok orang banyak pikir lagi stres dapat sembuh ketemu dark sistem main sangat ramah sering ucap kata kata sopan kalian bahagia download lah game buat senang,Negatif
sangat kecewa sih tahun main game baru kali ngalamin enak main malah jaring elor sulit sambung ulang dalam game padahal jaring bagus paket masih banyak malah suruh advance server bnrin lah bug gin bikin kecewa delover aja,Negatif
haloo min mlbb belum mau kasih ulas kalo gamenya udah cukup bagus iring waktu waktu mulai grafik gameplay event mauu kasih masuk kalo matchmaking main solo mungkin lebih seimbangin karna terkadang main high tier suka ketemu sama low tier notabene nya bener baru main mlbb jadi turut jadi kurang balance lebih udah bagus dan moga next update lebih improve untuk mlbb terima kasih,Positif
capek frustasi main game karena sering losestreak bahkan pin jaring terkadang stabil masa gin mulu jadi males main nya kalau ada ubah ayo baik sistem nya,Positif
gamenya bagus udah gk gw mainin karna masuk match ngelag parah kek lama loading mungkin hp keluar tahun lalu udah bilang low spec padahal baru aja beli skin patrick,Negatif
server eror jaring ngelag orang orang hilang bintang gara gara updetan patch baru kompensasi cuman debu ungu sama box box sampah tolong kasih lah lebih harga guna satu matchmakingnya baik moontod kasi tim sama sama paham main,Negatif
tiap mau ganti akun verivikasi email kalau minimase ml nya malah balik masukin email password gitu aja terus mau masukin kode verifikasi malah close inputan kode gara minimaze kocak,Negatif
jaring perna beres liat map pink kalau tekan mnculnya lebi mana leg lagi aneh main youtube ig tiktok ok aja main ml pink bagus mas aja leg game makin kesana makin rusak jaring game tailh,Negatif
banyak citer moonton lah jadi pukul awal game normal mana posisi musuh udah kalah tiba jaring mulai ilang ga main sampe game selesai yg jaggalnya hasil tanding sebut ada riwayat gimana moonton lah sangat resah,Netral
susah sekali sekarang ganti akun keluar dulu dri mobile legend buka email liat kode verifikasi buka mobile legend malah ulang awal begitu terus jadi malas main,Netral
gem sangat rusak rekomendasi kan main gem main di renk kalah terus tim kaya karyawan nonton binat ng semua mending main honor of king aja walaupun main kalah bintang engak turun kaya gem sesat mending hapus aja sangat bahaya main timbul mati,Negatif
saat detik mau masuk ingame knp detik lag musuh lebih jago tim matchmaking imbang baik,Netral
tolong baik performa gameplay nya handphone tecno camon pro framerate ultra buka sistem jaringanya stabil padahal sinyal bagus in gameplay ping nya tinggi,Positif
game nya bagus aku pernah main rank tengah tengah matc tiba tiba lag padahal sinyal kuota sinyal kenceng trus aku login ulang malah stuk loby,Netral
padahal sinyal bagus pas main selalu lag parah bahkan masuk tanding relog kali gilir pas udah masuk jadi afk karna cuma main tengah game alhasil menang tanding bintang naik kalo emang bisa baik game jangan banyak update makin males buat main mobile lagend,Netral
game game paling buruk hal jaring lag awal game gak farming afk kali kali complaint gak gubris liat aja semua ulas gak balas tanda gak peduli game taik aku rekomendasi jangan download mending download honor of kings,Negatif
game sangat tak adil beri lawan tak padan mampu tim ikan mohon bisa lapor teman gagu tanding di ban saya sangat stres tim di ikan karna tak saksi di ikan hanya suruh main tunggu hasil tak jelas mohon bisa di erti sudah bagus saya beri bintang,Positif
game udah bagus banget pakai kouta main biar gak ngelag klo pakai wifi malah lobby warna hijau pas masuk tanding main malah warna merah sinyal jadi sering kesal terus terus mati gara gara ngelag moga bisa atas moga terus dapat tim bagus yg sekarang sampe tidak dulu tim isi bot semua bikin kalah jadi susah legend yaa inti moga semua bisa atas,Negatif
game makin gak jelas padahal gak login credit skor malah kurang kata langgar gilir main menang sekali kalah nya kali memang game busuk mending main free fire aja jelas asal usul nya,Netral
jaring udah pake wifi sama data selular tetap aja ngelag team fight tiba tiba freeze bagi tim sesuai masa sendiri ngegendong player apa tolong moonton,Negatif
game nya bagus cuman kok gak hadiah moonton event spongebob jadi sekaligus gampang kan lagi dong push rank sekarang makin asa susah banget berat sejak update naik rank jadi sulit banget,Negatif
aku turunin ranting nya bos main selalu sinyal susah padahal sinyal bagus pakai wifi gitu tetep sama aja sekarang,Positif
gak jelas bgt ping nya ijo ngelag banget sampe gk gerak udah ganti jaring sama aja pake data wifi masih gak gerak abis tu tiba tiba kena langgar aneh,Negatif
gual uninstal mlbb jauh enak honnor of king soal aku user lama mlbb honnor of king match matchingnya imbang soal senior udah banyak belah biar kalah puas soal main imbang gak kaya mlbb solo rank suruh gendong publik gak jelas,Netral
game system nya gapernah dibenerin lebih banyak dark system jago solo vs tim lo bakal kasih tim beban gabisa main musuh nya jago bikin lo depresi saran gw mending kalo sistem game belum baik mending gausah main game lagi aja banyak game yang lebih bagus lebih murah mobile legends honor of king,Positif
hilang akun karena bug verifikasi perangkat baru guna perangkat yg sama yg guna akses akun beberapa jam lalu email guna akun saya hilang jangan mau beli apa game rugi ambil akun anda tidak profesional baik bug ini,Negatif
ni sistem jaring lo montoon padahal jaring gw bagus loh jaring hijau gilir di tekan muncul warna merah dan war jaeingan nya selalu merah jadi mohon lah monton baik sistem nya lah jadi gw kasih bintang dulu kalo udah bagus gw kasih,Positif
saat temu tanding tpi bisa akses masuk ada pemberitahuan sinyal stabil padahal sinyal baik,Positif
moonton sumpah sinyal ga karuan bgt sering bgt ngelag pdahal sinyal full sama sekali ga main tenang yg emosi gara gara leg sengaja bgt kasih dark sistem tim ah ga asik banget,Negatif
saat draft pik hero lag parah update kenapa saat main solo ketemu party gak imbang game nya tolong baik sistem match nya cuma pikir gimana cara cuan cuan cuan,Netral
tim imbang cek profil semua bawah jumlah tanding sama lawan bahkan lawan malah maka akun kecil bikin lah deteksi koneksi akun perangkat biar liat jumlah tanding banyak berapa kalo make akun kecil samain lah tuh sama jumlah tanding banyak akun yg di perangkat,Netral
monton gimana sih ngasih selalu alami stuck loading pasuk tanding padahal jaring bagus ruang simpan masih banyak ketika ingin main selalu alami jadi sebut bagi tim selalu adil selalu dapat tim rank nya lebih rendah tim musuh rank nya tinggi semua saya mohon developer segera baik masalah agar game nya lebih enak buat main,Positif
semenjak turun seasons lag nya bukan main pas draft pick aman ketika match mulai hero jalan nya berat tiba tiba masuk turet mohon pihak moontoon segera baik kendala terimakasih,Netral
woy moonton baik lah server nya pas awal season lag parah sinyal hijau kaga digerakin hilang bintang gara gara lag minimal baik server nya lah w kasih bintang biar developer nya baca ngeleg awas aja lu,Netral
game nya bagus seru kata kalo ngasih tim bener lah jangan musuh tara jangan tim ex legend musuh ex immortal jadi ga tara kalo gitu inti kalo kata tim sama musuh tara jangan beda beda kalo gitu mah ada emosi rusak hp sama temen temen gara gara kalo solo ketemu tim ga main,Netral
telusur pola matchmaking mobile legends temu janggal konsisten main solo hampir tiap tanding temu main saya duga rupa bot ciri milik total match lintas season ada kisar tanding win rate selalu ada bawah jumlah tidak sedikit umum dapat hingga akun ini tiap match solo saya main kondisi sebut sangat pengaruh,Netral
game udah mulai hancur lelet tiba tiba padahal sinyan bagus kalo udah kalah sekali kalah kali kali x kalah habis kalah macting nya sangat lama yng menit lama nya macting yakin banyak player mulai jijik sama game smoge semua nya pindah game belah lebih masuk akal kalo main bagus gak turun rank kalah akibat tim lol yg penting poin bagus gak turun rank engak kayak gem asu,Positif
alam main sangat buruk ada satu menang dapat saya dapat tim buruk musuh saya main cukup baik rank tinggi ini pantas di main hanya dar ejek player solo saya,Negatif
apa baru gak login hari aja kasih kalah baru main kasih kalah awal awal apa coba gak solo duo trio squad sama aja kalah mulu bikin badmood aja dah gw donatur lho beli skin bagus bagus gak fair mending login pubg,Positif
suka bgt main mlbb walaupun sering ketemu lawan ex glory imo tim sendiri kalo g mawi honor susah senang main ml sekarang udh lumayan jago temen temen udh g main ml jadi kangen masa pas main ml bareng kaya dulu sekarang ml grafik udh lumayan bagus udh hd byk skin bagus event tarik suka bgt bnyk event tarik seru banyakin colab sama kartun aj developer saran ak dah aj sih,Positif
moonton dong fiks bug kontrol game masa aku main kontrol kecil kecil ukur normal pakai kenapa dalam game tombol jadi ubah entah jadi besar posisi ubah bahkan tombol sampai bisa pencet sudah lewat layar hp moonton di fiks bug,Negatif
halo kaka admin ping merah tinggi tiap war dada kayak tahu bulat belum sering banget ampun mungkin karna jangkau antarplayer jauh da atuh baik kalian teh kan aku main game cuma mobile legend semangat aku ubah bintang kalau udah bener makasih,Netral
gak jelas lah sekarang makin banyak bug nya update bukan nya makin bagus malah makin busuk kalo update jangan cuma ngejar internal nya doang liat sisi nya yang masalah gak,Netral
kasih bintang satu saya dapet tim sangat beban paham main game buat orang rasa tidak seru udah grafik sangat berat tidak adil paham,Netral
game matchmaking paling buruk moba imbang rank selalu adil lebih banyak beri lawan rank tinggi jago rank tim sendiri bawah rata atau alam main sangat noob lebih jika main solo,Negatif
suka ngasih lawan susah tim gak kompak baik system nya kalo player kalah lebih kali kasih menang kalo main jam jam kasih terus menang biar lebih semangat sama game kan kasihan hari pokus rank stres tolong dengar suara para player yang sulit my mlbb selalu hati,Positif
game nya bagus tolong baik soal draksistem yg feed sengaja sampai lose kali jaring stabil,Positif
bulan main kok sering lag sih sinyal hijau tiba kuning terus merah balik ke hijau posisi war sinyal udah jelek aja aduh montoon baik gamenya lama gk betah kalau main lag terus hp ram cipset apa tidak lancar gamenya yg ada masalah mohon segera baik yah karna game hilang bosan,Negatif
gamenya kurang adil contoh nya musuh semua epic tim sendiri epic sering kayak gitu mohon lebih imbang,Netral
wahai mobile legends game ada bot nya terlalu banyak sering kali cek profil kawan lawan saat main bisa pasti hampir semua bot kalo ini terus saya jadi rugi waktu,Negatif
jujur gak suka banget ama game ni makin burikk tim gak sesuai line gak imbang terus terus kek gitu game sampah meski lo bikin hero baru updet baru gak ngaruh sama sekali sekali cacat tetep cacat moga tamat sepi dai tahun tahun,Positif
baik jaring nya selalu masuk mode tempur selalu ngelag di dlm lobby aja ngelag padahal download selesai jaring wi fi sama jaring data ping selalu bagus lebih nya bagus sih,Negatif
lag parahh main game udah kayak main tebak tebak awal jaring bagus tiba tiba jadi merah team fight udah lah banyak dark sistem tim musuh kompak jago tim sendiri ga bener isi anomali semuaaa ga imbang banget udah lah kalah mvp mending hok kalah mvp kasih bintang yang gendong dark sistem rasa di harga,Negatif
beri bintang kecewa sistem matchmaking mobile legends makin lama makin jelas sangat rugi sering sekali pasang tim troll main serius buat alam main jadi sangat frustrasi asa tidak adil parah alami win streak seperti paksa alami losing streak panjang sangat hilang semangat main segera baik sistem matchmaking le,Netral
game memang seru masih terlalu banyak kurang salah satu nya match making adil player solo contoh nya bila lose streak malah kasi tim ampas mulu sistem nya rusak bener ping kadang tidak stabil pdahal jaring bagus,Netral
untuk moonton punya beberapa masalah kait hack akun semenjak season baru banyak akun teman yang kena hack entah bagaimana cara harap pihak moonton baik masalah agar player rasa tenang aman harap sistem aman akun kuat,Netral
game ga bagus suka banget ngasih tim dark sistem udah cape cape main lose streak kali hadehh moonton moonton jaring w bagus memo gua ga penuh tetep aja merah nyala jaring mantap moonton depan nya klo makin rusak buat ni game wifi data tetep aja ngelag mantap game pp,Positif
game nya sangat asik sistem game nya adil pikir asa main misal beri loos streak yg sangat banyak banyak main yg tres main game hilang tres bukan tambah tres jadi di baik sistem nya,Positif
ngapa dah kocak servernya abis sisen malah leg banget game main leg terus ini bukan doang leg player juga ngalamin yang sama room sinyal bagus ms kenapa pas in game sinyal nya nyampe ms kocak kocak ayo dong segera baik biar main nya enak,Positif
sering lag padahal mode speed udah aktif grafik diturunin suara dimatiin cuman donwload data penting aja masih lag kalau tanding gak jarang lag p akhir fitnah afk ayo moonton padahal skin banyak hero banyak event banyak percuma kalau lag lag lagiii padahal game seru dulu ku turunin bintang banyak playernya gak ramah main kalah terus banyak player ngeroasting player lai dong sensor kata gak ramah,Negatif
game sangat bagus banyak masalah sama sekali senang main jadi minta jangan pernah main game kalo paksa untuk main game hanya buang buang waktu dan dapat rasa tres terimakasih,Positif
baik masalah bug jaring resah semua orang main ml juga alami bug sebut sebab afk terus terus padahal masih kuota gb hp vivo y kurang apa tapi pas main koneksi jaring putus apa game gak jelas,Negatif
monton baca ni jaring jelek pas war pantas banyak yg udah pensi jangan cuman skin doang banyak baik tuh jaring loh lama gua pindah game belah yg utaman jaring banyak skin mahal yg gratis,Negatif
kalo nambahin banyak fitur baru servernya baik dulu masak habis update dimainin servernya ngelag gabisa gerak kena langgar afk bintang jadi turun pdhl salah sistem baik tidak kecewa player,Netral
sangat puas segi grafik bagus atur figth nya ngaco jaring burik burik burik tiap war sinyal jelek pedahal yutub bagus tiktok bagus kenapa game burik ngelag ngebug sendiri yang parah tiap main dapat tim dark system tolong moonton pantesan banyak yg pindah game honor of kings,Negatif
matchmaking imbang rank honor serasa epic banyak hama gak tau main baik lgi matchmakingnya masa lose x win cuma x ketemu hama role yg sama goldlane midlane goldlane main solo duo trio sama,Positif
game banyak bug padahal pakai wifi bintang rasa rugi padahal saya tidak laku afk sistem deteksi afk game nya yang memang bug sangat kecewa,Negatif
emng si game seru yang mai bintang semua sekarang awal season banyak yg maennya kaga bnr lama stres maen game dan untuk kalian yg mau download mending maen epep aja maen epep enak tembak,Negatif
game bug frame lag patah patah sinyal hijau bagus hero gak mau gerak aneh versi baru server gak jeda malah barengin semua akhir pas main asa banget bug nya terkadang hero lari entah terkadang damage hero bug gak masuk aneh banget versi sekarang,Negatif
mau nanya sih kadang kadang pas mau masuk in game malah nyetak terus pas udah masuk udah menit lebih sama pas draft pick ngelag banget baik kelah sistem mungkin bug game mlbb,Negatif
game player gak jelas suka lag pas main pun sinyal hp lebih cukup main gama tolong baik mach lag game,Negatif
game sudah bagus banyak event misi coleb bagus bagus kenapa main rank pick hero hp langsung diam saat detik saya selalu telat masuk tanding kalau gin terus kredit skor turun benerin,Positif
woi moontonn ni kenpa dah sistem matchmaking nya solo rank glory ketemu player tier rendah tim sendiri yg jumlah org yg satu honor musuh org glory immortal lah ni benar kan matchmaking nya,Negatif
game buruk sistem matchmaking adil player solo main rank sama dengan buang buang waktu bahkan tidak ada manfaat kali main rank selalu musuh lebih jago tim kita sendiri malah kaya bot juga sering banget losetreak turut turut rasa frustasi banget main game tambah sama bug mana matchmaking mulai selalu delay tidak pencet,Negatif
benar gamenya bagus cuma sinyal kurang dukung sama gamenya berat sekali buat hp kentang kayak jadi lebih susah buat mainin gamenya kalo gamenya ringanin biar banyak yg mendownload game,Netral
mohon perhati masuk player apps atas main kontribusi bantu rekan tim tim imbang jangan bikin game bosan mobile legend tidak untuk solo player akan asa jenuh tak pernah dengar masuk player sistim matchmaking sangat bodoh otak tidak guna moonton bodoh,Positif
min untuk samsung galaxy a segera buka settingan frame rate ultra karna udah hampir satu tahun rilis settingan frame ratenya mentok super aja padahal tipe bawah samsung a udah lama buka frame rate ultra min segera diupdate,Netral
memang benci game terus main klo waktu luang itu bantu mode a i tara clasic rasa kalau player lama seperti gak sudi terima klaim hadiah kayak bohong aja hadiah hanya bantu luka kalau kalah walapun padu tera hadiah hilang bilang setia tapi benci sistem atur seperti player toxic gak filter nonaktif chat gak otomatis manual itu ingame gak di atur bagai,Netral
ni game dlu sampe sekarang mas aj banyak bgt masalahny soal sinyal padahal sinyalny bagus bagus aj lancar tp tiba tiba ngelek bgt ditungguin jg gk jalan trs mau hubung gabisa gjls bat dri dulu masalahny sinyal trs padahal sinyalny jg lg bagus bgt,Positif
lah dark sistem hapus dari honor turun legends gara gara darksistem moonton oi terus jaring lah baik sampai nurunin wifi loh bar wifinya full lah moonton kalau gak game saya hapus gak main dan ke honor of king,Netral
udah cape banget main game selalu ngasih tim gabisa main walaupun udah gendong gendong tetep game moba gabisa cuma orang bener bener main menang sekali langsung kasih kalah kali kali gara gara tim nya gabisa main udah cape banget,Netral
punya kartu lindung ga punya masalah apa sih minimal kalah lindung pake kartu gw kalah main ga tu kartu kalau bikin kartu lindung bener bikin masalah aj sering lag plis lah montoon mau lu apa sih udah susah main kalah mulu capek loh plis lah montoon baik kartu lindung lu main menang terus kalah besok main kalah pilih lane gw pilih mid samaa roam kenapa lu pilih roam sih gw mau mid plis lah montoon baik thanks,Positif
lebih bijak dalam beri solusi kait akun semua orang semua orang guna akun lama jadi mohon setel akun buat game umum lai tidak perlu super protektif karna akan sulit bilang karena saya tidak rasa ada hangat game di main maupun buat terimakasih,Negatif
gausah main game kalo main lu malah jadi odgj jadi suka marah sendiri kyk gw nih udah maen x hasil semua losestreak tim dark sistem terus sama jaring suka ngelag sendiri padahal pake wifi emg moonton gabener mending kalian uninstall game aja cpt lambat,Netral
bagus si pls lah jangan kasih darksistem mulu capek kata game nya adil kok gk adil contoh nya kyk pas musuh pake hero kayak yss jago pas tim mlh gk main hadehh,Positif
kasih bintang makin kesini makin gajelas nih game masa sinyal full bagus pas game ijo kadang merah sangat ganggu main mode rank klo baik lgi biar yg main nyaman,Positif
game gak jelas udah lose streak sampe x kasih musuk susah tim bot gak main mvp terus ada kalah jangan download kalian bisa nikmat hidup soal game bikin hidup kalian amburadul sekali top up candu,Netral
makin season makin sini makin rusak ni game draft pick aman aman aja in game malah lag nya sampe ga apa apa bukan cuma gua sampe team gua lag musuh musuh nya lag emang udah rusak nih game nyesel gua top up terus dulu untung aja sekarang udah henti top up buat game rusak kaya gin,Negatif
server baik game play baik jangan cuma takut siang game dan cuma tampil baik enginer ganti aja kalau terlalu tolol,Positif
dong moonton gmna dah sinyal nya ko lag mulu padahal pake wifi loh main game belah aja lancar aja tpi pas main d sini ko malah jamping lgi kadang ampe ga jalan padahal sinyal bagus loh,Netral
game hilang stress game tambah stress emosi aneh banget game game jadi tambah berat banyak bug server jaring crash sangat rusak lingkung main in game jaring bagus lancar main game sangat sangat rusak mod untuk main game baik jangan pikir jual skin doang perhati nyaman player main game masa dikit dikit kasih afk mulu kalah jaring,Negatif
sungguh kecewa segi sistem nya gk adil banget masa tim musuh jago tim sendiri kagak terus kasih lose strik mulu udah kali main rank aja kalah kagak kasih menang masalah sinyal nya behh kurang ajar tengah main langsung jelek sinyal nya otomatis dong mati hero ku gua doa in kalo gin game terus kagak maju moga moonton bangkrut game nya mentingin event pada sistem game nya,Negatif
system bagi team rank sangat buruk kasih lapor game tindak lanjut lebih baik kasih bintang kualitas system algoritma nya sangat buruk system game tidak bisa beda mana player punya skill sama player hasil joki orang atau hasil gendong orang inti system moonton sangat buruk kualitas nya,Negatif
sangat kecewa fitur yg skrang ntah jaring lancar game sinyal nya down sering jumping sinyal bahkan beberapa hero yg guna skill nya yg fungsi ada yg dellay stlah di cek layar jaring hp aman aja di game dapat bnyak kendala,Negatif
kalo mau orang orang tetep main game tu baik masalah sinyal jangan cuma skin hero doang tambah masalah sinyal baik percuma terus dimainin kalo sering ngelag padahal sinyal udah bagus,Positif
aku game ya lumayan seru sih walaupun kalau aku denger suara defeat aku sedikit kesel gapapa jadi dia alas aku asih bintang sekian terima gaji,Netral
event ilang ilangan jir kadang muncul kadang gaada menu event aku klik satu atas sampe bawah gaada padahal udah kali event misi yg kayak main bingo kqlau uda slese misi satu garis hadiah,Netral
wahhh kecewaa gw ama update ini gamenya makin berat server lag liat bgt kek sengaja in gitu ama pihak monton kalian waras ngk sih bikin game fokus bgt ama event kolab masaalah bug match ngelag ituu kek dibiarin aja gituu lahh monton jangan terlalu fokus ama kolab nya juga butuh gameplay nyaman ngk bug masalah server lahhh otakk nya pakee itulahh yg bikin player ml jadi toxic akhir saran gw gw mau pamit pensi,Negatif
gw sering kasih kalah tim kaga karuan girilan tim musuh jago jago gw sering stress main ni game kalah mulu menang kaga stres mulu gw kalo main ni game mana tim gw kalo suruh bantu malah toxic hdehh sangat sangat kecewa,Netral
update mlbb jadi lebih lag sekali jaring padahal sudah pakai wifi jaring g tambah paket data mode jaringa booster atur mlbbnya langsung ini benar benar laku sempurna bahkan bisa bilang sempurna karena ping kunci warna kuning terus selalu menghadapai ganggu jalan tempat saat di lihat teman tim saya gerak terus turet mati terus terus jadi prbki,Negatif
monton kalo kasih tim yg waras aku main dapet tim serasa bot komputer males main jadi main kalah teruss sama kenapa kalo main sekarang suka ngeleg ngeleg padahal sinyal nya bagus,Positif
lumayan banyak mekanik nya ad sedikit gua ga suka asal ngasi tim tim nya pdaa ga bener gua cape main kalah terus udah kali kalah la monton baik klau terus banyak player nnt pensi,Positif
woi lah njrr gua tiap mau in game ga draft pick ga in game delay mulu coo ayo monton hilangin lah hal delay ram asa udh gua hapus nyisa gb malah malah delay aja anjir sama pls lah ton ilangin sama aja kak mau ganti jaring tetep delay pas draft pick maupun loading screen nya,Netral
gamenya stabil masa ban ngga leg pas main lag semua se tim saya minta sekali baik lagi warr kok eror leg semua gimana montoon siap siap aje banyak pindah,Negatif
game makin lama makin gajelas tiba tiba ngelag padahal sinyal gua bgus loh cuma digit hp gw support sama game berat kok malah ngelag waktu ingame baik masalah kalo juga orang masih pake trik licik ban soal bikin player gak nyaman,Negatif
maaf sistem main kurang friendly family match sebab afk kurang semangat main agar lebih jarang hingga tonton tanding mobile legend main game dampak sikap hidup gamer hari hari turun jumlah main aktif dunia laku tindak uninstall main lewat emulator guna joystick laku cheat bisa jarang sekali jadi nominasi harga aplikasi game sebut,Negatif
sering kali ketemu tim gk sesuai jiga mau naik rank tentu aja gebrak tim jelek sinyal kurang bagus padahal pake game lancar aja sinyal gitu lah maaf kasih bintang,Netral
game nya bagus barusan season main matc ngeleg juga semua tim sama musuh kena masalah yg sama mohon defloper game moga bik ngleg gamenya juga delay game nya kalo di baik akan edit ulas jadi bintang lima saja terima kasih,Positif
game makin lama makin rusak mulai jaring bug bagai gw salah satu player lama yg hingga tahan main game ini tapi iring jalan waktu makin bikin gw muak sama sistem matchmaking yg ga karuan dong sekal baca kerja,Negatif
game nya udah bagus tim udah mulai oke kadang kadang huruf huruf item huruf jelas item semua lah hilang kadang kadang cuma beberapa kaya gin misal de o n hu t r s rd asli demon hunter sword jadi di baik kalo udah baru bintang,Positif
plis lah ton fitur fitur ga itu hapus aja ml udah gb sendiri hp gw baik macthmaking nya heran gw ketemu tim ga main mulu akhir baik sinyal nya ping udah ijo gabisa digerakin heran gw,Positif
game rusak sekarang punya banyak bug sinyal ms atas tidak gerak lalu dapet tim gak main gak tau item pas solo rank malah dapet tim dark sistem lawan kaya kompak rank nya udah tinggi segera baik ini game moba baik tolong atur machmacing nya nyaman,Negatif
udah kali mau ganti akun gak lapor montoon minggu lebih cuma suruh ngirim bukti ganti akun kalau gak loading lama server sibuk gameanjing emang,Netral
mohon baca pihak moonton saran aja buat sistem solo rank lebih baik jangan temu orang sedang main duo trio orang solo sangat adil lalu mohon jaring server nya lebih buat lebih baik padahal jaring bagus suka tiba hilang war malah bagus udah mati ketika war itu saja sisa bagus banget,Positif
woi monton baik lah sistem jaring lu jujur aja nih gua sllu main mode speed wifi internet tsel masa iya pink sering merah malah susah buat gerak kalo gk ubah kayak player muak baik lah jaring sering ngelag sendiri gk usha bahas colab mulu,Netral
game gajelas mau ganti akun aja susah bet padahal jaring aman game sistem matchmaking sampah pernah gw mainin orang gila mana ex immo tim mentok honor musuh nya ex immo ubah dong sistem matchmakingnya biar player nyaman main nih game,Netral
game sangat adil matchmaking temu player baru main high tier nya mungkin paling tinggi legend tim lawan high tier nya honor glory bahkan immortal saya sangat adil sistem temu tim dengan high tier sama jadi main imbang juga masalah jaring jalan biasa bagus ketika war ngelag nya super super parah delay semua skill nya jadi ini harus baik,Netral
alam game bukan hibur buat main frustasi capek bukan main komposisi tim yg sangat perlu tingkat karna sudah rasa dalam game tim susah ajak kerja sama bucin selalu nempel terus tim yg ga makro mikro di tingkat dalam hal komposisi tim mungkinitu saran saya karna agak ganggu saya maaf ada salah kata min,Negatif
wkwkwk lucu banget nih game masa game besar tapi gak becus sama sekali bikin matchmaking imbang harus sih ni game ratingnya bawah dah paling bagus kalau rating gak pantes sama sekali buat nih game game besar tapi gak becus sama sekali bikin matchmaking imbang,Positif
jujur event sedia sangat bagus sistem match making bener bener kacau semua tim solo kami musuh satu squad sinyal game sering merah padahal asli lancar itu saya harap depan untuk baik lagi,Netral
koko update malah lebih banyak lag si jaring hijau koko muncul sambung jaring baik gue lebih percaya sama timi walupun kada di bilang copy mereka lebih penting main penting seru bukan kaya gin mah malah nambahin stres makasih walaupun udah bikin aku stres udah mau nemenin ya monton harga lah main lain,Netral
kondisi org main moonton habis season selalu ngasih team dark sistem tolong hapus ubah ke mula khusus jungle jadi susah bisa jungle pakai otak sikit pihak moonton tanding minimal bisa mitic asik mentok legend ujung nya turun mmr gua binatang,Netral
bintang satu game ramah server aneh tim isi orang ga main tim musuh hebat semua rekomendasi orang gampang stres karna game bisa bikin stres apa sampai lose streak juga tim saya banyak trol,Negatif
aneh war selalu lag saat kendala lag kalah jaring hijau pas war lngsung merah kalo kasih win jaring aman aja season lalu g ini baru awal season rek serasa penuh ting,Negatif
sih hp dukung wifi lancar aja ngelag mana ngelagnya ga wajar pikir moonton udah kemarin ngelag gin udah komplain customer service ga tindak lanjut apa begini cara senang playernya server nya tuh di baik,Negatif
game udah mulai aneh baru aja mulai season udah bikin emosi pilih hero lancar saat pilih hero akhir sesuai role ga ubah spel terus jaring nya ga sesuai masa jaring ga gerak season semua game leg gerak sendiri ga turun sinyal nya netap tolong baik game seperti dulu,Netral
game milik support sistem jaring pada ketika main ping ms jadi lag crash karakter dapat gera game bukan hp jaring internet yang jelek karena kurang baik sistem jaring seperti game honor of king meski ping jelek tetap main meski delay tidak pengaruh gera karakt r karena ini saya tidak puas masalah jaring,Negatif
baru reset season dpt musuh mantan glory imo tim mantan mawi bahkan legend tambah main ngeleg mulu udh berapa kali ganti jaring sama aja game jelek gausah di install menu menuhin memori,Negatif
updatean skrg cek lah android masa pas udh pilih hero semua trs pas waktu beberapa detik seblum masuk tanding bisa atur emblem lain bagai situ selalu ngeleg hampir semua hp temen ku benerin lah moonton,Netral
gamenya bagus seru toon kalo ngasih tim musuh sesuai setandar lah masa rank mytic lawan rank glory terus tim gak main dari semua ini game bagus banget banyak event tarik grafik gameplay bagus aku kasih bintang karena gamenya bagus cuman pas masuk matchmaking tolong sesuai,Positif
baca main sistem match making bagus pilih team dasar server saran role penting jungler mm exp beri server lama karena biasa alam lebih main role penting itu enak main sendiri main sama team saya masalah besar banyak joki dari orang bawa cheater match lebih mudah sulit ber,Netral
gamenya bagus tpi knpaa mau naik tier ikut nya kasih tim bot anj ga imbang sama sekali padahal kurang bintang naik malah kasih tim gajelas sama moonton iya klo main nya bener klo ga bener bikin gamood main malah,Positif
sedikit baca ping padahal lobby aman aja solo rank ketemu lawan jago kompak tim bikin turun rank mai lama gara gara sinyal bentar cap afk segitu moga baik utama sinyal satu kasih tim yng jago lwan yng sedang ni game kalok main solo aduh risiko rank udh ku kasih bintang jangn lostrek terus,Negatif
pliss lah monton jaring kalo udah update stabilin lah gua cape monton game lu makin kesini makin rusak plis deh kalo update jaring jan ngaco deh sumpah kalo jan bikin orang repot game aja mau nilai bagus kalo kaya gin terus mah cape semua monton pesan saya jaring stabilin gua main game aja lancar,Netral
bug nya rangin monton masa draft pick cl mau ganti set emblem aja ngelag ping ijo ngelag buat buka apk lancarr kirain hp yang kentang ehh nyata ganti hp tetep aja ngelagg ahh sudah,Negatif
collab mlbb x titan point butuh utk claim box misi quest hari selesai semua total nya masa sengaja biar gak dapet sungguh sangat licik sekali,Netral
seru banget plis sebener nya main dulu ganti hp sekarang main makin seru event nya asik banget keren juga bagus skin nya mantep deh pokok nya,Positif
dong min masalah ping mau masuk tanding kok stak afk terus main lambat masuk mulu di baik pink bagus draf leg parah mau masuk tanding leg bangat,Positif
main mlbb ngelag terus nonton video mlbb putar semua biasa video game p p sampai kualitas tinggi kok putar saat main ngelag terus mau berapa kali main tetap ngelag,Negatif
sumpah no rekomendasi buat orang emosi saya mungkin orang juga akhir season banyak banget server pingny ngga stabil bahkan buat alam main buruk kalau mau game kembang lebih baik moonton baik lah sistem nya dulu baru realis season baru,Positif
emg bgt update yah gw yg gatau langsung maen rank early sampe late gamee sinyal nya jelek mulu padahal kuota udah beli asal gw pake wifi mungkin karna wifi ngelag jadi gw beli kuota masih sama,Negatif
saran baik yg main rank walaupun kalah kalo mai mvp harus bintang nya jangan turun kalo ngga tetap naik jadi main kecewa walaupun kalah terus satu kalo posisi jaring stabil lag jg harus kurang bintang baik jaringanan saya tiap main jam siang lag akibat nya turun bintang terus baik semua saya kasih bintang,Negatif
game rusak ngefrez login lamamamamam benerin game nya jadi ga main ngefrez aja terus event banyak ga kembangin sistem nya buat apa event bagus sinyal jelek kalau main solo sama ngefrez buat yg mau download hati hati bikin hp leg,Negatif
game bodok habis update banyak ngelek apa coba mau cari hibur bukan cari emosi sdh cukup lah ketemu tim saber roam musuh full tank gin fix kek apa kek biar makin nyaman orang main sibuk collab sana sini bug gak urusin mana tiap bulan update trs next baik bug nya biar enak orang main jangan mau untung aja,Negatif
developer sekarang skin game ml bagus grafik oke tapi computer computer hapus rang karna ganggu main rank epik legend mytich honor sering karena bisa atur main maju maju sendiri kadang pencet skilnya lambat computer muntun klo seperti aku kasih bintang dah gitu aja esmosi aku,Positif
game sampah sangat aneh match nya imbang harus menang diri gamenya usaha sendiri padahal game vs tim bodoh main sendiri menang jaring game juga aneh download video jaring saya cepat saat main game mobile legends jaring jadi rusak mungkin musuh guna cheat sistem moonton sendiri sengaja buat jaring saya drop saya kalah,Negatif
game bagus saya milik saran fitur afk tambah jenis afk buruk sengaja kalah cara afk dak main benar afk baik orang kondisi pada contoh main wi fi koneksi internet tidak bagus sebab afk di kasih aju banding alas gameplay nya afk jika banding sebut cukup masuk akal tidak akan sebab afk kurang credits score,Positif
game nya gk ngotak tim nya aneh orang pada war roam nya malah mundur mm nya mati bas kali junggle nya indomaret mid nya brawl musuh nya kayak pro player memang susah main tim waras udh bentar reset season stres bang gw game nya bagus,Netral
semenjak main tahun game sangat senang game beri kesan bagaimana harus tindak satu atur strategi game dari tahun tahun juga selalu kembang jadi lebih baik game sungguh beri dampak buruk candu lebih lupa waktu player toxic saran jaga imbang waktu main jaring lebih baik lingkung main lebih positif,Positif
gw gamenya bagus asah strategi juga timing war mohon kasih tim imbang player sering satu main mula sengaja temu musuh jelas rusak imbang malah buat frustasi but segi gameplay bagus event tarik tiap mau lapor tim feeder selalu tidak kasih sanksi hukum resah saya utama player jadi mohon erti,Positif
game nya udah bagus pilih moonton player main solo bijak padahal teman beda rank bisa temu sekaligus satu tim kalo begini cara tahun depan mobile legend akan main karena pilih player moonton bijak dan moga moonton benah kemudian hari,Netral
main tiba tiba kadang leg gak lanjut tanding padahal sinyal wifi bagus bagus aja lancar ada ganggu,Positif
lah bln kek nya perhatiin banyak kali salah ni game bagai main lama turut kecewa sih server indo tp entah knp banyak masuk tu server luar kek malaysia feforma main buruk banget selalu buat kalah kalo udah jumpa ma tu malay ampun dah lah baik lg server masuk kan tp liat liat jan draksistem nya di jadi tm tinggi misal nih glory eh malah jumpa server lain yang epick udah sweirn ni macam,Negatif
bagi antar tim imbang tim sendiri milik rank rendah winrate rendah maupun kuasa hero kurang banding musuh rank sama banyak hero terlalu kuat lemah banyak hero tidak perlu rubah malah revamp freya beberapa event asa berat main game beberapa kali yang lain kurang event dapat skin gratis masalah performa walaupun guna sinyal bagus lag akhir draftpick,Netral
tolong moontoon kalo mau ganti akun lewat akun moontoon selalu jaring tidak stabil padahal buat lain lancar tolong segera fix repot sekali banyak login gagal jdi nunggu menit kalo gagal nunggu lagi jdi menit apa maksud kek gin,Negatif
masalah nya sama kalau gak ping jelek kasih tim bot troll musuh montoon sendiri udah banyak riset punya akun banyak yg paling enak renk bawah gm lancar jaya embel embel ping jelek mau kasih tim bott kalau ping nya bagus ayo gak takut masalah nya di kasih tim bot di kasih ping jelek kan lawak,Negatif
memang seru main nya cuma banyak player yg harus nyampur ama player gk game sinyal lancar eh lag dikit ambyar poko gua kasih bintang,Negatif
game rusak gua maen ml jaring lancar malah jalan sendiri padahal gua ngeliat gera musuh padahal gua gerakin analog malah jalan sendiri asw,Negatif
sengaja gw kasih bintang biar atas woi monton lu niat bikin game ga gw masuk mampu wifi paket data ada tpi knp pas pindah akun log monton jaring stabil mau nyalahin jaring sini mampir jakarta lu liat betapa lancar nya game rusal,Netral
game buruk yg pernah main kasih tim yg noob semua saya jarang kasih tim yg bagus kalau kasih tim bagus saya musuh yg lebih kuat jarang menang mudah selalu kalah turun rank sangat rekomendasi dapat tim yg g main,Positif
kurang muas masuk in game aja kgk gmana jaring lancar trus masuk aja kgk mau maen rank sambung putus trus mau reconnect kgk gmana baik jaring udh g tetep kgk masuk reconect aja ulang ulang trus kurang poll lah pokok baik dong moonton masalah lah tolong lah biar main tuh imbang loh kurang lah pokok gk kata kata lah sama game,Positif
moonton gw player lama satu buat jengkel main game lu ketika temu player banding rank toxic player ikan sanksi toxic player minimal hukum hari bisa buka ml nya tegas juga matchmaking imbang ikan fitur solo rank ml kita tidak temu team yang sedang party itu rugi banyak player solo moonton,Netral
ml abis update jadi eror pas mau main rank malah koneksi jaring padahal kuota banyak loh ada koneksi jaring pas hpnya restart malah loading screennya malah sama kayak tidak ada loading screen moonton baik mlnya,Positif
game super ngeleg bukan update makin lancar jaring malah makin parah game play buruk buat senang malah stress kurang update lancar jaring,Negatif
mobile legends game yng sngt buruk cpek main malah bikin stres nama game bikin orng neng uda kasih banyk komen biar enk game nya aj kasih tim yg g main musuh kasih tim main game ap,Negatif
padahal jaring hp lancar aja di game ngelag nya ampun kali jaring ku full lancar buka aplikasi enak pas udah dalam game baru suka tiba lag padahal jaring hp ku baguss aja game rusak,Negatif
game nya udh bagus segi grafik nya bagus semua bagus ada beberapa masalah jaring tiba tiba ngelag padahal ping ml nya hijau skin nya mahal mahal turunin harga skin ml nya diskon persen lah gapapa terus masalah paling utama tim nya gak imbang contoh tim a ada ngetrol lah jadi miss komunikasi lah tim b komunikasi nya lancar semua lancar ada di tim yang rank nya rendah nabrak rank tinggi udh aja makasih keren,Positif
moonton main beberapa kali kok aneh yg belum sinyal baik aja ada masalah tiba tiba ngelag parah waktu mau war tiba tiba ngeleg banyak yg pakek cheat padahal sinyal bagus sering lag jalan sendiri waktu mau war padahal sinyal dukung,Negatif
player mau naik rank lanjut ada halang tim kurang kompak tim lawan tidak tara tim di dapat mohon erti moonton ketika main selalu temu tim tidak sesuai skil musuh,Netral
pemberitahuan sistem gagal muat sumber daya beberapa sumber daya mungkin hilang anda mulai ulang game ekstrak ulang sumber daya tiba g login apa ni moonton gw hapus download tetap kek gin,Negatif
makin kesini ml malah makin parah jaring nya waktu main sama temen satu kota jaring nya aman aman aja waktu main sama temen luar kota jaring lag parah ml update bukan makin bagus malah bikin player nya susah karna jaring ga stabil dong masalah jaring nya perbaikin kalo kaya gin terus bakal banyak player pensi,Positif
ga pernah kasih menang selalu dpt tim suka troll main game ga pernah hoki saya selalu dapat musuh tidak tara game rusak kalau ngasih tim bener lah game ga jelas game dongo adil adil mana bukti kalau emg bikin game yg ga pernah adil mending bubar aja game sampah dapet tim hama semua,Netral
bukan masalah gamenya etika playernya aku waktu jadi tank selalu bilang beban gak guna hapus aja ml kalau gk main saat aku berfikir terus cari partyan bisa harga roam hasil gak sesuai harap aku bisa maaf meski terlalu,Netral
moonton game bagus kadang main jaring suka ngelek ganggu banyak pake chit main ya moonton hapus fitur dapat guna cheet main baik tidak curang jaring nya bisa main tenang,Positif
lah munton semua player ml hp nya bagus masa hp ram ngefreeze draf pick loading screen dalam gem masalah sinyal ngelag padahal ms kacau kalok gin terus player ml hp kentang ganti moba belah sebab nya maap baru di ganta ganti,Negatif
atur sistem sangat jelas player solo ada yg nama win streak selalu kasih tim yg ga imbang main game buat refreshing malah buat stress sama sistem sering bgt match server suka lag sangat mengagnggu kalo ga mau player ml pindah game coba benerin semua masalah yg buat stress sangat kecewa mana tadi di game delay patah tb tb langsung kalah mana turun bintang,Negatif
main games bagus dunia sayang sistem sangat la buruk adil curang bilang karena sinyal saya hijau normal kok saya main yg guna kok main sendiri setela mati baru normal terkadang main sendiri tampa kendali ane klw minta sama moontonnya jawab apa maaf atas nyaman terkadang main tidak masuk akal sistem main buruk tanding benar ngak imbang,Negatif
heh muntun kasi tim tara sama mampu dong gua cape push rank selalu dapet tim ga bener gua udh sabar tetep kayak gitu dong muntun baik match nya,Netral
aku cuma mau bilang kurang magis dust spin jangan terlalu ambil untung main banyak rang bikin player nyaman jangan bikin skin granger udh terlalu banyak skin bikin skin dan mode off line banyak bug contoh nya dirot exp spell nya retri hero yg exp gk ganti padahal udah ganti spell banyak detail kecil yg aku bahas banyak kurang contoh mode off waktu padahal ajar sana kalo gk paket bisa coba bug mudah makas,Negatif
sinyal bagus malah jalan sendiri gak saja arah responnya telat kadang analog serang ilang game kok kualitas jelek banget pensi gua kalau gin terus emang game bagus sistem jelek banget muak gua sama game,Netral
tiap maen selalu bikin bug terus game no ngelag payah beda sama game belah jaring bagus malah kasih ngelag terus paket masih banyak jaring kenceng tiap maen bug terus ngotak lah orang lg maen rank selalu ngelag,Negatif
benar game bagus player nya toxic berprilaku baik maklum tetapi bikin kesal ketika main jaring sangat stabil padahal baru beli kouta lain kali kalau kasih tim imbang soal kayak adil tanding ibarat tim saya epic lawan glory,Positif
tes ping sinyal bagus lobby bagus hijau sekali udah masuk tanding mro bisa gerak sinyal jadi merah dadak padahal buka aplikasi lancar lancar ini playernya servernya konsisten kalau mau beri hukum afk baik dulu servernya jangan asal kurang kredit score player kalau sinyal memang jelek tes ping merah awal biar tidak main bukan masuk tanding game buka buat hepy,Positif
keluh baik sistem matchmaking haru sekali bagai solo player selalu tim main kayak orang bodoh terkadang musuh terlalu jago skillnya pro player jaring tolong baik masa ngelag terus padahal game online aman aja main janganntau nya cuan aja baik dulu tu sistem matchmaking jaring baru pikir cuan kalau semua jalan lancar sudah baik cuan tidak mana mana,Positif
nih gua kasih bintang game nya seru cocok hilang stress tambah teman teman player nya ramah tamah ad yg toxic kalo kalah retri didoain satu keluarga kurang baik apa tim nya udh jago bgt tim nya jadi game cocok hilang stress juga game santai,Negatif
game kalau ngasih tim sama musuh adil hampir hari kalah tidak tim musuh padan minimal kasih tim teman padan dari pagi ampek malem tim odgj semua pas in game server nya sering error jadi sulit main game dan ada game ya habis menang malah ngestack padahal hp gapapa servenya rusak benerin bot pilih tim selalu beri tim gak niat main rank mshbwh,Negatif
monton lihat main lah masak game rusak lag banyak bug dibiarin minimal kasih umum lah kalo di baik lah lah kagak sama sekali mau nge rank gak karena lag di benerin dulu plis kasih main,Negatif
kayak aku ubah pikir game bagus tolong orang main gak bener gakbisa main banned bulan kalo kata gua jika jaring buruk kayak aku biasa aku ngeleg terus aku malah anggep afk padahal aku udah nunggu gerak gerakin controller ku aja deh,Netral
keren banget gamenya gw dapet tim gak becus mana gw lose nya lebih banyak menang gw doang mvp tim dongo semua musuh title semua game apanih mending pindah hok gw daripada darah tinggi sini hok walaupun kalah masih dapet bintang lah apa gila doang mah dapet mana kikir gw doain cepet moonton bangkrut bikin rame aja indo event nya kikir jelek gak bagus buat masa depan,Netral
gamenya bagus sihh tapi banyak dark sistem kadang kadang sih guna tim baik ssedikit aja moonton bug nya moonton aku mau main santai ngga dark sistem pliss moonton ya baik sedikit aku ngga main kalau aku dark sistem mau main rank mau main classic sama aja,Positif
game nya bagus cuman sering lag parah terus mau masuk gamenya gak pas mau warr ngelag padahal jaring bagus ping nya merah baik bugnya,Negatif
sejak event sora hero baru banyak banget lag nya contoh sinyal wifi bagus pas main kok jadi jelek hero nya bisa gerak waktu main solo rank adil battle play kadang sampe afk buat cuma liat sinyal jaring padahal sinyal jaring ku tuh bagus pas main kok buruk moonton baik bug nya lha,Negatif
sering dapat team gak imbang terus akhir akhir banyak bug sinyal lag analong gerak gerak sendiri skill basic attack yg gak di pencet buat developer game nya cepat baik game utama masalah team yg kurang imbang kurang player feed untuk developer jangan terlalu kikir,Negatif
game nya lumayan tolong kasih lawan tim imbang masa aku selalu kasih dark sistem musuh udah kayak party rank imortal bintang kompak banget kayak top global saya selalu kasih teman suka ngetroll musuh jago banget teman dark sistem musuh jago banget,Positif
monton kalo sisen sinyal nya benerin dong masa sisen sinyal nya merah terus mohon baik gem nya udah bagus tinggal sinyal nya aja benerin jadi sisen ga ngeleg,Positif
kasih tim yg bener lah masa game ga pernah tim yg bagus trus kalau yg main kayak bot habisin aja kredit score nya biar ga main rank patch baru yg pilih lane kayak ga efektif masa main party terus sih terus bagi draft pick nya dari season kemarin dibagusin tetep aja lelet kayak frame nya tinggi banget untuk pihak moonton baik gamenya,Positif
game vs yg gak adil tim sama yg tier nya jauh beda pelit sekin udh mah skin mahal tambah main tim yg tier jauh lebih baik pindah hok skin murah banyak geratisan tambah gak yg nama joki,Positif
game paling buruk bahkan lebih buruk pada free fire semua player ingin ngejar bintang knp menang x kasih kalah x terus begini semua player ml gk rasa seru main lah fiturnya di benerin klok ngsih lawan tuh adil dong,Negatif
banyak bot game rusak sering kasi orang tdk tau main jaring sering lag tiba kalau ketemu musuh padahal jaring bagus sekali banget ni monton masah susah sekali masuk game parah banget masuk game lancar baik aplikasi nya nya,Negatif
kronologi permasalahanya draft pick sesi player pilih hero tiba tiba fps nya ngedrop jadi fps saat sesuai akhir fpsnya drop parah fps yang akhir saat loading muat tanding frame fps kadang loading nya ngestuck di dan sangat menganggu sekali sangat pengaruh tanding sebut kalah gold level hal konyol sangat lucu saya harap moonton atas masalah,Negatif
game rusak makin nambah season makin rusak main solo rank selalu kasih tim bot dark sistem solo vs party matchmaking ga imbang sampe kalah terus terus in game kondisi jaring bagus selalu bikin nge lag parahhh seperti memang sengaja bikin lost strek game busukk sistem ga pernah baik tlol,Negatif
sangat recommended main game kenapa kalo kalian stuck epic g ush maen udh nyusahin player solo tau gak saran buat moonton kalo kasih tim bagus buat player solo kalo player duo trio mah bebas bikin update game gak si update ada aja bugnya entah hero atau jaring season nih bug jaring aneh,Negatif
game setan jangan download kalau download stres bahkan gila bikin ngomong kasar terus jg banyak bawa dampak negatif sering kalah karna tim nya kaya dark sistem kayak setan sistem tim nya di benah jangan kayak setan kalau aku ws kali baru tak kasih bintang,Negatif
game nya sih seru kok kalah mulu bahkan saat tim menang lane banyak skor tiba tiba musuh comeback karena chatan sama musuh adminnya cewe baperan yapping dikit langsung kalah,Netral
perhati kepada pihak moonton paket banyak jaring bagus main patah patah war jaring ubah jadi merah di baik jangenam olah kek di sengaja jadi buat bosan lama lama uninstall nih bujang bujang game sering alami lag padahal jaring bagus,Netral
kasih bintang dulu sistem bagi tim tidak adil selalu dapat tim jelek tim musuh jago mohon lebih adil dalam bagi tim,Negatif
game mabok jaring ngelag selalu in game padahal belum lancar aja buat scroll medsos pas main malah ngelag ga karuan lag nya siapa yg betah kalau ngegame ngelag matchmaking ga rata tim bloon banyak bet sakit ni game,Negatif
game nya ga rekomendasi banget kita main serius tim nya kek apa saran gua mending lu semua main hok dah gamenya enak banyak skin gratis player ny ramah gak ngetroll saran mending hok soal gua ngalamin main hok main nya enak banget,Netral
woi ayo makin kesini makin down aja jaring stabil bawah ms pas masuk in game lag sampe ms jangan download geyzt,Negatif
game gak jelas jaring bagus ngeleg parah waktu in game padahal jaring bagus waktu draft pick ngeleg ngeleg gak jelas ni game update aja tetep sama gak jelas l game,Positif
makin buruk game tambah rusak banyak pake cheat suka nge lag padahal sinyal bagus perangkat dukung riwayat tanding suka hilang anggap ada moonton di history ada padahal baru selesai main suka nge reload sendiri sekali kali kali kali mohon main lain segera pindah game ml jangan pernah main ml sekian terimakasih,Negatif
makin lama game makin jelek aja udah main malah ngeprame parah login ulang malah ngak masuk di arahin costumer service respon nya lot banget padahal sinyal g simpan hp banyak main pubg aja ngak ngeprame tuh padahal kan player lama lama lama jadi males main game ini,Negatif
game bagus grafik bagus entah tiap capai rank epic banyak drak sistem hapus semua drak sistem ada mobile legend bang bang,Positif
mobile legend sih pas loading match mau masuk tanding malah stuck lama lama terus pas masuk malah udah menit sangat menganggu worth it banget semenjak update aneh banget jadi selalu bukan sekali dua kali malah sering,Negatif
aku bintang biar cepet d respon dear developer hormat sinyal wifi aman data aman main rank sinyal lemah hampir bisa gerak panjang main sangat sayang sekali dev kualitas sinyal rendah padahal lain bagus mohon segera baik karna sulit sekali,Positif
ga adil adil nya dpt tim ampas mulu dah udh ngulang puluh kali tetap aja dpt tim ampas udh tier tinggi gitu ga beda udh cape mvp kalah mulu mana turun nya ga ngotak ls ampe turun bintang kaga menang kan ga logis soal gameplay gw bukan player dongo selalu dpt mvp gold medal kalahhh,Negatif
apa sih monton lama lama jadi gaenak dimainin sering lag klo main kasih tim yg tara dong masa tim sendiri ga jago tim musuh jago semua ga adil bngt lama moonton sering lag ga jelas,Negatif
game apa bodoh sekali cari main nya adil mau naik rank selalu kasih tim beban dasar dark system we tidak terima hadiah ulang tahun mu kasih tim beban terus lawan kuat sekali game ampas,Netral
main lag berat padahal sinyal bagus tbtb force close mau reconnect game bisa lah moonton dibenerin server nya gamenya jadi sampah gin apa game rusak lama lama,Negatif
tanpa bintang terlalu buruk kelas game moba terlalu banyak player mau kerja sama kontribusi tidak selalu hakim jadi lose streak yang juang tim justru abai bahkan tidak bantu hingga selesai game,Netral
sumpah moonton game lu yaallah jelek bgt hp gua mah aman apk lu dah patah patah ga jelas ganggu main tau ga udah bagus menang awal tiba tiba jalan sendiri padahal jaring bagus ga ngelag gaje sumpah kesel gua,Negatif
game buruk main game banyak problematik mulai sistem draft aneh adil performa main banyak sekali masalah mulai sinyal dadak hilang lagi war tim tiba tiba tidak gerak hingga ada ketika naikkin bintang rank malah masalah sistem main anomali entah hp tiba tiba crash hingga keluar main dadak sangat rugi saya yakin developer buat sistem,Negatif
game rusak game tolol padahal sinyal ijo hp tidak leg sinyal moonton ml malah merah mulu ijo nya sebentar doang cuma detik sinyal ijo ml yg sinyal merah lama bgt leg nya dpt tim tolol bego bego lostreak terus baik sinyal ml grafik nya kalo ga baik mending hapus aja aplikasi moonton game usak,Negatif
baik game nya lagi gepus malah kasih musuh yg sulit montooon kena kurang satu bintang malah kasih musuh suli tolongggg banget kasih mudah seson yng teingal beberapa hari tolong mudah kan orang yg mau ngepus mitik atau yg pernah mitik biar ngrasaki sampai mitik mask inngin gepus mask kasih musuh sulit ayo monton beri mudah game para player senang kalok gin terus bikin kecewa game nya,Negatif
jangan download game game ramah player solo percuma jago klo ketemu publik yg bego luar biasa menang x sistem lgsung ngasih musuh yg ga ngotak tambah tim nya kocak luar biasa game adil cuma ilusi semata klo party klo ga jgn main ini game sumpah game bego jgn ngasih percuma kalian ngeluh ga bakal ditanggepin yg pling pnting cuannya misal cuma buat have fun silah ini game udah terlalu match making nya sampah,Netral
kalo misal menang atur sistem maen sendiri aja sisip dikit kasih tim gj kalo misal yang gendong tim sinyal jelek jelekin kalo misal tetep gacor sistem nya di bikin aneh bug damage lah lah lah gj ancrit,Negatif
game kocak kasih saran gak terima malah kasih ls terus keren emang game moga yg suka mainin sinyal sama yg suka kasih drak sistem kena azab allah game kalian atur tapi kuasa allah gak kalian atur sampe sini paham kan,Positif
update cuma buat nambahin fitur ga doang sistem nya malah makin kacau hari hari main sinyal merah terus padahal jaring gw bagus aja main rank kasih tim duo sama trio egois kocak asa update malah makin dapet tim ampas yg kerjaanya ngetroll yaping g jelas gilir report ga tanggepin moonton stress gw main ni game solo player ga pernah dengar padahal gw dah ngalah loh gara sistem lane gw jadi main roam terus lane gw g pernah di kasih,Positif
minimal kalo ngasih musuh pro jago ngasih tim padan cape losstreak muluu gendong muluu yaelah gmna sihh moonton lah ngegame cuma mau ngilangin rasa stresss malah tambah stressss main game ni jadi buat moonton kalo ngasih musuh yang pro jago ngasih tim yang padan sama musuh,Netral
musuh kasih musuh musuh berat banget game nya kadang buat frustasi banget mau main neng malah buat frustasi game gak jelas wifi bagus pas main jelek game buat stres gak buat orang neng jaring nya bagus kenapa malah saat ada war malah lag ping naik turun naik turun mana lingkung tanding adil moonton omong kosong isi ketemu musuh ranknya aja beda mana tanding adil omong doang game kikir ni mah,Netral
game bagus cuma kualitas jaring dulu sampe sekarang ga pernah benerin ping hijau ngeleg aneh jangan banyakin event terus tingkat kualitas sinyal tahun depan bukan rameh game bakal hilang kalo sinyal terus begini,Positif
apa ni we monton update aman aja ni game ko update kemarin ko jadi gin sinyal ijo ko jalan sendiri ga di gerakin gua tau game lu tu laris tolong la hargain hp nya kentangg sori ku kasih bintang dulu kalo uda mula baru gua kasih bintang,Netral
awal season terlalu banyak curang main rank selalu ngelag parah padahal jaring internet bagus cari curiga player player main kotor guna yang buat lag,Negatif
kasih bintang tiga sistem dark mobile legends di hilang tim isi beban nyusahin kenapa tim lawan kadang lebih jago juga sistem jaring di benar padahal jaring sudah bagus suka lag moonton jahat semua player pernah alami saat war jaring kadang lag,Netral
game nya bagus sampah gacha sangat sampah sering dapat barang sampah harga karakter mahal bahkan main terkadang stuck loading screen padahal sinyal bagus sangat sampah,Positif
gameplay nya oke tampil bagus grafik gantung usernya setting kyk gmna minus cuma pas rank mvp lose bintang tetap aja ga tambah satu apalgi tulang punggung tim tpi minus game cuma ketemu player nge troll ga slh developer nya krna itu emng main kurng ajar aja,Positif
sangat berat main solo rank sistem match making moonton tidak imbang kasih lawan jago dapat tim tidak main jika sedang push mmr ketemu tim beban sangat rugi bagai player solo rank,Negatif
hadeh gin mulu solo ketemu trio duo udah pilih lane monopoli ngefeed mau report juga ga ngaruh ga ngefek mentang maen trio duo minimal hilang kek kredit score juga ga ngurang minimal kasih solo pilih satu lane doang biar adil ketemu model trio duo ngefeed kek gin emang pensi game ga jelas kalau tiap maen diketemuin sama trio duo,Netral
game ga layak main sama anak anak remaja asli ni game matching nya ga adil cara ngambil wr season lu yg kalo lu kalah belum turun wr ditrol makin banyak dimatch lanjut yg nge trol alam aja udh main ga tingkat bagus ni game matching nya cape gw bossss main jam pagi legend b malah turun cara menang kalah terus lama lama gw nnti kalo udh gede ambil jalur hukum buat nuntut karena tidak ad,Positif
yang rasa imbang match making ga adil kalian main hok percuma main kalo kasih beda tim bagai langit bumi musuh mantan imortal tim mantan legend gimana mau imbang baik dulu nilai mu,Positif
tim computer musuh pro player hebat game ajar tentang sabar tiada habis nya moga sistem nya imbang montoon main solo kasi soal saya kasi tim wow sekali montoon terima kasih,Positif
mohon moonton banyak sekali match sesuai rank banyak player baru main ikan rank tinggi skill sesuai mohon rubah sesuai skill game terlalu berat player solo,Netral
senang sekali game nya seruu selalu aku tim ga kapan sih aku dapet tim bagus padahal rank lohh malah kasih tim ga main aku capek sama ml sekarang meski aku tetap setia sama ml apa ada nya karna aku uda nyaman mayan banyak event yg dapat skin gratiss,Positif
dong dibetulin kalau saya akan main game pas jalan jalan internetnya aman aman pas mau nyerang musuh ngelag nya bukan main pas mau pakai ulti tiba tiba mati betulin lah percuma game bagus,Negatif
wah game parah mai ngelag mulu draft ngelag bgt padahal hp sama ms lancar oke game tiba tiba merah padahal ms stabil jaring hijau mlnya tetep lag loby tiba tiba lag sendiri gada koneksi internet padahal jyga ms stabil lah baik dulu jangan fokus hero hero baru dulu fokusin server lu noh ngelag,Negatif
bener aja tun gua tau device gua udh lumayan jelek ml skrg infinix hot yg bener aja semenjak update gua login in game menit lebih udh tinggal level pas draftpick aja lot please lah ringanin dikit minimal gua jgn menit pas masuk gamenya kalo gin mulu gua pindah game co,Negatif
kasih bintang karena akhir pas mau mulai main rank loading ny nyendat lama sebab sering afk sendiri karna gak masuk main mentok trus,Netral
game hama banyak drak sistem bocil kaga tau counter sama item game mana cuma bales maaf kak akan cipta game komitmen alah jembt gua saranin mending game laen ni game bikin depresi bukan bikin healing udah leg pas in game padahal sinyal bagus,Positif
ganti season rank selalu turun uda mytic tetap jadi epic rank top local turun main game lama tahun rasa sia sia gak yang banggain semua waktu kerja keras tidak di harga pihak buat game korban main game panjang hari di anggap sampah mereka so di baik sistem nya tidak main game lagi hanya buang buang waktu saya cari game yg harga main,Netral
apa apa telah update sinyal makin jelek banget asik main tinggal end tiba tiba nge lag ilang sinyal relog kali kali masuk game langsung lobby aneh nya hasil tanding barusan hilang data parah akun di lobby ga rank ga classic ga brawl apa maksud nya moonton woii,Negatif
eh monton taik gue kasih bintang lah temuin sama player yg baru download baru main gue capek satuin sama yg drak sistem gitu lh baik monton klo gin terus yg ml gk maju maju nya buat player baru nya tolong lh jngn yg udah miytik di satuin sama mech yg baru main baru download,Positif
lebih baik pensi pada tahan makin lama makin berat data nya makin banyak mending main hok game enteng ga berat,Positif
game gak asik tiap bintang kalah x pas pake hero mmr selalu kalah gilir pake hero menang mulu banyak bocah gak main game jelek hitam bagus main individu kalo game di untuk main kelompok mending lu ubah game,Netral
update buka makin bagus malah makin rusak sinyal bagus hp bagus malah ngelag server rusak buka cepet baikin jangan di buka dulu mode rank nya malah ampas ga kompensasi,Negatif
halo moonton sorry bgt ni minta tlong dong baik jaring aduh prh bgt pas game lag parah menggangu main rekan juga yg rasa ngaruh yg pakai android yg pakai iphone kata sih lag pliss moonton plis bgt,Negatif
betulin matchmaking gk perlu kasih skin gratis benyak hanya perlu matchmaking betulin masak tim rank tinggi legend nabrak musuh rank tinggi imortal glory siap update bukan makin bagus malah makin buruk matchmaking nya,Netral
maksud apa ngelag padahal jaring oke game rusak sistem match making makin sulit tim egois nih game ga layak maen rebuild aja game lu bgsat server bapuk dah banyak tuh yg komplen kata prioritas nyaman game yg kelar maen cuma tres doang gw dah muak sma jaring lag dah cukup gw pusing irl gw main game biar relax bukan nya tambah tres,Negatif
item sepatu swift boots atribut terlalu kecil harga sama sepatu lain banyak sekali hero mm yg pilih beli item sepatu sebut anggap tidak efektif sepatu swift boots perlu sesuai ulang misal tambah pasif unik item tambah attack speed jadi tambah movement speed jadi tambah atribut adaptive attack,Netral
monton hormat mohon jangan ijinkan playar screenshot profil foto sering jadi tim terima kalah screenshot foto profil lalu diviralkan media sosial malu sangat tidak relevan karena hanya buah game dampak mental orang telah viralkan terimakasih,Netral
makin lama makin gak nyaman buat main sejak reset season sekarang pas loading screen stuck itu pas tunggu baru mulai gerak menit paling cepet benerin dong muntun,Negatif
game steressss bnyak bngat bug season cepat baik soal sangat turun performa main player di baik cepat,Positif
game sangat bagus wajib main gameplay selalu seru update terus tarik ada beberapa saran mohon tambah kustomisasi quick chat lebih banyak ketat sistem report sanksi toxic player hadir mode turnamen in game lebih serius ranked terima kasih moonton tahan kualitas,Positif
beri bintang gamenya bagus sekali banyak colebnya anime keren naruto sangat sering main ml saya banyak ajar player ml yg punya skil jago skayler udh doang makasih buat monton udh nyiptain game bagus dan keren banget,Positif
update patch baru jadi sering frame patah patah delay padahal jaring bagus buat pihak moonton di baik para player jadi lebih nyaman main terimakasih,Positif
kocak bgt lu moonton lebih mentingin colab ketimbang benerin server sendiri nyaman player bkn banyak lu ngeluarin skin mahal colab doang gameplay penting jaring lancar in game hubung ulang terus maksud apa coba bukan game beta loh tolong lah,Netral
ini menghububgkan terus sdh hapus cache sudah restart game mentok gk gabung game gak masuk lobi jaring lancar jaya,Netral
game ada adil game draft pick tim musuh imbang buat banyak player susah tingkat rank main santai sini beri bintang guna tahu game tidak milik adil,Netral
banyak sekali dark syatem main rank classic bahkan brawl sekalipun ketemu tim ngetroll musuh jago sudah coba main brawl match match sebut kalah,Netral
eh monton hormat knp pas apdet jaring makin ngeleg sii jelas rugi bangett main jaring bagus tpi knp pas tanding malah ngeleg parah di baik rengk turun karna ngeleg kaga ngotak,Positif
udah lama main gamenya game nya bener seru cuman gitu kadang pas main rank jaring jelek padahal ngga sampe mati nak turret lawan jalan sendiri bilang gaada jaring pdhl baru ganti wifi apa wifi ku masalah padahal coba mainin apa aja tu gamenya seru kok kalo bosen main mlbb biar mood kadang kesel pas defeat aku paling suka game bisa dimainin offline tapi saya ga tau cara buka brawl pas main offline,Negatif
makin kesini makin parah cari lawan nya sistem anti dark sistem gua ga ngaruh soal nya ada isi isi roam banyak roam luar tank plus banyak support dipick jadi males buat player yg main nya sekarang sering ketemu tim ngetrol gajelas game burik gajelas kasih bintang,Negatif
game rusak sistem matchmaking lama sering keluar sendiri lagi kalau main biasa rekan paham game tidak erti role hal dapat rusak alam main player,Negatif
tidak suka login guna akun moonton pindah akun email sudah benar juga passwor tombol login tidak warna bahkan saya hubung cs tapi kalian jawab coba baik mana padahal akun sayang ku,Positif
maen ml ngelag terus sinyal paket tapi gamenya cari mabar pilih skin pilih hero ngelag banget makin lama makin tua makin gak jelas game kalau masalah sistem hp android merek lain jangan ganggu main lama lama males maen ni game dulu kok gak baik benar,Negatif
ingin lapor akun email monton di ganti orang lapor nya pihak tim cs mlbb tanggap nya sangat kecewa padahal mau ganti alamat email montonnya bukti sudah kuat ubah itu ss transaksi top up tanggal buat akun juga saya lapor nya pakai perangkat percaya hasil apa hasil nya sangat kecewa,Negatif
game makin sini makin jelek pas turun season masa pas main gw lag parah wifi gw bagus hijau hijau aj terus dapet tim ga guna semua musuh jago nya luar biasa nyesel gw mainin ni game sama top up buat game,Negatif
ketemu orang egois gak ajak kerja sama terus pass laporin malah anggap sepele sama geme males tau ama game kurang ketat udah lah susah tim atur gak pernah bagus kalo buat clasic gak apa apa malah rank draksistem lucu gak lucu mah kira enak apa gendong tim di kasih tau ngelunjak lama lama retas nih game liat lah,Positif
game ga jelas kasih tim anomali terus musuh terlalu jago udah minta bantu aja kasih tim anomali bot game ga jelas,Netral
game toxic penuh caci maki game aneh bug mana kadang kontrol kadang sinyal match making sering imbang kadang dage musuh terlalu besar walaupun guna item armor penuh slot item tetap musuh hasil dage tinggi,Negatif
akhir akhir sering sekali kalah terus selalu dapet musuh kuat udh turut turut ga kasih menang baik sistem tolong rolenya ganti dulu fitur pilih role makin ga pake role dan pilih role harus aja kayak dulu,Positif
banyak bug nya semenjak update season kemaren jaring gua jadi tambah lag parah padahal belum moga baca pihak moonton langsung biar cepat tangan,Negatif
matchmaking nya tara hapus aja dah fitur lintas rank nyusahin player beneran niat naikin rank adain juga fitur lane buat solo ranked biar main nya yang gitu lo soal nya aku pernah ketemu kasus orang match nya gold lane trus match nya hyper lucu nya malah jadi hyper,Negatif
matchmaking rusak kadang jaring jg henti sendiri padahal wifi bagus gk lot main solo systemnya kayak judol kasih menang trus kasih lose stresk banyak nya biar tagih mvp kalah lebih banyak lgi klo main solo game rusak udah nih makan playernya banyak yg pindah game belah,Negatif
main aneh main alami main henti gerak padahal sinyal bagus main masih gerak bisa kendali udah coba beberapa cara masih bisa salah satu sebab yang saya henti main main mohon baik main ikut henti main main ini seperti saya terima kasih,Positif
harga kosmetik mobile legends terlalu mahal detail kurang perhati contoh skin lena zenith milik efek recall di mode elf di mode iblis ada harga tinggi detail ini lebih perhati skin benar benar padan dengan harga gua bikin b ada mungkin up di baca moonton jijik,Netral
game bagus sayang montoon plis dong menang kali kalah mvp trus macam apa tim nya kaya bot gitu dapat gua mau pensi mobile legend cape asli serius trus main game emosi aja ku ken naik imortal susah tim random sama aja solo ketemu bot njir lah tambah alesan trus lag lag banyak misal season ikut gitu beneran mau pensi asli,Negatif
makin update malah ngleg main gak se imbang masa solo nya yg mabar baik moonton sistem maching nya kasih yg adil,Netral
game sangat bagus season lalu bisa capai legend waktu hari sekarang empat hari stuck epik empat kadang dapet mm jungler mage exp tapi turut adalah semangat menang,Netral
bagus sih cuman kalau main tuh selalu kasi tim plenger semua mau gendong mulu sistem cariin tim bagus dikit ding jangan kasi gua tim plenger mulu dah depresi gua,Positif
di baik dong game bagus masa jaring acak acak masa jaring bagus pas main malah lag parah ngeganggu forma tau gak bicara nada kecewa,Positif
gamenya awal season ngepush selalu kalah lebih gampang kan menang rank epic jangan ngelag gamenya lebih mudah menang rank epic epic sampai epic,Negatif
lah moonton sistem matchmaking nya benerin masalah udah lama tpi aja kayak gin gw udh cape main game main udah bener menang lane rotasi tapi tim nya banyak ga ngerti main jadi lah adil kan sistem matchmaking nya enggak role nya ga tabrak,Netral
biasa system terlalu sering adil bayang lose streak kali player solo game sangat sulit musuh benar di tim sendiri asa vs mau jago kalau tim saja macam bot gak bisa apa lagi solo lawan mabar akan rekomendasi teman untuk renti main game,Negatif
sering lag tanding saat tarung sering kali lag freeze sering sekali guna game guna cheat buat main lancar lalu guna rating bawah jgn matching rating atas tier jauh beda poin bawah jangan ranked guna afk troller buat main fairplay sadar baik,Negatif
game nya bagus sayang banyak dark sistem banyak kalo main random sering sekali ketemu tim yg gk mau kontribusi karna lah sekarang emosi sendiri kecewa sistem moonton yg kurang bagus bagi tim lapor main yg yg bilang awal jadi apa apa akun entah kredit skor kurang tidak ada ngaruh saya sudah match tapi mas tahan mythic nge stag situ situ aja,Positif
makin kesini makin aneh utama jaring udah pake data wifi malah makin ngelag ketimbang make wifi doang bukan baik malah makin parah hadehhh bintang,Negatif
main baik ping jalan baik main walaupun match imbang jadi masalah masuk in game yang patut masuk detik semenjak update bulan lalu mulai masuk detik lebih awal ngira hp udah gak mumpuni eh nyata aplikasi langsung saat download ulang lancar sekali game play masuk detik bahkan saat udah full download data langsung masuk detik lebih gameplay nya lancar banget masuk in game gak,Positif
montoon knp ganti akun minta verivikasi sii ga semua orang inget gmail yg kait plisss jgn bikin atur yg bikin player jdi sulit pindah pindah akun,Netral
woi ngapa gw main mnt tiba tiba dc keren sia sia gw main ujung ujung dc masalah server keren game keren kalo awal awal mah ga masalah udah main hampir end malah dc match belum ga muncul aneh game aneh,Positif
sangat senang habis season main sinyal sangat stabil sangat pengaruh tanding lebih baik benah sistem dulu player main nyaman terimakasih,Positif
baik dong game nya baru update kok lag tiap main game buat main gk nyaman aja kasihan yg main padahal game banyak minat nya jadi moonton baik game nya update bukan nya lancar malah buat emosi,Positif
rating aja ah collab nya ga niat cs nya bot doang jadi tanggapanya cuma itu mulu sistem matchnya ga bebas role tentu padahal player nya tentu main role sebut bodoh banyak bot mai benar benar bego,Negatif
tolang dong jaring betul kan rasa yaman main masuk tanding saya tinggal berapa menit di baik mohon kerjasama,Negatif
main kurang lebih lama tahun sejak tahun saya rasa sistem matchmaking game itu adil bukti saya dapat tim main tidak serius laku langgar tim musuh sangat pandai pintar main saya jadi kalah saya alami kalah untun kali turut turut jujur saya sangat kecewa game karena sistem sebut,Negatif
rank glory gua main frangko ranked roamer menang tanding victory tiba tiba hubung ulang akhir gua relog pas gua liat hasil tanding tanding sebut ngga dan rank gua tetep sama alias ga naik sistem sampah padahal pas main gaada lag sama sekali,Negatif
gm moba bagus bagi hp kentang gm jelek karana geleg turut ini gm bagus saya semua hero gratis kan kalo hero legends aja biar orang g punya hero bagus gerasain hero mantap yang skil y bagus buat main farti sama temen,Positif
selalu kalah dapat tim tidak di andal balik tim musuh dapat tim kompak di benerin sistem matchmaking nya kuat tim imbang,Netral
maap ni montod gua kasi bintang gua td baru main sinyal bagus tiba tiba nge frez gua relog mas ga masuk sinyal bagus padahal bikin repot aja dah tau susah nyari bintang tu klo solo trus sistem nya gin anj emg,Positif
stabilisasi jaring nya kacau masa awal game ping stabil bawah ms bahkan bawah ms tiba tiba langsung naik ms rugi bikin game kalah segera baik banyak kesal tinggal game halah review kek gin gak bakal tanggepi kan makin kesini makin gak jelas ping nya,Positif
gamenya bagus cuma kali main muncul lag signal kurang efisien sedikit ganggu main tingkat kan tajam signal nya main bagus,Netral
apa cuma hp gua yg pas selesai draft pick sesuai akhir ngeframe klo baik dong gara gara gw telat masuk tanding nya sampe sampe afk sebab kredit skor gua turun sampe ga main rank tolong baik klo memang bug apa biar gua enak main,Negatif
game nya seru senang baik kadang aku sering ketemu lawan jago temen yg kurang main jadi beri lawan tara temen yg lumayan main lebih baik yg main tolong kalo lawan nya di setaraain sama mampu dan sering jadi lag main kadang pas udah masuk gem nya udah detik han padahal wifi lancar jadi tolong di baik kadang mach meking nya lama,Netral
dasar game rusak udah ngeleg permanen walaupun jaring bagus bagus tetap ngeleg reset seseon bukan reset rank malah reset jaring lebih bagus game moba belah yg adil ga rusa gak game mlbb ken nge push siap yg lengkap pas game malah ngeleg gatau knp bolak balik nyari sinyal cek jaring nonton tiktok lancar banget buka youtube lancar pas lanjut main tetep ngeleg dasar game jelek rusak jadi males login main mlbb nya,Negatif
aku kecewa sekali sama game kok tiba tiba game nya bisa buka walaupun uninstall kemudian download ulang tetap bisa buka aku minta akun bisa di buka,Negatif
baik bug sinyal dong wifi bagus apk lancar di ml ngelag sendiri pas ingame mohon baik min,Netral
overall udah bagus saran aja bikin match v versi cepat v kaya tetangga belah v nya jangan cuma lawan teman dong satu untuk beli emblem langsung dong jangan sistem acak gitu biar cepat upgrade nya,Netral
game sudah cukup lumayan lama dari awal rilis saat masalah yaitu jaring setabil kalah jauh game moba yg jaring lebih baik padahal game adalah game favorit semua kalang kenapa usaha benah diri player puas terimakasih,Positif
jaring stabil luar waktu in game ping naik turun gak jelas benerin dulu masalah jaring baru lo bikin event macem,Netral
jangan download rekomen game bikin stres game maenin down server mulu sinyal bagus bisa pencet skill inti jangan download gw rekomen kalo lu udah capek hidup download aja nih game mesin lu upgrade nggak di upgrade,Positif
game bagus kadang kadang banyak cheater wifi lancar tpi lag terus pas main wifi rumah lancar jaring merah banyak bot yg joki jadi gatau cara main terus jaadi lose streak mohon baik sama kalo orang yg stuck epic legend terus immortal waktu yg cepat mohon beri hukum soal rugi orang kalau tidak main terus buat orang lose streak gimana game bakal sepi,Netral
buang buang waktu maen rank jam malem bintang sampe jam malem bintang tetep disatuin sma tim tier nya bawah kan aneh kalo gin trus mending pindah hok bagi tim yg aneh betul emang klo menang terus bakal bosan main ya kalah terus malah banyak yg uninstal contoh tmen kerja bnyak yg tadi maen bahkan sampe buat kompetisi skrng malah uninstal karna kecewa bagi tim maen rank bener buang waktu mending uninstal,Negatif
main game asa main judi kalau lostreak main bakal stress hilang bintang kata game senang mana bikin main emosi bahkan sampe ada lampias emosi orang yang jelas jelas gk salah mending game belah yang baru nama have fun rank nya mytik kasih musuh imo kan gk ngotak kalau mau ngasih musuh yang imbang napa,Negatif
game sangat buruk mulai sistem matchmaking adil bug jaring tanding masih banyak bintang game sangat tidak worth it main,Negatif
yaelah match making makin ga beres lama lama ganti game gw males top up sering kek dulu kalo match making nya gaberes betul moba belah gw mulai tarik,Negatif
moonton rusak emang makin parah aja kalo main solo tim sendiri isi nya darksistem semua gilir tim musuh kasih bagus game udah tahun aja sistem gak ngedetek player blo on,Netral
game apa sekarang kaya apa lah jaring season kemarin bug ping mulu baik apa lah moonton skin terus buat masalah sistem gak pernah tuh baik apa lah min,Positif
tanding adil misal nya solo musuh nya party smua tim nya tidak adil masa bot smua gw terus yg gendong kgk yg main terus musuh nya pada ngeri sumpah gak adil ni game,Netral
bintang satu dulu lama lama jadi jelek sekali kualitas nya main lag padahal hp jga memori penuh wifi bagus tiap war sudah mau menang selalu lag selalu lag pastiiiii selalu lag anjir lah baik dong sengaja kalah yaaa supaya jangan lagggggggg lagi capek ey main lag terus padahal wifi bagus banget emang aneh ni game hantu hadehh tetap mau main game cuma dong di baik kan nggk salah kan,Negatif
game cukup bagus cuma nih yah masa jaring ku amann aja tiba tiba lag pas afk cuma buat minum sebentar bug nya aneh banget sumpah padahal layar gak matiin loh nyala aneh banget tetap bagus sih inti nya moonton kali bug nya rangin okey,Netral
game moba sangat tarik senang baik yg pernah main capai rank sedikit kemarin malah turun ke sungguh main yg sangat indah tambah saya selalu dapat tim sangat pintar sekali ramah sopan egois erti sangat lincah main terimakasih moonthond telah cipta game moba indah panjang masa makin seru,Negatif
game ancur bisa nya gw main solo tim rank rendah tim lawan ketemu rank tinggi baik sistem nya tidak sulit player solo,Positif
terlalu bayak bug masalah lai jaring jelek handphone bagus gilir game jelek masalah gk kali kali jadi tiap gamplay moga aja baik kalau kayak gin semua player males main game,Negatif
ping sinyal error hijau ms lag parah saya milik kendala sinyal main game lancar lag ping stabil game susah gerak delay main padahal g wifi,Negatif
game tolong baik main mungkin server saat masuk game langsung lag parah entah ada guna cheat memang servernya tolong segera selidik baik cepat mungkin karena aku dapat skin spongebob nya terimakasih,Positif
baik lag bug nya draf pick kok tiba tiba leg di detik akhir sangat mengangu padahal simpan hp masih banyak,Negatif
apa play store ada bintang tiap main terus terus kalah udah gendong mvp aja kalah kalo kasih tim rada main sikit napa game bukan nya hibur bukan malah pancing amarah baik tim nya banar game suka,Positif
game mobile legends asli nya seru yang ngeselin ngelag nya padahal aku main game moba lancar aja jaring nya pas main game mobile legends ping gak karu karuan merah terus ya moonton fix,Negatif
udah berapa kali ulas edit gonta ganti terus game ngk pernah imbang lawan kasih susah tim kasih tier yg rendah awal season mentok epic cuma kasih tim yg ngk pernah padan musuh,Netral
silvana terlalu sering kurang kredit skor makanya kasih tambah bintang dulu kondisi internet gak baik kit kena afk dah laku deteksi jaring tetap kredit skor gak naik mau banding banyak rentet,Positif
mohon pihak moonton baik sistem matchmaking sistem matchmaking maksud oleh tim imbang main solo ranked saran untuk temu sesuai data statistik main baik tim musuh maupun tim sendiri tidak kecewa player main solo ranked bayang main jam sore hingga siang tidak dapat oleh bintang justru bintang saya turun bintang mohon bijak moonton,Positif
monton terlalu gila hingga buat gua hampir stress tanding season tahun hanya mentok honor jaring bagus lancar hp lumayan sering ngebug lostrek sampe x gila ga tuh monton turun bintang apk awal season cuma mentok diglory kan gila kurang cerdik gimana gua main,Netral
buat skin tampil udah bgus perbaikin sistem banyak lag game tim ga sesuai gw main solo ketemu tim ga tara musuh main trio or party hadeh plis lah moonton,Netral
lumayan tolong jangan bug macam selalu kalah padahal tim udah bagus musuh ga jago mereka pake chit dibiarin aja,Netral
update malah lag parah mau coba hero baru halang sama lag di optimal agar lag awal update,Negatif
nontoon plis baik game mobile legends nya dong pas aku main kan sinyal hijau tiba tiba ngelag nembus tembok jalan sendiri gera tim semua ngelag pas aku ngelag sinyal hijau ngelag cuaca tidak hujan mohon di baik game nya ton nonton sekian terima apa,Negatif
main game kenapa sinyal selalu ngelag padahal buka youtube game lain online ngelag sama sekali masalah nya hp saya mungkin saya butuh ganti hp jika masalah di server baik,Negatif
game gajelas sinyal padahal bagus pas main malah merah terus kadang hero ga gerak padahal udah gerakin analog benerin lah bego gua main ni game cuman dapet kesel nya doang gara gara jaring nya tiba tiba jelek udah mode pesawat sama aja tetep ngeleg gw tungguin menit tetep ngeleg gw nonton anime aja kaga ngeleg ngeleg pas main ml malah ngeleg emang game nya mah,Netral
halo min gmn starlight ku level nya ga nambah ngestuck lu mau ngejebak gw ngtd nyolong duit gw gitu level ngestuck misi dah selesain semua tetep ga nambah bot keluh lu lambat jadi baik min kalo ga gw kasih bintang pake akun mau lebih sekian saya,Negatif
sekarang kurang layak main banyak bug sistem matchmatching imbang koneksi jaring tidak baik respon customer care tidak baik kurang erti apa maksud player lain sesuai rating ikan banyak orang main iki rating tidak baik bagaimana game kompetitif sifat internasional bagai player lama mungkin wakil suara banyak orang mungkin sepakat apa saya tulis di atas,Positif
min ya main mode chaos kok delay delay padahal sinyal sama hp kaga ngelag awal gw kira hp nya kaga kuat trus gw nyoba hp satu ip ttep aja knp min gjls bet wkwk,Negatif
matchmaking nya buruk pernah baik main solo duo alami troll system tidak imbang banyak main hasil buruk selalu pasang denga rank tinggi itu sangat ganggu main ingin game tahan lama sistem matchmaking baik baik mmr sama bagus jangan campur main smurf win rate buruk main win rate bagus tinggi sama yang pro pro jangan amatir,Positif
alam ku main mobile legend seru banyak tim eksport aku sukain contoh onic rrq alter ego aku sangat senang main game moga depan game jadi game paling populer banyak gemar,Positif
ya moonton main ml tdi kata ganggu sinyal padahal jaring oke aj g ad yg masalah tiba lag eror tah keluar dri aplikasi main menit masuk in game langsung saya dpt notif afk padahal niat g afk jdi pihak moonton kalo ad salah baik yaa terimakasih banyak jangan lupa donwload ml sekarang ad event spongebob squarepants,Netral
banyak chit lag awal season urus moonton kalau uda kas bintang gara gara chit lag sistem yg masalah kalah kali kira gara gara jaring nyata semua tim ngeleg sekali tim musuh lancar aja sinyal nya urus,Negatif
makin update jadi makin banyak bugnya tambah makin berat sering banget ngeframe walaupun fiturnya opsi download data yg perlu tetep ga ngaruh,Negatif
gamenya gjls bisa nya solo awal season ketemu team epic main tier legend musuh legend game serasa main judi begitu karna menang kalah team ga jls harus bijak tier tier sesuai sama tier masing masing saran jangan cuma mikirin event doang pikirin sistem players sekarang kalau solo jangan gabung yang atau trio,Netral
padahal udh lose streak kali tetep mush nya kasih jago jago ampe balik epic bayangin dri epic bintang kek epic bintang udh mana tim nya suka ngetrol gk pernah kasih menang sumpah masa layla mid lane miya mid lane terus suka nge lag padahal wifi nya lancar udh main deket wifi kan aneh ampe loading nya terus pas balik udh nurun bintang nya pokok kasih lah menang biar player ml neng jangan skin terus ama baik nge lag nge,Negatif
gamenya bagus sekali ping tiba tiba jumping sebab speed mode sangat guna stabil saking guna ping tetap stabil digit,Positif
keluar matchmaking jadi sangat sulit saat main solo saat mau keluar kan hitung belum hitung selesai match bisa keluar langsung saat tanding sering alami lag padahal jaring lancar mode speed sudah di aktif,Negatif
gamenya sangat bagus main rekomendasi donlot karna gamenya sangat ramah lingkung juga hati hati maen akhir season iya kawan kawan match matching nya ga beres tadi saya main kalah menang satu padahal rank immortal itu keren banget,Positif
makin kesini makin buruk tanding nya makin liat settingan nya sering sekali main rank kasih lawan ai mungkin di kalah tanding nya tidak real sama player sungguh sedih game,Negatif
pas in game ping langsung merah padahal pakai hp dengan waifi sama pas buka youtube lancar pantas ratingnya turun turus udah gak nama ml makin umur game makin bagus sistem ini malah makin eror mending main game aja lah,Netral
sumpah developer nya gimana sih masalah nya selalu sama reset season awal season update jaring ping nya atas terus main game sudab sejak lama udah tahun lebih main nih game masalah tetap sama selesai update season server nya down main sih kalau lobby game ping nya rata rata an telah masuk in game jaring nya langsung down ping lebih,Netral
update sering error dh gitu buka tab event balik ke lobby muncul logo loading padahal jaring bagus dong baik cepat,Netral
sering tim dark system asli parah makin kesini makin konyol lah moonton harga lah bagai player mu baik semua mulai rebut lane kecil itu lagi kalau server down sering,Netral
tolong developer kok makin sini game mobile legends makin berat hp aku udah kuat banget buat aplikasi mobile legends lite biar biar hp nya enggak mampu nih main kalau kayak gin terus lebih baik pensi soal udah kuat banget kalau ada update an yang baru makin sini makin berat satu saat enak enak main war la situ ngeframe banget moga baca biar depan lebih baik,Positif
game nya yang eror apa gimana main aneh lag terus padahal ijo gambar sinyal terus ngetik kalo lag gimana sih sudah kali kaya gin baik dong,Negatif
apa mobile legend jaring merah ngelek nge freeze tidak gerak baik jika baik saya beri bintang,Positif
game sangat cocok orang yg tinggal cepat game kandung unsur sakit jiwa karena development nya yg suka ngasih tim ga jelas dark sistem jaring buruk bug nya banyak masih banyak lain,Negatif
banyak bug bug loading sampe loading matchmaking lagi loading matchmaking stuck terus akhir afk ketika draft pick stuck detik ingame patah patah padahal sinyal device oke harap segera fix demi nyaman main saya suka aja sama ml soal,Negatif
game nyah bagus seru kenapa kasi tim nyah ga main mulu cape dah lose streak mulu mau pensi susah mau hapus kalo dah nyaman susah ni game bikin stres susah bet mau ngehapus nyah sekali di hapus nyah besok gw download,Netral
gua player solo sangat kecewa sistem matchmaking ranked kurang adil ketemu lawan duo trio squad beda tier lawan lebih tinggi dark system maaf teman random noob amatir entah player bocah yang baru mulai main sekian terima kasih moonton bintang gua turun,Netral
game nya seru banget apa kalo main bareng sama temen saran kalo main solo tim sama lawan nya kasih imbang mimin juga kalo tim gak sesuai tanding denda nya kuat mimin,Negatif
terlalu banyak update susah player player devicenya tidak dukung tolong updatenya jangan skin skin skin skin terus coba baik server keluh lag nya dulu,Netral
makin update buka tambah betul malah tambah rusak sering banget sinyal hijau delay depa harus lebih perhati kalau mau buat game,Negatif
makin lama makin rusak game masa jaring hijau kok jalan sendiri hero nya aneh nya pas milih hero ingin ganti spill nya malah lelet nya minta ampun lama ku hapus game dri hp ku dah ram nya banyak makan memori ram dah gk sanggup ngendong game dancokkkk,Negatif
gabisa benah gabisa tingkat makin kesini makin mundur gada progres sama sekali in out game ping sinyal jumping kadang pencet skill tbtb lari sendiri gabisa improve makin lama makin jelek kasih rating jelek aja guys,Negatif
pliss deeh montoon matchmaking apaaan sih kaya sengaja bangettt ngasih tim yg bot lawan jago sengaja nyempilinn bot kalau player solo nabrak partyan pas main lag harus gak kasih afk ingat inimalah kurang point kek mana laah mksdnya deh benerin lgi jgn event mulu,Negatif
saat lag main selalu aja lama tiap gera responnya lama tunggu menit menit selalu karakter diam kesal bisa itu bikin main jadi jelek kredit skor saya turun sedikit lambat masuk,Negatif
moonton lah baik game mu sering kali loh aku ngelag pas main ga pas draftpick in game padahal aku main pake wifi loh wifi ku ga kendala sama sekali satu tolong kalo sistem matchmaking nya di baik sering kali aku main solo ranked dapet tim ga imbang tim musuh jago tim sendiri malah gabisa main kalo ga menang gapapa asal tim imbang waras kalo tetep kasih bintang buat mvp kalah,Negatif
minta ya buat sistem draft solo perhati lah tiap main tim gk ngotak semua gk main nyusah selalu itu kasih solusi lah draft khusus buat solo kaum solo rasa sirih sama draft squad tim begi banget terus jaring internet sering sendat putus dadak,Netral
tiba tiba server down ga jelas ga pencet sama sekali tau tau kalah pas lobby hubung ulang ga renti renti close malah kena pinalti menit ga jelas nih games lama lama,Netral
bagi tim adil pernah imbang player solo sangat siksa selalu pasang bot player baru tim musuh selalu sepuh sudah pakar main ubah sistem maching kembali mobile legen dulu,Negatif
game nya bagus kadang waktu mau masuk welcome to mobile legends nya gak masuk aku kasih bintang coba even lanjut mlbb x plants vs zombies seru,Positif
game mabar wajib main semua orang cocok mula anak kecil hingga dewasa rekomendasi main mobile legend sangat hibur hilang stres bosan sekian terimakasih selamat main,Netral
ayo monoton udah lama main kok kasi lostrek mulu udah deviloper kikir pelit buat nonton jaring aku bagus kok malah lah padahal jaring bagus,Positif
kualitas makin buruk pas update selalu ngelag meski layar lihat hijau an bawah sistem ga adil musuh lancar pas main ngelag parah,Negatif
iya montoon kayak game mobile legend ngak kayak dulu deh punya ku kalau udah masuk mode gem malah balik awal layar kalau udah main mode reng hero mau kendali sering kena afk padahal jaring stabil telah instal ulang masih sama kami player main selalu kena afk kurang skor,Netral
kurang puas hero cincilion yg ketingalan top global malah nga ubah kecewa manah cepat habis kil nya tdak di sesuai jarak ancur semuakecewa sekali,Negatif
hebat bgt game kadang banyak event tarik yg hadiah skin bagus gratis puas dgn game walaupun terkadang tim yg kurang hebat bintang lima,Positif
lag banget mau masuk lag terus minion pertama abis baru masuk minion dua rebut hyper tank aku main sesion sekarang sesion yang paling parah kecewa,Negatif
game jelas season sekarang terlalu banyak chiter lolos kadang main awal push turret selesai gilir tinggal hero musuh sisa pas mau kill jaring eror ngelag,Negatif
diperbaikin soal gua udah download yg manajemen konten nya sampe penuh malah ngefreeze bagi lobby jadi gua paksa uninstall dulu download gamenya dan download manajemen konten,Negatif
matching sering imbang tim musuh jaring parah bgtt season belakang ngelag terus ping ga stabil merah kuning war lanning padahal wifi lancar pake data sama nyusahin bgt gimana orang orang mau nikmatin game nya update tampil masalah di dalam game nya banyak baik,Negatif
jaring server nya baik anjg ngeleg banget babi biasa tinggal relog udh masuk ulang udh x lebih gitu gitu aja suruh customer service gak bantu yg bantu sama sekali hadeh,Positif
game rusak gw main sinyal gw ms tpi gak gerak gerak sendiri banyak bug game bisa bikin stress gak recommended buat orang mudah marah,Negatif
gimana nih jaring nya buruk banget masa game lancar ml tiba tiba merah terus mana ws tiba tiba merah sampe game tadi nya ws jadi ls skin elit benerin jaring sulittt ga terima kritik ga usah bikin gamee,Negatif
bikin matching yg imbang kek maen tim kayak gak punya otak semua lebih mending bot bisa maen dapat tim aja kayak gak punya otak main kagak solo duo trio main full squad dapat musuh sulit joki minimal kasih yg bener kek tim,Netral
aku suka game tapi kadang kadang suka ngelag padahal jaring bagus kasih tim yg imbang kadang kadang ketemu tim gak main jadi tolong baik,Positif
lag makin baru makin aneh jaring lancar malah ngelag mana pas main malah ter force close masuk buka tanding malah lobi ga dimainin karna kata sedang room buka event profile atur aman aman aja,Negatif
sangat suka game bagi tim sangat adil tim musuh rank tinggi imo honor tim rupa orang dark sistem mana rank tinggi legend bahkan epic wr rendah baik karena hal bisa rusak senang main karena tanding tidak adil baik,Positif
knapa stelah update malah jadi lag padahal lobby sinyal lancar semua pas masuk pertadingan malah lag parah yg leg semua player bukan cuma sendiri gimana kami semua butuh jawab,Negatif
pliss aku lama main ml dulu sinyal gk pernah buruk padahal aku dah pake hp ram nya lumayan buat main game tapi entah sekarang tuh suka buruk sinyal ml nya padahal sinyal ku baik baik aja kayak nya server nya rusak deh baik ya harga skin nya terlalu mahal efek nya gk terlalu bagus sama game belah sekali skin puji harga langsung naik ivent layla naik kasta,Positif
sering main malah drak sistem mulu dapat tim ampas rasa mau afk buang buang waktu bintang udah turun afk salah diterusin main pasti kalah gak kompensasi mpv tambah kesal sendiri kalau main sekal pernah kasar kena mute chat baik sering main masa sering tanin sama anomali saran bagi main biar naik cepat kalau main sendiri mending main tiga hari sekali loginnya biar gak jadi yang pilih monton,Negatif
ntah banyak player sekarang ngalamin masalah draft pick pas dah semua ngepick tinggal racik emblem item dah ngelag parah ganti emblem atau spell susah malah kadang gak ganti siapa tuju ini baru naik season servernya down gimana nih segera fix,Negatif
asalammualaikum devoloper lapor jadi aku alami main gem padahal wifi ku kuat cuman pasmainn gem saat war gemya malah ngelek parah di baik devoloper dah cuma terimakasih,Positif
game jelek lag nya makin hari makin parah bayak drag sistem main sering keluar sendiri apa mode baru nya kayak kintil coba buat jangan lag kurang kan drag sistem nya lag nya aneh masa sinyal nya hijau lag apa kalo main solo beh susah nya mintak ampun user roam tank di buf ya,Negatif
game sampah banyak bug gak baik system matchmaking kacau player hama semua banyak ras,Netral
baik masalah imbang imbang lawan masalah lag padahal sinyal bagus yg suka beri hukum serrver nya eror apa bodoh gk tinjau apa yg langgar gk ubah sama sekali hero hero baru game makin rusak,Positif
kenapa dah akhir pas selesai draft suka ngelag patah in game jaring bagus jadi bikin susah buat ganti emblem spell skin lah baik,Positif
nah belum banyak main dark sistem sekarang tiap main rank jaring stabil sinyal data wi fi bagus full g mana nii jelek kali mobile legend sekarang apa kalian kewalahan banyak main yg jago kalian buat ganggu d sistem ntah sinyal dapat tim dark sistem game honor g gitu jelek sekarang,Negatif
jaring sering lag ada bug season telah update gamenya rusak gak apa login hanya di tampil latar gk rank ke profil lain,Negatif
gamenya bagus juga seru buat rame atau sendiri plis buat moonton matchmaking buat solo duo trio plislah kasih lawan yg imbang rank glory pernah nabrak imo sedang tim malah dapet honor sama romawi plis lah moonton kasih lawan kawan yg imbang jangan asal pilih solo tim malah gak kuat lawan saat saya party lawan malah atas semua jadi buat moonton plis lahh perhatiin waktu matchmaking,Netral
toloang lah moonton game nya baik baru season baru jaring kok nge bug sih cape gua moonton gua cuma mau main ml doang jaring nge bug mulu tadi mobile legend lama lama kayak game an j beneran dah moonton,Negatif
gamenya baguss cma klo pas draft pick aga nge lag tapi pas tanding aga lancar si kadang kaya geter sendiri hpku tpi bagus koo aku suka sama eventnya banya hero yg gratis trus sama hadiah yg banya tpi kalo eventnya jangan bawa ampe tanding soal aku main selalu lagg parahh sampe turet sendiri loh tapi gapapa karna cuma game kann kalo banyakin skin hero gratis minn kakaa,Netral
semenjak update internet nya jadi gak stabil loading tanding stuck isi tulis internet putus padahal belum aman aman tolong baik segera bukan saja alam,Netral
game bagus suka mode offline onlen maaf gak mode offline ada mode hart jadi biar ngerasain kaya main rank gitu jadi mohon tambahin adain gitu mode berawl offline jadi enak gitu main macam macam mode mohon tambahin monton bisa gak jangan suka biasa tiap bintang pul semua satu bintang ke rank lanjut biasa terus ahhhh males dan kenapa di rank epic selalu tim deraksistem nyusahin tau selebihny bagus,Positif
game bikin emosi benernya nya baik baik aja gw main game dri dlu tpi ad masalah ga jelas gw main tiba tiba ngelag gajelas padahal internet paket lancar suka nge crash sendiri tpi klo gw gatau mungkin hp gw sendiri ato gimana pas loading masuk ml padahal udh ad tampil nya malah crash bahkan orang orang sama tolong baik developer ini menganggu sekali saya crash nya gw sangat mohon utk baik cepat,Positif
monton sekarang sensitif baru tinggal beberapa lama pas udah beres game malah afk buat monton baik lagih mlnya karnakan gak tau yang lagih kerja main terus banyak beli posisi lagih main terus udah malah si cap afk sungguh realistis,Negatif
benar jauh normal aja biasa paling stuck sebentar habis selesai draft itu oke lah mungkin hpku simpan penuh tiba tiba minggu belakang ml stuck ga di apa apain habis match kembali keloby kirain lag telah relog tetap setuck mohon konfirmasi moonton gimana tidak main kalo gin terus mohon tanggap kalo hubung,Negatif
terimakasih moonton karena tidak perlu kebun binatang temu binatang binatang sana cukup main game saya sering temu binatang binatang tingkat moga suatu bisa solo vs squad,Negatif
kalo main solo selalu kasih tim gak ngimbangin game play pada egois dan terkadang dapet tim main duo rank nya beda jauh saya moonton bikin sistem rank kalo main solo selisih rank jangan lebih bintang,Netral
developer baik lag nya update akhir kalo udah ban pas udah mau pake hero kadang lag baik bisa di mainin punya kapasitas sedang rolong,Netral
kesal lag terus buka aplikasi apalagi pas main padahal buka aplikasi game berat lain sinyal lancar telah tanding anggap afk padahal aplikasi sebut sebab bukan ingin tinggal tanding,Negatif
geme hina sekali selver ga bnr bagi tim asal geme gajelas benerin dong selver nya udah pake wifi aja leg parah bagi tim beda banget ga adil gua mythic biasa ketemu musuh mythic imortal sangat ga adil tim gua pangkat nya legend sampe lebih rendah geme kasih bintang tetep ga patut nih geme update muluk selver ga benerin leg parah banget pake wifi kouta sama aja leg nya padahal bgs sinyal gua developer nya ngapain aja coba,Netral
permainanya seru yang bikin marah kan dowlott nya baru des update nya des knpa pas mau login kemaren kata update dulu padahal kan pas download ituu baik,Netral
game nya udh oke segi apa keren ada masalah akhir draft pick kalo mau tuker hero sama player itu ribet bahkan hero harus xp jadi pake retri asasin sus jungle malah pake spel,Positif
stelah updet jaring gk stabil waktu main tiba sinyal ngelek parah skitar dtik sinyal yang hilang koneksi data hilang dtik trus muncul,Negatif
mohon baik bug sinyal hijau kok jalan g stabil kalo ngasih tim yg bener min rank ku naik turun gara musuh g adil kalo musuh adil mohon dibenerin min g cuma update skin doang kenapa musuh indo mulu dh update ap gimana admin ml benerin gakkkkk gemes aku,Netral
kasi tim sama musuh tu imbang baik bug nya jauh udah bagus tadi machmacing nya ga adil lawan lebih kompak tim sendiri banyak nge trol hadeh bahkan main beberapa jam ga naik satu bintang moonton sekarang rusak ya dapet tim nge trol terus hadehh lama lama ga asik ml nya kalau gin terus niat mau refreshing main ml eh malah jadi stres kalah mulu suka lag ga jelas padahal sinyal bagus,Netral
surat buka aja buat developer mohon banget apresiasi usaha player kadang kalah bukan skill yang kurang karena cara main tim yang jelek yang udah maksimal mungkin main bagus sesuai performa tim yang jelek akibat semua orang kena imbas nya mohon banget ubah cara apresiasi kan nya bukan beri mvp kalah turun bintang mohon beri bintang mvp kalah,Negatif
game gk padahal kata main pakek paket gaming asal mau mulai mact selalu gk pasti selalu muncul kata sinyal eror asal main selalu lag padahal sinyal bagus abang aja yg main ml jugak gk lag udah tau aku kalok gara gara cheat lama lama biar hapus permanen playstor aja game malas aku main kalok kasi bintang lebih bagus update bukan makin bagus malah makin ngebug mending main po pada game ful bag,Negatif
comeback saya kira udh bener eh malah ancur masak iya lostreak kali mana kata kalah kali bakal win please benerin sistem match making game belah aja kalah asal mvp naik bintang kalau teamnya dark sistem lah sini malah parah maaf kalau gamenya mau rame kayak belah gak stuck asean aja lebih perhati matchmaking gamenya belah lebih waras sistemnnya,Negatif
pihak moonton mohon akun tidak di loginkan login muncul notifikasi pemberitahuan offline situ tera pilih saya klik abai keluar akan keluar game lalu saya pencet login lalu login ulang tetap muncul notifikasi pemberitahuan offline ada apa akun saya,Positif
gatau beberapa bulan ngeframe parah pas draf pas loading tanding tiba tiba putus sinyal padahal peyimpanan banyak game game lancar hok roblox lancar lancar aja lebih perhati minimal kasih solusi kek udah sistem busuk masa masalah juga ga selesai,Negatif
hero banyak power hero ga imbang yang op parah yang ga sudah mode pilih line match semua hero pakai semua line masih banyak dark system,Netral
auto hapus aja gak si game nya pas mau masuk tanding sukak lama nya tinggal minion baru masuk pas udah game play sama nge lag padahal jaring kondisi bagus parah si ni kemarin ada baik,Positif
game nya seru sih tolong dong kalo mau pasang album profil nya jangan keluar sendiri terus login ulang gitu kalo player pake vpn tolong langsung ban dong bikin ngelag ngelag kalo main,Negatif
bug match loading fix ngestuck loading lama banget padahal jaring lancar tiap main stuck persen lama baru masuk ga masalah jaring game lu ngebug,Negatif
sinyal sering merah padahal kalo scroll tiktok main game sangat lancar sangat masuk akal ketika main selesai dapat lindung sinyal buruk,Negatif
game makin lama makin gak benar contoh rank mythic banyak player gak jelas harus hero sesuai role role makrksman malah pake fighter jadi monton mohon benerin deh gamenya lebih main tidak ikut atur prosedur main beri hukum di stop lama minggu jadi biar player langgar atur jerah dari coba kasih tim yg imbang jadi player semangat kalaupun kalah gak nyesel,Netral
jadi males banget main ml sering stuck loading screen pas mau mulai tanding suka macet padahal jaring bagus baru responded detik sampe kira afk buat level nya jadi tinggal level sama tim sendiri maupun tim musuh fps suka tiba tiba down meski jaring bagus awal jadi update muncul hero baru zetian ira hanya bug biasa akan hilang monton next update hilang itu buat saya malas main,Positif
game bagus nya report aja soal bikin orang stres gila update update cuma buat event doang ga untuk baik tingkat kualitas matchmaking ny jadi lama cuma ngehabisin kuota doang buat event ga jelas matchmaking ga adil biar saja,Positif
gamenya udah bagus sitem nya yang bikin player kesel emosi udah kalah x terus kasih menang sekali sampe kalah kali kali x mvp ga protecsinya hadehhhhh,Positif
makasih abis ls cuma kasih win trus lose sampe putus mabar sama rank yg lebih rendah kasih tim sesuai rank temen gilir musuh sesuai rank gw yg lebih tinggi sinyal bagus in game nya ping merah coba kasih matchmaking yg jelas dikit tiap main ketemu tim oon gilir musuh jago gw cuma megang roam yg notabene butuh backup game rusak,Negatif
sih moonton baik aku main dah lama bgt dri season baru season aja sering bgt ngelag pernah main party mlh ngefrezz relog gilir dah ingame dah end bikin emosi jiwa ken main game buat ilangin stress ko mlah bikn stress jgan mau user topup diamond doang ga pernah dger luah user,Negatif
sistem matching ga jelas masa gw ketemu partyan mulu buat main solo kaya gw susah naik bintang party lima ketemu main solo terus team solo dark system semua tolong lah montoon baik,Negatif
main nya mulai sepi soal sering ketemu ai bot jago banget udah gitu tim lawan guna hero sangat template itu tidak variasi tim ku kata janggal semua rank grandmaster mungkin makin minus lama beberapa dekade mungkin saat henti segera mungkin,Netral
game nya seru match seru minus nya hero suka ku nerf terus jadi sedikit males ganti hero dan nguasain hero buildnya grafik kurang bagus terus tambahin rank atas nya mythical immortal,Positif
moonton game update sekarang kok ngeleg banget padahal sudah mengahapus aplikasi lai lo wifi udah bagus sinyal emang gara gara apa dong moonton di baik dulu ngeleg banget terima kasih,Positif
moonton kasih lawan imbang main solo rank banyak orang pick hero sembarang jadi rank bintang jadi turun drastis gara gara musuh yang terlalu berat tim saya yang terlalu ego,Netral
game nya mudah mudah mudah ga stress darah tinggi nih game tambah dosa player nya ramah saking ramah nya pgn tak tonjok kadang suka lag padahal wifi lancar,Netral
gimana yah akhir akhir selalu match making nya gak kaya musuh nya selalu atas dan tim rata rata kurang main lah moonton baik tolong,Netral
ga pihak solo player lose treak terus moga bangkrut baik match making nya sering lag sendiri padahal sinyal oke lah waktu match making harus hero sesuai role nya jangan roam pick hero mm,Positif
moonton lu ga sebenernya bikin server gw main game lu ngeleg ngeleg mul bukan masalah jaring gw main game lancar aja bukan masalah hp hp gw spek kencang benerin dulu lah server lu kesel banget gw collab aja terus server ga urus,Netral
sumpah bikin muak game nya habis season makin gajelas apa masa tim baru main musuh alumni semua apa coba kalau kasih musuh tu serasi sama lah bukan tiim poke semua musuh pro semua aduh lama bikin muak game,Positif
sangat sayang udah main terus usaha gendong sayang banget beda tim dan musuh sayang jauh beda rank tim rendah musuh sangat tinggi terus terus ini mvp tim kalah season sekarang pensiuin main ml mect nya makin parah malah makin imbang wr sampe hancur sekian pamit pensi jujur udah kena mental main jam untuk kalah,Netral
match making imbang alami lebih kali temu teman tim yg jauh bawah bahkan lawan saya sudah lapor tindak yang rugi tim respon bahkan beberapa tidak dapat hukum,Netral
game sangat buruk knapa kata masuk dalam gamenya sangat lama udh lama masuk stuck aj gilir masuk udh gk di control stelah nnti dikatain afk macam developer ya baik game tahun tahun main game baru kali ngerasain gamenya udh mulai aneh kecewa,Negatif
game settingan klo udh ws aja langsung kasih team yg dark system afk lah role ngak sesuai lah dr kemarin gw heran fungsi pick role awal guna apa saran mvp kalah harus ttp bintang ngak hilang donk biar untung kt jd bs lebih semangat buat mvp main serius walapun kalah jd ngak sia udh main serius tp ttp turun bintang karna team yg kasih blunder lah kasih tanding nya yg adil jgn cuma yg akun sultan aja yg sial,Netral
akun dapat kuota error sistem algoritma matchmaking selalu dapat rekan tim bot sangat rugi mohon lebih adil buat algoritma sistem matchmaking tidak akun dapat kuota negatif rugi player tiap akun sudahdi atur sistem matchmaking kapan menang kapan kalah kapan dapat rekan tim sungguh kapan rekan tim bot,Negatif
mobile legends makin sini malah bikin kesal jaring sering banget ngelag padahal internet lancar matchmaking nya adil kadang lawan jauh lebih kuat lagi kalau game nya error yang malah kena minus deh moonton baik server sistem biar main nggak rugi terus,Negatif
grafik bagus game nya bagus sayang sering alami bug draft pick saat main saya sangat ganggu saat akan war rebut turtle lord maupun war jadi baik bugnya ah tolong udah fitur pilih role sesuai bisa tetep aja yg ngetroll sumpah aing teh cape,Positif
lama lama update nya ga jelas moonton player hp nya kurang bagus jadi susah maen ml nya update baru season baru bukan nya baik bug nya malah makin rusak nya cuman draft detik akhir doang nge lag sekarang panjang game nge lag hp kurang bagus jadi susah maen nya tadi gw maen cl terus rank gw panjang game lag ga gerak orang ga nge lag tim musuh gw tanya chat all hp apa pake ip padahal hp gw pocom moonton baik,Negatif
please developer alami macthing imbang saya main solo ketemu tim party musuh party jadi baik player frustasi gara gara matching imbang kalau player main solo kasih tim yg solo masuk musuh main adil kalau misal di fix saya nilai bintang lima kalau saya lebih baik pindah hok,Positif
moonton benerin gamernya dong digame sinyal hijau aku malah ngelag yang musuh nggak justru malah ingat afk padahal sinyal hijau kok malah ga gerak itu aku war plisss lah moonton baik awal gak gin kok aku suka game nya kalo kyk gin kan malah nganggu yang main apalagi kale main rank susah menanginnya terus malah,Negatif
gamenya tarik bagus cuman suka banget lot gara masalah jaring wifi padahal situ internet ku udah bagus banget perangkat dukung tetep aja ngelag trus sama tim pas mau mulai tanding sering banget dapet darksistem jadi ga mood main event nya banyak trus tarik cuman gaseru aja kalau tim ini,Netral
asikk mlbb skrg fitur rekam layar sangat bantu handphone ga fitur rekam layar makasih tp skrg kadang kadang suka lag patah patah nge freme di baik,Positif
alam main sangat buruk selalu pasang tim tidak tahu cara main counter mengcounter rank aaya turun drastris moonton baik sistem pasang tim solo pasang tim bisa tau counter item hero draft pick,Netral
tim ga imbang mekanik tim aneh mulu kasih sinyal jelek mulu bikin game makin susah sama ngeselin banget kalah mulu bikin stres banget tambah kalo pake pulsa tiba tiba suruh hubung apa hubung sinyal sama pulsa sinyal buruk game ngeleg mulu,Negatif
moonton lgi gimana tadi lagi main trus alami lag sekarang trus coba login ulang ga login tulis muat game trus notif jaring stabil padahal temen gua pake wifi gua di baik,Negatif
bagai player solo mohon pihak mobile legend orang losetreak kasih menang lah minimal orang jangan anomali semua roam lance hyper yuzong kadang mm nya bener kadang kagak paling sering mm nya benar gak tau posisi offside terus sama kayak mm exp tapi kadang suka nyalahin bagai roam padahal exp sendiri ken adu mekanik mulu sama exp lawan untuk pihak mobile legend kasih lah tim jago bkn yg anomali,Netral
gw kasih bintang biar baca montoon lah kasih tim waras matchmaking adil sesuai rank mampu jangan lah kasih tim jelek terus udh se minggu gw lostreak legend sampe epic satu lagi saat jalan nya tanding seringkali lag padahal jaring bagus,Negatif
aku sukaak bgtt tpi minus nyaa game nya suka ngelag padahal sinyal full tpi it s okay aku ttp suka sama game nyaa hibur aku gitu jdi kalo aku bosen aku mainin ini,Positif
game sampah kalau kalian main solo sendiri makin kesini ada sistem buat kalian main bot musuh propler kata main sportif bukti se tim player egois kalau se tim player ego musuh ego begitu balik jangan rat salah satu pihak,Netral
aku game moba mobile baik padahal paling bobrok buat hero collab anime tidak niat skill buat mirip mungkin karakter animenya tidak pikir ability power hero sebut terlalu op akan sengaja nanti skinnya laku lol typical game yg pikir uang pada nyaman player bagi role game tidak matang malah dampak nyaman player selalu tim ampas tidak hebat buah role,Positif
wata hahahaha lucu moonton beri alam paling buruk tim sama dark sistem tidak habis mactmaking tidak imbang musuh makin naik makin jago tim nihil moonton terimakasih kasih moonton alam paling buruk game buat gila,Negatif
waktu main tahun beda akun aku main waktu grafik jelek sekarang saya makin bagus kembang lebih banyak hero lain game paling seru di mainin,Netral
moonton tolong hapus bug download data ml jadi gin waktu kemarin ml update kan download sedikit data download nya dari nah pas ga napa pas draft pick pas download data nya udah pas draft pick pas hitung mundur mau masuk lane of dawn layar jadi henti sendiri ga ganti skin emblem sama build padahal hp ram nya ga penuh loh kenapa tetap kaya gitu kira cuman tolong baik segera udah muak,Netral
jaring sering jelek padahal wifi nya lancar sering lose streak sampe wr ku turun mohon baik jaring nya gara gara jaring nya jelek jadi losetreak jdi males main padahal wifiku normal normal aja trus nyoba pake data jelek,Negatif
game rusak banyak bug sistem gelap banyak cheatter game guna hapus dari playstore in game lawan nya selalu imbang gw main di mythic tim legend semua sedang kan tim musuh glory selalu yang pake rw room wanggi mending hapus dari playstore,Negatif
kasih bintang makin kemari gameplay makin buruk ngerank bukan nyari menang malah nyari kalah x entah apa ada pikir moonton harus ngecheat raih menang tim musuh lebih kuat rapih tim sendiri orang ga bisa main kasih tim mau nya apa sih moonton lah,Negatif
aku suka banget main ml dong jaring nya tiba tiba suka buruk padahal wifi lancar data lancar kenapa pas di tanding suka lag ga kunjung baik lag akhir tanding bikin kesel atur buat menang jadi kalah gara gara suka lag tiba tiba tolong di baik jaring nya and kasih team imbang aku suka nabrak abng abng an padahal legend,Positif
aplikasi nya sekarang ubah mmr ngga nyakit mengapa aku kalah terus kapan aku naik rank kuota sinyal bagus tanding lag stun lambat ngga pencet di masak gitu lagg aku mohon bang moonton segera baik aplikasi mobile legends nya ki o x bukan mvp kalah malah dapet nya pedang aku udah kalah hampir x lebih gimana,Netral
lagi dalam tanding ko sinyal nya hilang lama tanding udah tengah jam gimana ini gimana gak main in game nya apa mau bangkrut monton nya,Negatif
game rusak pernah tanggap player masalah main kasi tim gak jelas mulu bilang nya mau buat lingkung baik mana bukti nya jangan omong tapi bukti buat lingkung lebih baik apa kalo sistem gak becus pada buat skin banyak banyak lebih baik baik sistem nya,Positif
gimana dev kok mau login aja stak loading screen mulu bar kuning nya gak full kocak padahal gak pake script atau modifikasi game tentu hadeh di fix moonton,Netral
jauh gamenya tetap stabil tolong dong muntun baik sistem matchmakingnya tabrak mulu ama duo trio orang padahal hanya main solo,Netral
dear buat developer ml akun hilang sejak tanggal desember mau pulih akun tetapi ada bukti top up pertama bukti top up pertama hilang lama sekali kini sudah ganti hp binggung bagaimana cara pulih akun sebut tolonggg sekali buat dev ml bagaimana saya bisa pulih akun sebut,Netral
kalo soal matchmaking sama imbang tim gw lebih milih game belah tiap main sini selalu satu sama player skil rendah tim musuh sangat kuat udh ngirim banyak ulas ttp gada kembang,Netral
nge bug banget update reset season like bro biasa nya ga gin kok malah gin sih moonton baik plis soal ny awal season biasa ny langsung nge push rank tpi kalo kondisi ny gin yah ga dong ping ny tiba merah di atas biasa ny ad ak udh normal enak lah padahal wifi kuat hp jg ga kentang sama penuh memori tpi kok game ny nge lag parah plis lah baik cepat,Negatif
banyak bug masa wifi normal ga main padahal udah mau menang eh malah keluar moonton baik dulu ni game udah rusak kali tiap main sering telat jadi kalah level sama musuh,Negatif
sudah mauk kasih tim gak imbang tim jauh lebih buruk pada tim lawan tim jauh lebih buruk pada tolong depan nya imbang tanding nya selalu dapet tim gak main sesuai role dia pilih,Negatif
lumayan kalo masalah jaring selalu nge bug padahal sinyal nya udah hijau masih leg lama nungguinnya kalo keluar sendiri kalo masuk lama di baik moonton,Netral
game sampah banyak bug sejak update kali main tiba tiba layar eror bisa sentuh untuk teman teman baik usa download game game dapat rusak waktu teman teman dan pikir teman teman game ini usak generrasi,Negatif
ayo moonton baik servernya abis update lag parah padahal lobby sama onmic ga lag sekali main malah lag tolong moonton gimana cara main kalo ngelag mabar lima kirain cuman diri sendiri lag nyata tim sama musuh lag semua kerjasamanya moonton makas,Negatif
kenapa mau mode apa pas udah selesai milih hero waktu siap selalu ngelag padahal pas udah mulai main lancar banget ngga yang nama ngelag waktu war lancar grafik udah ultra dapet tim ngga jelas mulu capek,Negatif
dok dev tiap update periksa dulu servernya normal masalah jangan langsung gas aja bagai player sering lag parah main mulai,Negatif
tiap main selalu ping stabil padahal udah g wifi aja bisa stabil kalo loading skrin selalu paling lama masuk menit an jadi lah om monnton,Negatif
season sekarang season paling ampas gak jelas gw udh hari hari stuck lengend v gimana gw mau glory lengend udh mau gila tim gak ngerti maennya terus asal pick musuh ngerti pick game ga ubah minimal mah kalo huni lengendnya tuh bedain jangan ketemu sama orang bukan huni lengend game oon,Negatif
semenjak baru ui baru mlbb asa sangat berat latency tombol jadi slow respon delay main game jadi optimal bahkan lag hero jalan terus lurus mati wilayah musuh seperti belum lag hero henti tempat kemudian draft pick ubah talent emblem build sangat lag peduli internetnya lancar tidak tetap lag saat padahal internetnya lancar hp speknya mumpuni poco m pro,Negatif
lama lama game tambah berat mau main selalu ngeleg mau classic rank brawl sama aja kalau mau player tetap main game di benar dong udahlah ngeleg naik rank susah game macam apa,Netral
beri rating poin bukann game bagus tapi banyak sekali kurang utama sistem bagi team main terlalu sering alami sistem matching tidak imbang di mana musuh jauh lebih unggul ketimbang team sendiri terkadang hal basic tidak erti jujur sangat rugi dann menganggu nyaman main jadi pikir lebih apabila unduh game,Positif
bintang game buruk game beri nyaman main game support joki akun game hukum main sengaja main buruk feed tidak dapat buat main sengaja feed jera kurang rasa nyaman game fitur dapat game lapor banding hanya laku main kata kasar afk tidak ada hukum main sengaja laku feeder sengaja main buruk,Negatif
singkat padat dark sistem kalo toon biar gak byk dark sistem gaada bocill akun verifikasi ktp dlu soal banyak bocil pake hp mak bapak rata hp nya begitu ngelag nah akhir kesal banting lah hp nya gimana nama bocil,Negatif
partyan gw full honor mawi glory nabrak partyan full immo global semua gimana dah partyan gw gada yg ex immo nabrak immo gj game gw udh lose streak kasi tim dongo bintang itu aja mas lindung bintang musuh full glory tim gw nyasar legend biji hadehh tambah jaring ijo ping stabil tiba tiba ga gerak tiba tiba mati turet tiba tiba gerak sendiri musuh terus war tiba tiba gabisa digerakin jaring ijo ping stabil aja kek gitu,Negatif
game suka lag rusak game masa ping tiba tiba langsung merah gua kira gara wifi gua trus gua coba ganti pake kouta sama aja ngeleg game rusak ga usah mainin udh manna banyak bug,Negatif
semenjak update event match sedang langsung awal game akhir ping stabil cek sana sini alhasil nihil padahal lobby ga lag sedikit main game pun padahal lancar no lag,Negatif
ml emang makin berat loading pas mau masuk lama banget kadang detik an baru masuk bug analog ganggu banget kadang gerak sendiri kadang ga digerakin lobby sering lag loading pas mau masuk game nya ngestak logo terus,Negatif
game nya bagus ada masalah buat aku jadi kalah aku mau ngebasic attack ku musuh malah monster kan laen aku benar kasih bintang aku kasih bintang lima ulas di paling atas biar devoloper lihat,Positif
jaring oke wi fi lancar team fight tiba lag gua main solo rank mytik selalu ketemu trio yg gua ga terima masa epic udah lh bodoh main reset season gua main solo selalu ketemu duo trio otomatis lawan nya sama mangkin ancur ni game,Netral
masa abis update season malah main rank semua lag parah padahal sinyal internet bagus buat lain bukan cuma gua seluruh tim baik tim kawan sama lawan lag semua apa makin lama makin gak becus nih game,Netral
apa banyak bug gajelas padahal hp gua storage byk spek nya jg bgs hp adek gua yg udah burik aja ga bug kek gitu bug nya tuh kaya game nya ga work ga respond masuk lobby gabisa undang jg gbs inti gbs ngapa ngapain gua udah coba uninstall trs download lg lebih kali jg tetep gitu gitu aja gaada maju ni game kirain bakal lag bug pas awal season doang tau sampe skrg jg masih bug ngeselin benerin nih game lo pas match suka ngefreeze sndri,Negatif
game gak seru nya sumpah allah jangan download game percaya ama gw nyesel lo soal gak adil matchmaking nya musuh nya udah imo tim malah epic,Netral
moonton baik servernya saat war hero bisa gerak delay padahal hp ram jaring bagus kondisi yg itu mau ga mau afk itu rugi karena report turun bintang sangat moonton dengan nada lembut,Positif
kenapa pas sesuai seta draf pick detik akhir frame drop mau atur emblem susah pas in game lancar aja hp juga support jadi udah bulan biarin aja kira mungkin bug kenapa hari masih sama aja,Negatif
beberapa tidak imbang dalam game salah satu telah reset season akun capai rank immortal bahkan sudah lebih namun reset season malah pasang team memang pangkat tinggi saja epic legend bahkan mhytic biasa alhasil mampu team jadi timpang tambah lawan saya hadap mampu sama dengan saya untuk kecil ini baik,Netral
game apa tololong lah baik masak gua main solo temu nya main party kalau trio sma kasi tim yng bot tiap menang satu kali langsung lostreak x lah benerin gua aja mas epic malh ketemu musuh legend di baik ini,Positif
game seru ada banyak player ngetrol player trol ada orang yg sakit jiwa stres lai itu sebab kan game ok jadi lah beri teman rendem gk ngetrol kalo main rank jangan nemuin player jago temu lah player tara rank nya di bawah epick,Netral
halo development kenapa telah season main suka delay padahal jaring bagus ram gede dong diperbaikin biasa lancar lancar aja,Positif
banyak dark sistem jir klah mulu cocok main yg tres main yg sangat rugi tanding beri hukum yg timpal dari sisi gem ok bagus moga terus kembang terimakasih buat dark sistem kasih langgar yg berat untuk yg player solo renk jangan kasih yg yg ngetrol monton kasih team jago etdah gem sebab tres ah tolong kasih team yg jago monton ayo muntun kasih menang ngapa gemtolol,Netral
masalah jaringam game harus baik masa ping bagus ms lag skil keluar delay padahal buat buka apk lain lancar aja sinyal wifi nya baik dulu jaring gamenya biar player gak kecewa,Positif
padahal jaring bagus lancar malah lag lag an terus saat masuk dalam game malah ngak masuk malah ngestak dalam room main bikin males aja main game tolong baik ini game makin hari makin ngak bagus aja,Netral
game kaga jelas matching nya kaga jelas kaga pernah adil sama sekali gua user solo kecewa berat sering kali dpt tim high rank nya masih rendah musuh high rank nya tinggi lu gak ush bilang kalo lu nyiptain main adil liat apa lu malah ttp biarin aja kaya gin mikir,Negatif
tambah tahun bukan tambah bagus mlah tambah hancur loading lama bnyak ngelag skin gtatis banyak tpi dalem game yg utama cepat kontrol dulu enak sekarang kbayakan lag sama loading waktu mau maen lama anjr,Negatif
game bocah tk bayak bocah tk game tidak hilang stres timbul stres meski rank tinggi glory imortal banyak tidak main main solo saya suruh ngegendong hewan rank tinggi banyak bug game makin rame malah makin cacat,Negatif
bagus si bagus cuma kalau awal season dong jangan riset download data nya sini dah cape cape buat download satu satu eh season baru malah riset semua download data nya cape download kayak gitu satu satu mana semua hero nya suruh download data,Positif
kalo mau ngasih tim yg niat jangan yg gak main gua udah reng tinggi aja kasih tim yg gak main kalo mau kasih tim yg gak main kasih musuh yg gak main ini gem uji sabar batin siksa,Netral
segera baik bug lag saat fase draf pick juga saat loding screen karna bug saya jadi spawn tepat waktu dapat hambat progres early game,Negatif
game taik ktemu tim kek bot smua jaring suka lag pdahal hp bagus sinyak kalo main game pdahal jaring bagus aja game sampah,Positif
game lama lama ga jelas sinyal penuh ijo sma gw gabungin jaring internet sama wifi ttep aja nge lag ga jelas malah muncul tulis hubung trus aneh bnget lama lama push rank malah ngelag baeee game ga jelas,Negatif
game jelek engga rekomendasi buat main awal season kasih win lose mulu sengajain sistem inti game ga bagus buat sehat buang aja sampah game,Netral
sistem matchmaking nya kacau tim jelek musuh bagus bisa kata kata saya lose streak banyak kali kenapa pernah satu kali dapat tim waras lah baik sistem matchmaking nya saya lelah lose streak game rusak,Negatif
game nya baik sering ngebag ngebag padahal jaring nya penuh performa hp ku tinggi masalah apa ini aku kasih bintang baik montoon baik hati,Positif
sih monton sekrang dikit dikit ngeleg ga jelas padahal sinyal wifi nya lancar sering banget ngeleg di baik server nya,Netral
gamee rusak kali patch baru season selaku bikin jaring jelek padahal jaring kencang kenapa sampai bikin lag kita mau push aja rank aja susah masalah bukan saya tapi orang juga ngaruh,Negatif
mohon pihak moonton baik sistem matchmaking sistem matchmaking maksud oleh tim imbang main solo ranked saran untuk temu sesuai data statistik main baik tim musuh maupun tim sendiri tidak kecewa player main solo ranked bayang main jam sore hingga siang tidak dapat oleh bintang justru bintang turun bintang kasih saya ws capek ls mulu,Positif
lah matcmaking player solo buat fer udah nama game indo malah buat kayak gin developer nya apa sih moonton masak yg ketemu sama party an lawan solo kalau duo ketemu trio kalau solo sama solo kayak gitu kalau player yg udah lose strike beri mudah game lanjut masak lose strike lanjut kali waktu beda apa sih moonton kalau gak segera baik yakin lah paling lama tahun ini game,Netral
game bagus senang senang minus nya tim nya bener bener gak imbang sama menang selalu main tim warrior bodoh bener bener gak main kita rugi dapat tingkat bawah coklat inti game gajelas udh mana jadi badan tim kayak roam malah kill banyak bgt emg game sampah,Netral
oi monton benerin server lu su gw mau main rank gw main sinyal bagus nge lag ato jalan sendiri susah kan user android ip aja su game jelek,Negatif
di tindak lanjut monton ngerank selalu sinyal bagi server sering lag dong bikin nyaman main jangan untuk live streaming di spesial para kami global butuh perhati khusus jangan pilih kasih tiap main selalu lag padahal main sinyal bagus pakai wifi,Negatif
moonton game udah bagus masalah sinyal sama tim tolong baik sangat ganggu karna pas sedang war tiba tiba jaring langsung merah pas mati baru sinyal baik alam bukan sakal tiap kali main baik reng cl brwl pas main tim selalu dark sistem lawan gg semua imbang lah sekali buat monton lah baik atur tim imbang sama tidak dan yang penting jaring nya monton,Positif
asli nya bintang lima cuman moonton benerin dulu bug nya masa sinyal hijau gak gerak gua kira hp gua kentang bukti freefire lancar trus ama game lancar coba benerin dulu apa salah season tumben banyak lag jadi males main monton,Negatif
game sampah dikit seoson dikit banyak bug monton kan gk wajar sulit player main mana update nya trus terus hp ram bawah rata leg parah hp bagus bug sistem ap coba gak ngotak game ngasilkan uang kan rugi mental lain,Negatif
matmaking monton mlbb burik gak sesuai apk rugi top up sering bug jaring stabill jaring kuat malah ngeleg apk smkin depan makin bosan kalah manang klh mnang bgtu teruss gimana mau naik,Negatif
makin sini game makin berat banyak bug sma legg ping nggk stabil tes jaring ngebug parah device ram gde jump ping game idiot,Negatif
game anj pas gw war malah nge lag momen nya selalu ga pas entah tiba hilang sinyal relog biasa jaring ga stabil sering kena comeback gara,Negatif
pihak monton dong pas waktu bulan ramadhan adain event hp soal event sangat tarik seluruh player mobile legends,Negatif
sortir player yg otak nya kaya hewan juang solo kadang si rasa beban alur gameplay jadi gk jelas abis nonton pro player niat mw coba terap apa yg simak tpi pas in game malah kek binatang gua tau game gak selalu menang kalo kalah gara banyak org trol sama aja lgi langsung ban aj org yg maen ga sesuai role ujung nya malah ngefeed ya devp nya,Netral
game nya bagus banyak bug nya waktu draft pick ngelag patah patah padahal jaring nya bagus terus waktu selesai draft pick kan masuk tanding waktu masuk tanding nya malah mulu gak naik naik naik jadi nya waktu udah menit lebih jadi kalah gold terus kira afk di baik plisssss,Negatif
kalo ngasih tim padan sama musuh apa susah moonton gw begadang ngepush tiap hari ngestuck mulu udah gendong gendong parah tim anomali kasih padan sih capek tiap hari begadang ngepush mulu dapet tim warga asli mulu heran sama benerin sistem sinyal wifi lancar biasa waktu war tiba tiba merah hp kuat,Negatif
berat tim yg monton kasi karna isi nya dark sistem semua jadi di baik gara gara tim jadi lostreak kali kali jdi lh monton kasih saya tim yg lebih guna yg kerja sama,Positif
klo ksih benar musuh klo ak banyak kalah nya minimal d ksih banyak jg menang nya login kalah terus tim noob terus bintang yg turun jadi turun terus ubahin sistem mu bintang akan jadi paham,Netral
semenjak update sinyal jadi sering jump pake wifi pake tsel jg sama sistem skrng jg ga untung buat duo trio solo pusing match making,Negatif
moonton mau request gak fitur transfer data nya update jadi hp bas android transfer data soal mau transfer data gak bisa jadi ya moonton,Netral
gamenya udah bagus cuman main menit main full lalu sholat afk game lama kurang lebih menit lalu main tanding selesai alangkah kejut saat dapat afk tanding sebut moonton kasih alas afk dulu gamenya lebih baik saya harap ulas saya dapat baca pihak moonton terima kasih,Positif
game aneh main solo teamnya kek bot dulu sistem ga dibenerin yg malah makin jadi lebih aneh gua main solo awal season di rank legend lawan romawi semua temen team gua legends semua anehh anehhhh gamee anehhhhh sistem ga jelas,Negatif
ketemu tim nya gajelas sedang kan musuh udah kaya pro player di betul kan match nya walaupun udah fitur lane tetep aja drak sistem make hero bukan sesuai lane nya akhir buat bonus orang abis ls dapat star protection minimal,Netral
dulu game gak pernah ngasih solusi buat player troll mreka cuma mikirin untung tp nyaman main buat solo player gak heran game dg fanbase besar bukan merhatiin fundamental malah fokus cari untung mending main hok aja,Netral
bagus skin nyaa ituu lohh baguss turut ku beberapa harus baik udah baguss eumm mungkin aku aja yang player baru and ga terlalu ngerti tapi tapi baguosss bangett lohh,Positif
ga tau mau bilang apa ntah makin baik makin busuk nih game bagi tim g imbang menang match atur sama sistem bukan skill main nge lag banget jalan ga musuh aman pas war jalan sendiri trs tiba sinyal ilang padahal jaring bagus ram hp ram luas banget sampah banget gitu ke kenapa suka banget ngasih bot tiap match biar apa biar ga gampang naik rank player nya hayoo lah buat game yg seru jangan kaya gitu sistem nya,Positif
gamenya bagus tambah fitur star protection perangkat di awas kontrol orang tua sering sekali alam sedikit mau menang malah keluar fitur kontrol orangtua itu jangan hitung afk lebih mudah naik rank pada naik kredit skor tolong di tambah resah,Netral
game ny bagus terus hero banyak banget tpi kadang kadang ketemu tim draksyistem kalo misal nya tim nya bagus tim musuh proplayernya sekian presentase pda game rekomended buat mau sters suka metch making baru soal sering banget ketemu draksyistem padahal udah renk tinggi lo tpi aja orang suka main gajelas kalo saran saya monnton ada player deteksi main gajelas dalam game langsung aja berisanksi,Positif
gam pasakal sah bagus tolong kasih fitur buat kasih alas kita afk karna yg bilang afk bukan yg keluar langsung game karna internet yg ngeleg dapt langgar,Netral
gua suka banget sama game tp kecewa males main di level udah mythic imortal tiba skrng turunya jauh banget epic males main gua copot pasang aja lah buang waktu aja,Negatif
gamenya seru banget pas aku main mode rank sering kadang kadang machtmakingnya lama juga ngelag ngelag kalau banyakin hero juga luasin map please mode caosh clashnya lima batlle spell nya di pilih sama player main,Negatif
wow game di rekomendasi sama temen bagus sekali min aku nyoba game nya toxic sama aku bintang nih sinyal bagus sekali skin skin nya banyak hero nya banyak sama yang bicara sopan ber doa sebluk mulai keren banget sih gua,Positif
makin update makin lag habis draft pick mesti ngelag aku sering salah emblem gara lag tim imbang kadang dapet roam masalah kadang mm masalah kadang hyper buff number gk kontes turtle lord kadang mm brawl gak rotasi roam cuma mondar mandir open map doang gak team fight sekali roam tigreal montage nya spek kiboy lah montoon,Negatif
asalamualaikum developer game bagus banget di aku ada salah bug lag sinyal buruk padahal game yang berat lancar malah ngebug lag apa sinyal nya gampang macet macet ms ms jadi kalah di baik lag bug nya di hapus jangan serah putus update aplikasi update game ini terus terus optimal lancar dan ringan,Negatif
game yg paling bnyk masalah mulai jaring pilih tim yg buruk lawan yg sesuai mampu tim jangan main darah tinggi,Negatif
cukup sini main game makin hari game makin gak jelas segi match matching kata imbang dalam game sebut player skillnya lebih rendah tier grandmaster ada tier atas glory sudah bukti saat montoon peduli stabil game lebih buat kesal ada pada match solo yang harus pisah match duo trio maupun squad itu jadi masalah baru,Netral
tiap datang musuh selalu ngelag parah padahal jaring koneksi bagus dasar game kikir kayak vabi coba mikir orang ngejar tiba ngelag alas musuh bisa serang saat ngelag kaya pilih kasih player padahal tulis ping nya hijau masih ngelag,Negatif
game nya bagus game play nya bagus tolong masalah jaring nya baik kadang kadang jaring nya ngelek padahal jaring ku bagus kadang gerak sendiri sama biasa ngestuck yang masuk lane of down sampe menit nge stuck nya,Positif
suka game karena selalu kalah sudah main jam masih ngestuck epic benar sudah legend karena reset season turun epic juga epic naik tidak turun saya selalu tim tidak bisa main musuh nya jago semua jadi moonton aku kalau di epic kasih musuh jangan terlalu susah,Netral
mulai tanding selalu stuck masuk sudah detik menit sangat ganggu dan turut bukan masalah device atau jaring murni bug segera baik,Negatif
apasih orang sinyal ny banyak tb pas main jadi ngelek dadak jadigada sinya trus char nya main sendiri gk kendali enak kalo misal kil nya nambah malah mati mulu plis lah mooton update in jadi lebih baik belum nya cuma mau menang,Netral
bantu hilang masalah jaring buruk koneksi saya pakai masalah banyak player dalam game keluh jaring buruk bisa afk hilang,Negatif
gamenya si bagus masalah pertandinganya imbang musuh team sering banget dapet team player tidak mau main males main nah solusi gimana cara ngilangin player kaya gitu gedek banget sumpah season ada aja ora kaya gitu,Positif
season baru mulai rank turun semua lalu party langsung main rank main rank menit base hancur jadi lag teman lag padahal wifi bebeda wifi masalah lalu saat saat lag tanya tim musuh yang lag gak musuh jawab satu tim lag semua jadi yg lag bukan tim ku tapi yg lag tim musuh juga mohon jadi tolong baik moonton,Negatif
baru main hari dari sekian lama henti main malah dpt alam buruk sekali season baru hal yg sebal pertama selesai draft pick tiba fps saya turun drastis yg buat jadi patah saya sulit ganti emblem spell bahkan ganti skin sulit yg dua tanding yg adil season yg baru saya sering kali temu musuh yg main bareng saya yg main solo sangat sulit jadi segera baik,Netral
okee jadi bintang game walaupun sempat jadi ping tinggi tiap tanding yaa baik sangat cepat player ikan buah kompensasi terimakasih moonton sudah laku baik,Positif
please lah kalo ngasih musuh adil masa musuh tim yang jago tim sendiri kasih bot harus diseimbangin yang main solo susah mau ranked di classic mau naik bintang satu aja ls x gimana mau naik nya coba,Negatif
apa apa servernya ngelag mulu gilir ga gerak menit bilang afk padahal salah server kalian minimal fix lah lagnya game bagus server murah,Negatif
ini server gw tiba tiba lag gk main di baik cepat ada orang mau mode serius gk karena lg eh gk niat bikin gk usah buat game eh niat kasih player skin gratis minimal legend,Netral
buat akun baru telah main match match pertama dapat kill statistik history nya hitung usaha bagus histori statistik tapi jadi bug ini rasa sangat kecewa apa jadi,Negatif
banyak lot nya pdhl simpan banyak yg kosong hp jga gda masalah jaring lancaaarr tiap main sekali krna sekali ga kena stuck sblm tanding mulai sit ampe menit lebih sekali kena pas main lot pas tanding mulai tiap deket musuh tbtb aja lag pdhl jaring ga merah kuning,Negatif
musuh ga tara sama tim ga bedain mana jago mana engga malah disatuin tingkat atas ga bonus bintang player solo sulit,Netral
buruk dapet tim selalu padan dgn lawan tim nya yg tahu cara main hero nya rotasi map nya banyak yg troll cukup ahli jadi buat pusing kalo tim yg blm ahli main di baik kasih tim lwan yg sesuai dgn mampu juga tidak seperti tim epic tim lawan ex imo yg tau cara main ahli main,Negatif
sangat buruk sekali main mobile legend skrg asyik tidak rekomendasi kuota bayak jaring bagus sekali pas masuk main game malah leg parah gak gerak sama sekali main parah parah busuk sekali,Netral
sinyal sering alami bug tolong mau senang senang malah kena bug jaring bugnya aja ga masalah lah ini kena cap afk padahal salah situ,Negatif
sebenernya seru seru aja kalo kasih lose streak langsung stress nauzubillah minzalik muntun tolong ilangin yg darksistem rank epic banyak bgt darksistem lah troll lah bikin losestreak buset kalo sinyal hijau di game tetep lag padahal jaring bagus bagus aja moonton baik makasih,Positif
selamat tinggal mobil lagen game seru banyak curang pihak mobil lagen conto rangk nya uda main tim itu paling main jadi tim itu selalu bodoh tolol lagi biar kalah mkita terus main game agar pihak game buruntung kalian main game jangan terlalu sering ingat keluarga rumah jngn memaksanskan,Negatif
waktu main game sering lag tiba padahal jaring hijau ms makin gajelas ni game pilih team gk imbang team musuh lebih jago team sendiri mohon baik min,Netral
game tambah dosa bikin bicara toxic lisan masa di kasih kalah x tutur turut padahal draft pick nya benar nge ban hero op tetep aja dapet tim gak bener jadi ingin game di baik mana tim bagus mana tim jelek sesuai kan pangkat tim lawan padan ulas saya,Netral
game tolol banyak bocil main monton beda mana bisa main mana tidak bisa main kenapa rank mytik mas tetap dark sistem telasoo bagusin kualitas jaring nya udahlah game tolol kualitas ga bagus banyak bocil gimana mau saing game,Positif
gak moonton jangan kasih tidak imbang mulu aku main sering kalah dapat tim bot jelek gilir musuh dapat pro bahkan tara player mpl tambah sinyal ngelag banget sumpah aku hp bagus aja sinyal jelek bahkan grafik rendah aktif tingkat sinyal masih aja ngelag apa war malah hpnya kaya mau ledak aku main suka tarung jadi susah partisipasi aku selalu kena ejek main jelek alas mulu,Negatif
beri bintang karna game suka ifen nya bagus bosan ada yg saya suka di tiap mau tingkat rank utama bintang mau metik metik imo glory saat bintang ada salah dapat time bot jadi ngeleg buat main prostasi buat monton jangan bertingakah suka hati kalian mhn baik kualitas gameplay game jago apa org kalau kena drak sistem mana menang apa player solo,Positif
papi monton hormat di dengar kan saran ini saran tolong kalau mvp tim kalah kurang bintang wr mmr kasihan solo player dah serius main dapat tim ngetroll banyak para main papi monton hormat solo player papi baik sistem nya biar solo enak ngepush nyaa papi monton aja saran saya,Positif
game bagus sekali sudah capai high rank ada satu masalah saya keluh saat draft pick detik akhir loading scrin lag frame saat mau ganti skin ganti emblem menggangu sekali aku harap pihak developer baik satu masalah padahal kemaren ada ngeleg ini biar sama tambahin bintang harap diperbaikii,Positif
apa matchmaking gak sesuai masa glory b bs ktemu legend game gak jelas banyak player yg tolol tim sendiri tim musuh kasi tim yg bs main match making aneh game enak hok kasi tim yg tara ml match making tim aneh pas main solo rusak game main solo game aneh game rusak,Negatif
game mya sekarang udah ga se lancar dulu wifi lancar sering lag simpan sisa banyak tetap lag ml nya udah ga kaya dulu tolong monton di perbaikii dari sinyal serta lag game nya,Negatif
moonton sekarang aku ga main keluar keluar terus update apa habis season mau push ga main mohon dibenerin min,Negatif
moonton baik matchmaking nya kata season sekarang udah baik sistem pilih lanenya tau tau sama aja player yang role lain sedikit besar kasih lane tapi role utama jungle ga kasih jadi player minta tuker udah begitu matchmaking nya lama sekali menit udah gitu musuh ga ngotak saya high rank nya mythic romawi musuh high rank nya immortal glory jelas kalah tim ga imbang,Positif
game nya seru kadang bagi tim ga banget musuh tim kasih jago banget girilan tim kasih jelek mau naik rank selalu kasih tim ga jelas musuh di kasih jago parah,Negatif
dapat bug seperti jaring bagus panel gerak nya bisa gerak buat nyata afk terus terus jadi mohon di baik,Positif
lelah main game guna faedah begitu banyak masalah dalam main mula yg lama jadi game hasil tidak produktif bukan strategi yg main temen lawan temen begitu yg ingin moonton sampe kasus bunuh gara game,Netral
sistem matchmaxing buruk sinyal down gak jelas tambah player troll tim musuh lebih unggul banding tim matchmaxing buruk sekali tiap main cuman kasih x menang,Negatif
sekarang baru turun season niat mau naikin malah game gw mainin barusan lag parah tim gw sama ngelag aneh musuh ga ngelag ini awal season yg sangat buruk jadi lose treak,Negatif
bijak di ikan sesuai rank player di jalan kemudian sinyal tiba tiba down alas sedang unit user di guna pada status jaring aman tiap tiba tiba ngelag sebab jelas,Negatif
permisi kalau kasih team imbang team saya losetreak kali menang kali jika beri team sesuai skill jangan rank yang sama,Netral
season baru yaitu season kok makin ngelag yaa moonton awal season aku mau ngepush nyata jaring merah pas masuk dalam tanding detik jaring langsung merah nyata musuh ngalamin yang sama tanding akhir servernya rusak masalah jaring soal tetep kena langgar karena afk main brawl classic sama loading screen ngga jalan jalan padahal jaring bagus moonton ada tanggap,Negatif
gamenya seru sekali banyak player bocil bagai main darksystem keluar event baru uras uang main cara naik kasta belum jadwal rilis skin rilis pas mau rilis ubah tag kasta nya lebih baik game belah adil jujur honor of king pernah rubah kasta skin lain mereka tokoh sangat royal keren bangettt the best lah game darksystem,Positif
masalah jaring matching jujur aku kecewa sih bukan rendah memang gak sesuai orang orang dapat matching nya harus gar bawah ini game moba v arti player lawan player banyak aku main tidak sesuai v tadi kalo baik cepat memang rugi betul aku udah lose banyak x jadi mohon segera baik sekali mohon izin dan terima kasih,Negatif
terima kasih sama slama mobile legends ajar main game nyata sita waktu main banyak match bukan untuk naik bintang mungkin ini saat hapus mobile legends,Positif
matchmaking rank sampah selalu main solo terus an ketemu enemy party sering lag ga jelas padahal jaring bagus aneh,Netral
woi benerin matchmaking nya dapet tim ampas mulu musuh ga jago tim ampas hukum player afk lag berat berat minimal ban rank hari ada efek jera,Negatif
ni game gimana sih gw baru aja main biasa normal aja tiba tiba pemberitahuan maaf eror sistem tahu nyata ngga cuma gw tim musuh gitu montoon baik gamenya jangan cuma kolaborasi skin mulu event banya eror sinyal kadang jelek pdahal buat buka lain lancar lancar aja,Netral
game bahkan bintang ga cocok selalu dapet team gajls main beda balik musuh jago jago klo main solo jangann lama lama stres,Netral
game tuh sengaja banget yah kalau misal ws kali aj langsung ls beneran udah gitu player nya nge trool semua moonton kasih player yg imbang kalau misal jago tik bot cuman habi habisin waktu,Netral
game nya buat tambah pusing kepala slalu team nggk imbang sama musuh kalah terus bukn maen tpi game nya yang mainin rank nya dinaikin di turunin emng jelek bngt game nya,Negatif
game perlu baik banyak bug jaring sistem dua tim sering alami leg jaring padahal jaring lancar sistem acak dua tim selalu aneh sering dapat tim tidak main baru ajar update an sekarang tim lawan jauh main ketimbang tim sering dapat main solo nih game atur dulu sistem nya baru urusin tuh colab kecewa sih update an nya malah makin ga seru,Negatif
developer game kembang game mobile legends bang bang moonton sampai pesan terima ulas untuk tingkat performa jaring sinyal nya dalam main selalu alami lag panjang main langsung sekian saja saya sanggup saya harap moonton terima usul saya,Negatif
pls lah moonton masalah jaring fiks masa kalo gak pake speed mode ngelag ayo komunitas mlbb di indonesia tuh gede banget jadi susah kalo main gak pake jaring wifi,Negatif
moonton makin hari makin aneh kemarin tiap login selalu freeze karna hape ku yg jelek pas liat temen nyata emg ml nya terus hari jam sore awal season hampir semua player ngelag gabisa gerak padahal sinyal bagus bagus aja pls benerin yah jadi ga nyaman,Negatif
kalo mau drafpick usaha ketemu sama tim performa tara tim musuh main jadi lebih imbang bukan malah musuh hebat tim beban buat game juga liat kondisi game player,Netral
dapat hibur diri mungkin game pasti sangat happy jangan ragu ini game impi ingin hibur main hari pulang sekolah aku akan online banyak jumlah main skin bagus keren salah satu hero favorit meski temenku ingat hero lemah nyata bisa tingkat akhir hero jadi favorit ku karna dulu nya lemah mungkin hero aku remeh aku happ,Positif
mauu solo mauu party imbang tim selalu kacau monton masa immo ketemu imo glory batas burukk bngt satu lagi item enak yg duluu terlalu banyak item yg rubah males pakenya minimal buat tank fighter posisi kalah item meski mentah lebih susah buat counter hero yg heal attack speed minimal item dominance chastise pauldron,Negatif
emang game gua gak ngapa ngapain tiba tiba banned akun gua ya jangan salah terus capek system gak adil gak serius main saran buat aja event player roam skin epic lah yang kasih buat roamer biar gak langka banget player roam soal hampir match pasti lama matchmakingnya capek nungguinnya tau gak aja saran gua salam pisah buat gamer always support you guys bye,Netral
tiba tiba jalan sendiri durasi lama padahal semua lancar sinyal malah jalan sendiri temuin time lol pihak sendiri lostrek terosss ketemu abang abangan mulu musuh nya kalo time tier legend bawah semua kira kaga cape apa kaya gitu mulu tiap hari bukan cuma hariii hampir minggu kasi los mulu lama lama pening kepala emosi pikir hapus aja ml nya pada pening makanya banyak ngehapus ml lostrek tauuuuuhhhhhhhh auuu ahhhh capeeeeeeeeeeee,Netral
kok belakang mobil legends sering lag padahal jaring bagus trus sering ngeframe trus kalo war aja ganguannya sperti lag lah ngeframe lah padahal jaring lancar sumpah belakang game mobile legends ga baik baik game nya tambah berat aku paling ga suka sama mas jaring padahal lancar berat trus skin skin mahall banget cuma skin gratis terus kalo skin gratis misi nya ga ngotak kaya sponsbob ama ducati,Netral
makin kesini makin ngaco aja ini gamee tiap kali main kek bot nya mana bonus bonus gak masuk akall lagi jangan mentingin game nya aja mentingin guna dongg langgan game tahun tahun rasane mau hapus aja udah ngaco lama lama,Negatif
game nya bagus tolol deraxsistem nya kurang soal nya main delapan jam cuman nambah satu bintang ya cape soal nya min buang buang waktu kalou cara makasih min,Positif
game ancur banyak bug sekarang sering lag tim gabener tim musuh malah kompak segera baik,Negatif
beri bintang satu di alur gemnya sangangt sangat bagong sinyal ijo ngleg ayo lah moonton benerin lah server nya biar main normal lagih biasa nya saya main poko geme nya sangat sangat bikin naik emosi mending gak usah ciptain geme mlbb kalo gitu mah huhhh,Negatif
moonton dong dark system musuh nya khusus dark system kadang ga imbang tim nya dark system musuh nya jago capee bgt seriuss ketemu tim model dark system musuh nya jago kelas esport dark system resah bangat,Netral
tolong moonton kalo kasih tim yang imbang aku kalo main tim sendiri dark system semua musuh nya jago jago baik matchmaking nya temu yang imbang,Netral
mohon moonton kasihan penguna ponsel ram aku pas loading mau masuk match rank selalu stuck gin gin masuk detik menit an moonton kalo update jangan tambah fitur gajelas nambah simpan jadi lag kann aku masih mau main ml tenang kalo masuk detik lama kan jadi tinggal level sama musuh terus omel tim moonton mohon ya aku padahal suka banget sama ml seru asyik kok malah jadi buat aku marah sekarang gara gara loading lma,Negatif
game sangat senang sekali main kemarin total kalah menang cuma kali selalu dapat tim waw omaygad gad deym awikwok amat cupu contoh hanabi midlane lukas gold musuh selalu main gila jir pikir onic walaupun aku tara kiboy kalo tim nya ampas sama aja boong dong bang moonton plis bang moonton kasih aku tim serius gitu tara kalo tim nya tara bahkan onic indo dan onic ph libas semua salam akal sehat,Netral
alam ketika main game dapat teman tim beda jauh ranknya sama teman se tim sudah jelas banget mati sengaja ketika report gak kena hukum,Netral
team bisa kontribusi kan buat nyaman main slalu kalah tanding juga hari bisa karnakan team slalu dapat tidak mau kontribusi juga slalu dapat musuh yg jago baik saya solo rank duo rank trio atau party an selalu dapat lawan jago lah di sesuai mampu orang solo duo trio maupun partyan kasih lah lawan yg padan jgn slalu update slalu tidak nyaman main,Positif
dong monton game nya baik kali main sinyal ga naik naik ga cuman rekan tim bahkan tim musuh ikut ngeleg,Positif
hero lawan jadi kuat batu punya damage yg sangat besar team aku malah jadi lemah semua apa sih mau nya game monton makin update makin ngak jelas game ml nyata game pubg game ff lebih nyaman mainin game ml rusak ngk jelas adil pantesan ajah banyak yg delete game ml yg masuk akal baca monton pesan biar kalian tau yg adil tidak adil,Negatif
banyak bug sering ngelag utama saya sering nge bug menit jaring nya suka hilang hubung padahal jaring bagus sudah ganti jaring tetap di baik atau kalo perlu riset bangun ulang sistem tidak bug bug resah ini,Negatif
pernah dengar keluh main ubah lore enak nya lore kagura hayabusa yg ubah dgn enak paksa para user hanabi harap lore lama kagura hayabusa,Netral
game burik aneh gak mengoptimasi jaring kasih tim jelek sekali kasih be semua gak niat banget kasih layan main jaring baik,Netral
game yng sangat seru sedang main tiba tiba ngelag kira wifi tetangga ku ngelag nyata game nya saking seru tim hebat pintar bisa andal sya cepat cepat hapus game karna terlalu seru,Negatif
sangat kecewa sistem mobile legends sekarang sistem sangat buruk buruk buruk sekali sangat kecewa pola selalu sama menang sekali kalah sekali lalu kalah main hasil kalah kalah kalah hampir ada menang menang sistem ini naik rank asa masuk akal sistem layan ml ini benar benar buruk rugi main terima kasih,Negatif
sinyal bagus kadang sinyal suka tiba ilang pas login ulang gk bsa masuk pertandingam,Positif
burriikk jaring gua hijau buka apk lancar milih hero lancar pas game lag parah maksud lu apa montoon bukan baik bug malah nambah event gak jelas lu,Negatif
game rusakk pas loading screen sering ngestuck pas masuk in game langsung notifikasi afk padahal udah software hp seperti mohon baik bug nya biar makin enjoy main nya collab sana sini elite perbaikin bug sepele sulit hadeh,Negatif
burik kali game gak adil sistem nya tim dark sistem musuh top global mana menang udah gitu pelit pas spin gak pernah kasih developer serakah tiap mau naik tier gak pernah menang game bikin mah lah moonton baik sistem,Positif
aku ngk pernah top up lg game sumpah matchmaking nya rusak parahh main solo ketemu trio duo kalau jago gpp banyak dark sistem kasih cih parahhh,Negatif
game lama bikin gila mau naik rank selalu di kasih kalah padahal dah menang comeback mulu musuh nya kali aku bintang kali aku gagal bintang lama gila aku mainin game tidak di rekomendasi di download,Netral
tolong buat guna hero baru janganain clasik kali dati tadi rebut sora gak dapet dapet jangan saran main team ikut discord lah apa hargain yang main sendiri dong,Netral
mohon hilang lindung bintang hari sekali roam banyak player noob rank tinggi gara lindung bintang sangat rugi player roam hilang bintang yang hilang bintang kan dulu montoon gue cukup stres liat romaer glory game play macam epic terlalu penting kda buta map,Netral
matchmaking imbang bukan beda rank dj beda cara main dalam tanding saya solo ketemu tim bahkan sepertimya baru main mobile legends main untuk senang senang kasi mau push rank tinggi masa high rank glory satu team sama high rank legend ga jelas gameplay team nya lawan paham cara main item,Netral
monton monton kapan gua menang su gw kalah mulu kemarin gak sih kalo ngasih match bener emang gak habis moton nyiksa orang gw strees lama lama epic sampe epic malah turun ton benerin napa akun gw liat sendiri ton awas aja kalo ngasih dark sistem woyy rating satu aja ni game gak amat dark sistem makin banyak kalo salah apa dikit player nya maki maki nyaman dibenerin bikin males,Negatif
akun di hack orang udah lapor cs tetep gabisa balik akun padahal bukti udah lengkap tanggal akun buat sampe top up pertama tetep gabisa dong kasih solusi moonton,Netral
jgn update trs baik dulu sistem nya mulai sinyal hp yg pke buat tiktok bagus di mobile legend jelek semenjak reset season hari jadi kacau,Positif
aneh dah game udah sinyal bagus terus tiba tiba kena sinyal ntah sinyal dari gamenya sendiri kurang tepat kalau masalah sinyal soal sinyal lumayan lancar pesan buat moonton mohon baik kasi lagi winstreak terus tiba tiba kena sinyal padahal sinyal bagus semenjak habis update gamenya kayak rusak,Positif
game sudah asyik cuma monton cari lawan padan dngan skin milik masa belum dpat skin alias gosong bru monton kasi lawan uda skil legend special min blum dpat yg padan dngan skin ku jdi baik dlu sistem,Positif
mohon baik dong sistem nya match team yg main nya ngawur jd kalah terus apa memang sengaja buat system itu mohon baik terus itu gemar mobile legend kurang,Positif
kalian bayang winstreak x mode classic kasih tim bot minimal bot lawan player mabar bayang classic aja begini bagaimana main di rank pantesan sepi minat ku dengar montoon sebentar waktu usai sedikit yaaa seeddiiikitt,Negatif
bug nya data selesai sekarang main gak imbang aku mohon kasih menang rank bawah contoh epick legend soal tetangga sudah strees gara kasih kalah tolong baik untuk fitur lane udah gak guna hero tetap aneh main gak sesuai role makanya tolong kasih menang advance server maupun original,Netral
mohon baik moonton sistem matchmakingnya kalo habis season tim badak abadi musuh ex glory imo bahkan salah tim yang gak ngerti item musuh banyak magic buat full phsycal defend bahkan ketemu layla jungler tim sedang musuh guna nol otomatis bagai roam kewalahan bantu layla yg terus rusuh sama tim lawan tolong baik sistem matchmakingnya yg adil bukan ky gni,Positif
game bagus tolong ilah tim imbang sesuai ranknya beri bintang game faforit moga sistem beri tim layak main bisa rasa alam main seru sekian terima kasih,Positif
barusa jadi sendiri barusan main nyampe akhir tpi pas beres langsung lag gak jelas sampe match akhir gx padahal saya sudah menang cheter apa gamenya rusak,Negatif
jelek update ganti main ga ganti sekil masa mm ga mau jaga jarak kasih tau malah ngelunjak saran klo yang nge riport honor kor nya rangin banyak biar ga main drak sistem nya klo mau bintang nurutin kata ku titik,Negatif
gamenya gak jelas sumpah jaring gua bagus gak kendala pas main tiba tiba hubung padahal gak masalah jaring gua hero gua gak mau gerak terus skill skill nya gak mau keluar padahal udah spam jelasin yaaaa gua main jadi gak nyaman,Positif
game seru banyak sekali dark sistem nya buat rank turun drastis walaupun banyak dark sistem nya juga bagus ke kikir moonton gacha hehe game bagus bgt sangat rekomendasi nya,Positif
pihak montoon hormat cum mau bilang sistem adil kemarin dapet tim gak bagus musuh bagus banget capek ketemu teman tara musuh baik sistem agar jadi yang sama orang tetapi juga sering temu yang sama saya kemarin temen temen saya juga alami sebut moga pesan sistem tidak seperti lagi terima kasih montoon,Positif
woi moonton kenapa dah sistem update nya aneh sinyal bagus malah gerak sendiri mau skill delay banget lah baik sinyal bagus wifi aman kok delay,Positif
mohon maaf mobile legend kasih bintang karena ngebugg mohon baik bugg ya mobile legend semua tim kena gr gr bugg dan sering jadi tidak gerak padahal wifi bagus bagus aja sekali mohon baik bug bug sebut sekian terimakasih,Negatif
game ter tolol pernah gue main mobile legends karna ap kita mau satu bintang untuk capai titel baru naik rank situ banyak sekali aneh mulai tiba tiba leg lah trus jalan sendiri pasti banyak aneh jadi akan kita main ngk jago di kendali monton sumpah monton game loh paling buruk yg pernah ada,Negatif
game nya bagus kalo main jangan sengajain sistem nya musuh nya kadang jago kadang bot moonton samain lah semua musuh per match nya utama pas mau naik rank musuh nya kasih susah bet yg nya naik bintang legend jadi di epic terus kalo main solo kok ketemu yg main ber sih moonton gmn tuh,Positif
knp makin parah sinyalny update sampai ping lah baik server performa nya susah main kalau sinyal ny jelek gitu bukak apk lancar aja plis baik,Positif
game sampah lah moonton matching mu lah baik solo jumpa solo duo jumpa duo emang dulu gak baik game apa begini update skin map matching di baik,Positif
game lama lama tolol masak iya player solo kasih tim romawi musuh nya ex immortal udah makin berat game nya ngasih tim ga jelas sistemu error gimna tun muntun masak glory tim sama romawi dah uninstall ex immo musuh tim banyak romawi,Negatif
skrg suda malas main game padahal game suka dr dulu skrg semenjak season game nya makin parah sinyal bagus gk gerak bukan merah bukan kuning ijo yakin buat cheater mlbb kenapa pihak game biar buat yg rusak main game,Positif
monton lah obrol suara tidak guna ituu mau main on mic di baik cepat udah hari main ga on mic dibetulin cepat monton makasih,Positif
habis season selalu lag woi masa pas war tiba lag padahal ping gw stabil ms bawah please lah moonton fix bug jaring,Negatif
emang hp kentang ram knp pas selesai fris pick lot terus terkadang mau game play lot padahal pake wifi mbps pun sinyal bagus di baik jangan cuma tebar even skin doang mind,Negatif
sistem matchmaking adil sangat rugi acau alam main player solo rank bahkan classic sekalipun tim selalu adil teman satu tim bisa main layak computer tim musuh benar benar player,Netral
game nya bagus banyak skin gratis udah oke si ada kurang masa jaring hp bagus game ngelag parah merah ujung ujung nya tinggal level gold bug nya banyak banget terkadang pas main keluar tiba tiba suara tiba tiba kaya suara on mic apa darksystem hapus aja masa mau mythic tiba tiba turun samapai epic legend kan gak enak makasih uda ngasih banyak skin gratis moga di baca di baik,Netral
optimal kasihan hp low device sering telat menit stuck loading match lah optimal jadi makin susah sekarang hp low device sering tinggal level jadi mohon pihak moonton optimal saya sering kena langgar upa afk stuck loading match terus belum begini season season lalu ada masalah sama sekali malah lancar banget ga stuck sekarang udah beda banget,Negatif
baik bagai mai solo rak berat sistem tim asal di baik kadang dapat tim main los sterk kali di renk nggak di clasik bayak mai nggak main harus vs jadi vs di pertibang kan kalo di sini kadang mecari hibur bukan nabah beban,Positif
kasih bintang satu karena suka tim dark sistem sinyal bagus tetap ngeleg juga stiap main suka losetreak ngegendong tim memang moonton parah sekali,Positif
saat main terkadang game lag padahal jaring nya bagus ntah karna ulah mu citer jaring gak kali bilang lebih satu kalo ulah mu baik kalo ulah citer ban saya pasang script aja di ban orang citer di lindung gimana kamu ni mas moonton masa citer kamu lindung ni gimana konsep nya jdi di baik cepat,Positif
udah season aja sering nge frame in game kalau draft padahal sinyal nya aman aja fix dong moonton trus kenapa gw kagak lihat efek skin pas maen bug apa,Negatif
game ga bagus suka ngelag nge frame padahal apk ga sudah hapus foto ga sampai apk ku sayang ku hapus min bugnya baik,Netral
aplikasi game buruk penuh bot match making imbang lag tiba tiba sinyal bagus jangan download bagi yang telah download ikan bintang game baik,Netral
update jadi lag panjang match sangat ganggu player lag bukan lain di seluruh server mohon baik,Negatif
game rusak jaring wifi bagus musuh gaada ngecheat sering banget lag lama tanding ful kuning jaring game ga waras,Negatif
permisi plis monton sih main hp jadi ngelag mulu padahal jaring lumayan bagus trus suka suka jalan sendiri arah nya ga kendali balikin ml yg dulu gara sering ngebug rank ku turun terus,Negatif
game nya bagus mau minta banget pihak montoon kirangi dark sistem sering sering beri skin gratis apa sekira fungsi saya sering main game sering kali temu orang egois dan ngetrol di atas,Positif
sungguh game luar biasa hebat main rank solo b akhir glory b waaah game sangat seru senang tiap main solo ada orang main cuek itu sangat senang seru sekali harap depan game lebih tantang,Negatif
makin tahun kualitas game nya ampas mala tambah turun tingkat profesional nya ngeleg trus lama lama game hok kualitas nya ngeleg end main terlalu banyak drak sistem,Netral
bagi role nya gak jelas x match bagi roam terus gak masuk akal sama sekali kalau udah sekali kali kasih kalah terus baru terus gak pernah baik sistem nya kayak gin,Netral
game nya jadi lot kayak gin akun aku udah minggu kembali terus star awal terus memori banyak jaring kuat kenapa kembali terus lah baik lah nama akun nya ikan cupang,Negatif
halo developer montoon mau beri ulas game pertama tama beri game bintang banyak sekali main tanding sesuai rank lalu juga orang main egois pilih hero tidak sesuai lane segitu aja ulas moga baca,Netral
game busuk sering lag padahal sinyal bagus kasih lawan yg ga imbang banding tim sendiri ngasih update yg ga bukan nya makin bagus malah makin busuk,Positif
waktu sison game seru pilih kasih tadi main marksman di buat invalid mage invalid dan kali saya main ad menang cuman kali saya menang di kasih tim ny dark sistem terus jadi saya sekarang game mobile legend seru macam dulu,Negatif
game nya bagus banyak seru even hero skin cerita asal usul hero lag nya ganggu jadi kasih bintang seru jadi lag nya di baik jadi itu beritahu,Netral
ga usah mainin ni game rusak dapet tim kg jelas mulu drafpick ga simbang bisa rank glory atas mas anomali baik maen dulu sama aja banyak anomali,Netral
update buka makin bagus tp malah makin rusak habis season main malah lag gajelas padahal sinyal lancar game aja semua lag gk digerakin hero,Negatif
pihak moonton kecewa layan pelihara game di laku game terlalu banyak bug rugi player contoh bug suatu hero sebab lag seluruh server rugi lain,Negatif
woi muntun niat bikin efek eliminasi ga sih masa hampir semua efek soundnya sama lah muntun benerin lg sound eliminasi buat hero marksman pd didinerrf jg build nyaa skrng banyak hero nyulik bunuh hero yg target lah balikin lg mm gw yg dulu,Netral
gamenya asik bagus tpi sinyal nya yg bikin dara tinggi baik sinyal la montoon lag skli padahal jaring sya bagus pake wifi sma data lag nya ga ngotak pdhl buka youtube lancar sekali,Positif
maaf kali sangat kecewa porsi team match imbang tidak segera baik saya sudah tahan season tunggu match imbang nyata nihil banyak troll bot mana team lawan dapat team bagus team sendiri dapat troller bot sistem ban langgar silah ketat player tidak main enak troll,Positif
game nya emang bagus seru tolong buat game tingkatin untuk sinyal internet nya masa leg dikit aj udh gak main kan aneh kalah sama game belah,Netral
devloper gak jelas ngasih tim gak tara buat apa update terus ngeluarin skin terus gak baik bagi tim masak tim gua solo semua tun trio kan aneh,Positif
ni game gak pantes mainin jadi jangan sekal download emang gak cocok buang buang waktu gak logis mending hapus aj ni apk tanding nya ga imbang emang gak cocok mainin ni game hindar bahkan kasih bintang aja gak cocok mendownload no recommended,Positif
main selalu kalah moonton ngasih musuh gak ngotak muluh dengan saya beri bintang satu game mobile legend padahal dulu game favorit saya tapi semua ubah hal jadi,Netral
bagus si selalu kasih tim gak tara terus kalo main solo selalu ketemu duo trio gak jelas main kalo saranin player solo tu di temuin sama player solo semua si biar bagus gitu,Positif
update season bukan tambah lancar sinyal malah makin ngelag harus banyak update ujung nya malah bikin gak nyaman main mending game masih mending gak ngelag enjoy main pada ml update terus ampe gak main in game mending main game aja kayak roblox lebih santai,Negatif
kalau main ml pernah temu bahagia sama sekali dapat cuman rasa trauma emosi lebih niat main game hilang rasa lelah tres yang dapat justru malah balik rasa lelah tambah tres pun tambah demikian untuk bagi dua tim sangat adil beda sangat jauh tim tidak main tim musuh semua jago bukan cuman saya yg rasa,Netral
sistem matchmaking buruk main solo dapat tim main party tidak adil harap ulas saya pihak mobile legend selesai masalah,Negatif
halo kak baik servernya akhir akhir sinyal ms naik bahkan sampai ms lebih di optimal kak soal kemaren baik baik maen kayak server dulu kok down tolong cepat segera di baik kak mau push imortal trimakasih bintang kalo benar servernya,Positif
kalo niat bikin game mending usah bikin saya kali mau main rank match making selalu ngeleg kulu padahal sinyal bagus di mach bisa masuk anehh memang,Positif
moonton baik bagi layan nya soal mau login akun guna handphone baru ribet banget sekarang jadi bisa ganti akun handphone baru soal stuck bagi isi form pulih akun saat ingin kait akun akun lai tiktok facebook whatsapp malah anggap akun hubung platform padahal sudah kait akun platform tolong developer baik sistem login akun,Positif
wkwkwk montoon lawak br season eh malah g karuan ping jaring belim masuk room ping bagus g kendala tp waktu masuk room sdh mulai tak kendali mulai main tetep ping buruk tp aneh malah kena kurang kredit score afk apa sdh mulai rusak game nya montoon silah jawab y,Negatif
game asli seru kalau main sama teman kalau main sendiri solo kadang kadang teamnya gak bener pihak montoon baik untuk macthnya perhati masak solo nabrak sama duo juga sinyal kadang kadang lag sebab padahal buat aplikasi lain lancar juga rangin dark sistem sangat susah kan,Netral
gak tau mau bilang apa mobil legend sekarang ada masalah pas tanding malah jaring gk setabil sebab lag panjang bukan sinyal nya aplikasi nya yg masalah segera baik biar gk pindah gme belah,Negatif
game kadang tiba tiba down pas main deteksi afk tiba tiba pas log in ulang malah ngefrezee tetep gak tiba tiba ngelag pas war jadi team kalah war dan sering ketemu bucin troll cewek nya bantuin cowok terus bikin team gak bisa ngapa ngapain karna gak yang bantu,Negatif
game gak jelas macmaking gak betul niat bikin gama lu kasih tim yg asli epik kalau musuh yg imo glory aneh betul ni game rusak emang cocok ni gem bintang mecmaking nya rusah gak betul kali kasih tim musuh tu yg tara lah anj,Negatif
game gak jelas banyak dark sistem terus kalo solo dapet tim bot lawan pro koneksi jaring sangat buruk padahal pingnya hijau,Negatif
game terlalu sulit bagi mula banyak anak banting hp main game game nya berat tidak cocok hp kentang jadi saya ubah bintang ke,Netral
game nya sangat senang juga gampang main kan mula game pokok game yg paling enak montoon baik kali player player baru aku aku baru main aja dapat skin pokok game sangat enak,Positif
game paan si war tiba ngelag gabisa gerak terus waktu mati lancar biasa ga ngelag padahal jaring bagus wifi penuh maksud lo apa njeng rank gue jadi turun,Negatif
matchmakingnya sangat imbang tim musuh sangat jago tim sendiri sangat bodoh berfikir jernih alias otak hilang lebih baik main hok lebih asik developer tidak kikir,Positif
game paling rusak dunia gx enak main mending ml yg pertama pada yg sekarang team gx imbang gx jelas main kayak bocil semua game gx guna banyak dart sistem semua itu sering lag bnyak yg guna ceat,Negatif
game rusak ngelag an bnyk bug nya kadang recal sendiri kadang jalan sendiri jaring liat bagus makin ganti season sama update rasa makin susah bgt berat kadang semua ga di pencet sampe hp ngeluarin suara kek mesin cukur padahal device support buat game gimana,Negatif
hai moonton game keren banget kasih bintang megertikanyaaa soal jaring kalian aja yang burik aku pernah kayak gitu malah aku darksistem situ aku ajar jadi mohon di megertikanyaaa sekian terima kasih,Positif
keluh tahun lalu ga baca sama developer respon lambat mobile legend sekarang gamplaynya toxic developer bisa atas senjang skill ranked beberapa player toxic ras tindak developer banyak player feed main asal asal rank tinggi balik rank rendah banyak player penguna cheat san scrip juga saya main game sudah tahun developer peduli keluh kesan penguna game,Netral
baik montoon ganti engine nya itu lebih baru tiap ganti season sering jadi lag banyak bug yang gigunakan player untuk cari menang mode rank lambat laut player sadar banyak kurang game tidak buat player betah top up,Negatif
lebih baik pensiun main game sampah karena sekarang moonton peduli kita moonton pikir bagaimana ubah gamenya bukan playernya tiap macts clasic rank brawl baru mulai main sekali kalah kek mana mau bagus ni game kalau tim dark sistem rank nge stuck legend akun hilang udah dihubungin pakai akun google malah akun baru keluar,Netral
sangat kecewa bukan satu kali kali ngalamin kaya tiba tiba lag terus hubung ulang itu lama padahal jaring ok aja pake aplikasi lain lancar,Negatif
awal dlm game jaring lancar pas tiba tanding tiba ngelag sendiri padahal wifi bagus di baik sistem jaring nya montoon jaring kayak babi montoon asu ksh tim gak jelas signal slalu naik turun kalo war musuh game buruk signal rusak taikkk,Negatif
kembali sistem yg dulu sistem baru jelas bisa pilih role sesuai ingin milih role mid sama roam tp dpt roam trs uda pindah pilih mid exp dptnya exp trs mw main mid muntun pdhl match mid lebih banyak drpd roam exp bintang game jelek mw pensi aja da gitu jaring suka ngeleg kalo sistem kaya gin yakin banyak player akan pensi pindah hok mampus main mobile legends,Negatif
minta min benerin bug sinyal ganggu banget main hampir semua match masalah ga rank klasik di brawl ngeleg parah banget padahal niat banget main seru ni game bug sinyal kaya ga direspon sama sekali padahal setia ama ni game tolongg min yahh perbaikin bugnya ganti season baru nanti,Negatif
kenapaa ini sinyal nya udah game sinyal merah terussss gabisa gerak apa apaa gimana terus pas ga gerak malah ingat kena sanksi dong perbaikii awal mau senang malah buat kesel,Positif
keren musuh gampang diratain bahkan bisa lebih kil hero bagus enak buat pushrank tinggal set kilo skil satu tinju tinju ulti gampang bgt buat dapetin kil walaupun kadang kesel sama musuh main turet gapapa soal juga bukan pro download sekarang,Positif
gameplay bagus lag nya bikin mood hilang baik sayang kalau game bagus jadi rusak gara gara performa grafik oke framerate ngedrop terus dev cek optimisasinya,Positif
min kalau temu musuh tuh imbang padan tim lagi sinyal ku bagus tiba lag gak jalan padahal jaring nya lancar di imbang in min gitu rusak mod main sayonara,Negatif
tolong beri tim padan sama musuh lawan full player tim gua sendri bot gimna mau ngimbangi nya tolong lama lama game bakal sepi udah nggk kompetitif ini game gua udah mcth tak situ situ aja epic tim gua bot semua,Negatif
bintang kreatifitas seru beri game kepada player habis hanya suka publik beri developer kadang dapat tim paham cara main build equipment emblem tidak sesuai hero dipick tidak sesuai hero satu lane lawan ada juga dapat lawan publik kompak sangat mahir hal kuasa mini map car main equipment harus beli,Positif
moonton yg bener lah leg makin leg loh aku dri player old udh parah sih leg nya war suka patah loading lama masuk game aku baru gerak detik lebih bikin aku ga hyper nyiksa bgt gw player jungler gimana moonton jgn skin doang udh bosan gw udh bnyk skin bagus tpi percuma ga nikmat main game mobile legend nya,Positif
pas udah update sinyal bagus ngeleg di baik bag apalagi pas nge war sinyal bagus tiba tiba ngeleg udah aku pusing kenapa aku selalu main tim drak system lawan jago jago di baik,Positif
aku gk tau aneh gamenya jaring ku posisi malam gk hujan make aku aja aku coba maen hok lancar pas maen kadang ping bagus kadang jelek moonton hanya main,Netral
server mobile legends sekarang bener bener masalah dalam match ping full merah terus terus bukan cuma tim gua ke semua player masuk tim lawan emang ada masalah server game jadi lag parah skill delay gera patah patah kondisi jelas ngerusak jalan tanding bikin hasil match jadi adil faktor server gua minta pihak mobile legends tanggung jawab balikin rank gua hilang masalah server ini murni salah sistem,Negatif
jujur aja segi gameplay udah bilang baik cuman kalau pihak moonton baik paling krusial sistem matchmaking adil bakal jauh lebih bagus pada iming buat komitmen cipta lingkung main adil hitung aja berapa sering kata darksistem muncul emang sistem matchmaking mobile legends sendiri bilang jelek mythic atas aja main tim musuh imbang yang lebih hebat tidak gw bet lu ga bakal react kok,Positif
lah minta banget ganti akun via google kenapa malah minta kode verifikasi akun moonton it s oky lah kalo akun monton nya aktif lantas bagai mana sepet sudah punya akses akun montoon lah notice yt banyak akun kena bug ini minta banget harap cepat fix ganti akun via google vk fb tt jangan alih kan via monton karana kami tidak terima kode nya,Negatif
makin hari gak nambah bagus malah rusakkk gak fair sama sekali jaring server jelek banyak dark system sangat adill pilih tim mohon baik banyak player hapus game,Netral
montonn ko makin kesini makin makin sii ngeleg parah loh skrng hampir semua gitu tauu ngeleg draft pick sama pas ingame nyaa baik plis aku ken main nda bisa kali afk,Netral
game nya udah oke komposisi tim dan tim musuh tara trus sistem report fungsi baik banyak main main jelek telah report tidak alami apa apa,Positif
game apa lah lama lama buat emosi masa baru turun season jaring ngeleg mulu pas tes jaring bagus ms dlam game malah ngelek parah lah baik monton kecewa player kalian buat,Netral
terkadang monton kasi lawan tidak imbang coba ajar apk belah walaupun baru apk nya dia sesuai pilih lawan team bukan dar main semua main senang bukan main team salah coba ajar apk hok ada beda jauh antara monton,Netral
sering masalah jaring bikin satu tim semua ngeleg afk gaada lindung bintang itu parah patah gajelas padahal gaada apa apa dapet tim ga imbang game anj emng,Netral
tiap maen ketemu tim bot semua apa yg salah akun dulu ga ginih semnjak uninstal trus dwnload lg ko jdi ginih mau rank mau clasik isi bot semua yg bnener lah kalau ngatur game makin sih kecewa trus sering leg,Negatif
moonton gj pas main momen tiba ngelag trus mati anjir trus pas main musuh yg ga ngotak semua ga sesuai jir ini terus jadi gw udh bosen liat nya bintang ga pernah nambah kaya paksa turun ke legend pliss lah musuh yg sesuai skill player,Negatif
main sinyal nya merah mulu padahal jaring nya bagus bagus aja kalo buka game online benerin recomend didownload kenapa ganti season ada update selalu ngeleg tolong dong diperbaikin akan kasih kalo main suka ngeleg padahal ping hijau kalo masalah jaring udah atas kasi,Positif
game sampah masa season baru dapet tim bot tim musuh tanding legend nga masuk akal lansung out nih game otw game komplek udah game belah lebih real ketemu player vs player,Netral
alam main sangat buruk selalu pasang tim tidak tahu cara main counter mengcounter rank aaya turun drastris moonton baik sistem pasang tim solo pasang tim bisa tau counter item hero draft pik,Netral
monton klo mau upbdet banget sistem nya baik sering ngestak lnding scrin kaga cmn naik padahl paki data hp udah bagus chipset nya yah jadi sering kalah terus ggr ssitm lu,Positif
woi montot hero benendeta pasif nya ngbug anying baik lah hero favorit gw malah banyak bug nya selesai update bulan mana ulti lelet keburu kena cc hero musuh dah pasif macet macet baik lah anying,Netral
game sampah uinstall aja gak adil player solo banyak main suka troll bot sama sekali bikin asik game malah makin pusing main nya ibaratanya vs bukan tim lebih sortir matching nya cape player solo selalu dapet tim bapuk kalau player memang sengaja troll mending ban sekali biar gak banyak bocah sampah,Positif
di fix bug alamat e mail daftar akun moonton sangat menganggu login sangat panik ira akun telah hilang lama lama ngeselin update banyak sekali bug,Negatif
gimana moonton game kok lag hubung server mulu awal main berapa menit ngelag parah aku sempet ngira yang cheat nyata semua main tim sama musuh bilang lag nah terus pas tanding selesai gak lgi lag hubung jaring padahal musik pakai go tube gak lag sama sekali tak kira jaring klok emang jaring musik mati tak cobak liat youtube tiktok aman lancar malah pas masuk ml server nya gak bener ganggu baik moonton,Negatif
gamenya bagus seru tolong jaring benerin masak enak war tiba nge freze makin kesini bener hd cobaklah liat itu tata kelola layer kayak gimana harus bisa jadi pr buat moonton depa update liat kualitas jaring game mobanya tera speed jaring tapi fakta gak di aktifin ama sekali,Netral
gak kasih lawan tu yg imbang gitu bukan yg udah pernah glory kasih kita lawan nya terus kalau hero yg pilih yg sesuai dilane aja kapan mau naik pangkat kalau kasih musuh yg berat terus yg ga tara yg lebih kuat,Netral
hai moonton aku komplain masalah ku bug draft pick bug sangat ganggu padahal dulu mobile legend sangat ringan device aku lama lama malah tambah gajelas pas draft pick ngelag parah banget ga cuma aku temen ku aja yg device nya bagus juga ngalamin lag draft pick sangat menganggu waktu mau ganti item spell emblem nya bahkan sekarang aku jadi takut buat ganti ganti skin lag banget sumpah draftpick,Negatif
benar beberapa kendala jengkel ada teman feed dgn sengaja dirank tetap bikin bintang jatuh trus padahal yg masalah bisa ban hari minggu tidak player itu kemudian masalah jaring server pernah main tiba tiba jaring merah semua player dimatch memang ngelag semua padahal jaring bagus yg yg bikin kesel main lebih menit dan itu yg carry pas afk menit bintang tdk naik,Negatif
kalo game nya sih udah bagus tolong lah kalo ngasih tim padan ama lawan lah gua udah mau minggu legend bintang nya situ situ mulu nih udh usaha sisih kan waktu biar gak tinggal org kerja udah main game an eh bukan naik malah turun aku kasih masuk nih nih kerja kadang mau main game biar rank nya gak tinggal tipa seson di tinggl bentar udh apk gimana liat game sebelaj klo main gak apk min,Positif
pas mau masuk battlefield paling lama sendiri padahal jaring bagus grafik paling rendah hp masih buat main zzz sama hsr pasti game nya masuk paling lama sendiri alas sih jaring stabil padahal mah oke oke aja kalo bug di fix tiap update makin parah,Positif
benerin sistem match nya ga adil bgt cape player lama maen nya mau jago apa klo kasi tim feeder kalah ayo dengerin react player yg ngeluh bukan krna ga jago emg dasar nya sistem match nya ga adil lah dengerin keluh player luar sana game rame gara gara player yg main klo begini trs game ml gaakan laku,Netral
edan sekali game saking edan game bikin otak hampir ledak gara gara game satu sampai stress main pokok game bagus balik yg main player nya ramah ramah sampai banting hp lantai kata kata player nya maaf kalo keti saya ini terlalu fakta,Positif
ga si ngasih tim yang wajar aja kocak tim diri sendiri kaya binatang tim musuh tara pro player mpl stres gila lama lama main game rekomendasi jgn dowload klo mau selamat gila,Netral
kau buat game ngotak laa main random publik ga sesuai sama musuh tim kau kasi spek hewan gabisa kau filter mana bisa main sama dongo ppk mikirin skin cepat mikirin player gada samsek makin aneh ni game,Netral
perlu garis bawah perihal sinyal dibenerin la ton monton banyak komplen game soal sinyal tiba tiba ngelag padahal pink bagus masa ngewar mau savag tiba tiba ngelag eek lah,Negatif
moonton lama lama ngelunjak udahmah suka lag susah duit skin gratis nya sedikit kalo turun season anjir jauh banget turun apalagi di epic waduh buta map semua tim kadang bagus kadang jelek,Negatif
yg main ml hapus aja masa epic bintang gk bsa naik legend naik turun buat kalau mau nyari duit jangan moonton kasih tim yg g bsa main musuhny yg jago apa maksud sangat kecewa player rasa di main sistem moonton bukan cuma saya tapi banyak orang seperti saya kalau mau rating game lu bagus baik dulu sistem jangan buat orang jadi tambah stress hahahah dasar game sampah,Positif
wahhh game sangat buat hari ku berat jadi makin berat matchmaking yg sesuai di temu teman satu tim sangat bo dalam main sangat lelah main game namun game milik efek samping buat player nya jadi candu narkotika sangat mohon baik matchmaking nya temu teman satu tim rank sesuai ntah main solo duo trio atau main squad,Positif
jaring maskin kesini makin ga bener aja moonton padahal wifi bagus jaring data baru beli paket nasih aja ngelek lah bnerin jangan banyak event atuh lama uninstal nih,Positif
agk jlk lawan gak kasih yg tara tim sering kasih dark sistem gak adil bgt banyak yg cheat sinyal kadang gj pahahal tpi maju sendiri di baik y monton,Positif
haduh sangat rugi ganggu sekali main baru ganti season baru main rank lag lag ga jelas sinyal merah padahal jaring lancar baik lah seperti karena sangat buat nyaman main,Negatif
apa monton gua main solo dapet duo tim sama musuh emang duo pas gua main solo biar apa coba biar lihat adil gua saranin solo dapet solo semua jangan yang duo trio udah segitu aja pesan terimakasih,Netral
ml sekarang ngelag banget main merah terus bahkan ga gerak sama sekali awal main kadang gerak pas musuh ga gerak sama sekali awal nya aku kira musuh nya nge cheat taoi nyata emang banyak banget lagi ngelag ga tau karna apa ngelag banget bikin tambah stres,Negatif
sistem gajelas sampah sesuai role apa kalau player tidak main sesuai role kalau fitur belum jelas matang jangan rilis publik server moonton sial sosoan ngikutin fitur hok player main komposisi imbang,Netral
makin kesini kok ml jaring nya makin aneh pdhl pake wifi wifi oke oke aja pake main ml nge lag parah aku coba pake kartu biasa tetep aja jelek gimana harap di baik mengangu sekali bukan teman saya pun sama alami yang sama,Netral
maaf aku kasih bintang satu moo ton turunin kredit skor aku cuma afk menit itu aku lagi dalam gamenya akhir tanding aku bilang afk rang kredit skor pulih kredit skor cuma kali jadi nya di kredit skor mohon ditamba rang main kredit skor,Negatif
jujur entah ahir ahir mobile legends sering lag gak jelas padahal sinyal ku hijau kadang sinyal nya merah padahal aku pake wifi loh pas reset season wah musuh maupun tim ku ngelag semua gak di gerakin dah ahirnya tim ku yg afk juga musuh sama aku gatau masalah server bug bagai jadi baik masalah,Negatif
moonton baik apa bug gimana saat fase drafpick hero stelah team maupun lawan selesai pilih hero masing jadi lag yg sangat menganggu kita bisa anti item atau spel dllsbgainya padahal nya aman ajah,Negatif
game nya bagus kok pas update sora kok ngeleg banget berapa gitu ya moonton benerin tadi pas main ngeleg banget sampai keluar game nya ya moonton benerin terimakasih,Netral
masalah montooon terkadang pas lag kan fitur baru bang bang card sama mau claim kartu nya lag terus pas udah lancar tiba tiba udah katak klaim aku gak tau aku klaim apa itu bug ingin masalah cepat selesai kan,Negatif
bagus tim nya gak adil banyak ngetroll ping nya padahal make wifi lancar lancar aja tiba tiba ping nya jadi terus jadi jalan sendiri kalo ping udah atas,Positif
woy developer klo mau buat event gk update bnerin dlu server lu tlol ada event gk update patch terbru ada aja kendala kyk sinyal sering naik turun sering relog sndri akhir sinyal internet udah bagus pas ingame war malah langsung lag sekali dengerin player lu montod,Netral
sistem game sangat aneh saat tanding dapat tim huni asli badak mengapa misal rank kenapa dengan rank mengapa dengan baik sistem ya beri bintang lima bisa baca,Positif
alam main game adalah season kemarin kemarin kemarin soal masalah gatau tiba tiba gabisa gua gerakin padahal sinyal gua lancar parah aman saja banget nih yak tu player player gua dapatin selalu aneh aneh semua season hingga season sekarang hanya masalah player gua selalu aneh kini lagi masalah baru dapat sistem tiba tiba gerak sendiri padahal sinyal gua hijau digit loh,Negatif
kenapa malah bug baru pas loding tanding jadi lag loding lama banget menit baru masuk tanding alhasil jadi kalah terus kira ngetroll abis update sama aja lama loading tanding mohon cepat baik,Negatif
untuk montoon henti top up makin kesini gamenya makin gak ngotak sistem jaring gak ngotak pas masuk war malah lag lebih kalo sudah di late game sering kena comeback tetap main udah habis banyak temen main tetep kecewa jengkel sama gamenya moga sukses lebih baik sekali aku dah henti top up,Negatif
matchmaking sering gak imbang percuma fitur pilih role tp nunggu jam gilir milih roam langsung detik kemudian gitu selalu tim ngelawak jadi apa guna nih pick roam kalau hero damage dealernya ngelucu,Netral
baik bug player solo mungkin developer udah tahu match making ga imbang sinyalll rusak kali sih full in game rusak patah patah malah satu tim leg semua musuh aman aja lah baik,Negatif
makin parah gamenya teman satu tim imbang update makin gak jelas update lag parah player kena hukum kurang angka ada yg feeder langsung kena sangsi uninstal gamenya main game,Negatif
game rusak masalah jaring pingnya hijau tiba aja jadi lag pas mau kontek turtle lord terus kalau main solo banding selalu kasih team beban kadang nabrak trio jago jago player gak bakal lawan vs musuh boot baik dong jngn player pindah game belah,Negatif
kecewa moba sekarang ngasih musuh team g masuk akal sekali team enak musuh imbang jaring lag sampe skill delay parah koreksi lah min,Negatif
main sering imbang entah tim b d h msuh yg terlalu jago itu sangat rugi sekali akhir akhir paling sering rasa tim b d h pada tim yg main kompak kalo percaya kalian pihak moonton cek sendiri history main saya saya sangat suka main sistem matchmaking nya terlalu setting buruk orang yg main solo duo sekian terimakasih moga baca sama pihak moonton,Negatif
moonton kalah mvp ranked jangan turun bintang kasi kalau udah update kasih bintang game yang paling lekat otak saya jadi susah mau pensi,Netral
tolong kenapa selalu alami kendala koneksi padahal koneksi internet aman ketika main mobile legends ping stabil sangat parah apa game nya,Netral
game rank aja cuman lawan nya susah kalau tim dark system makanya aku kasih bintang satu moonton jelek aku selalu dpt tim dark system mulu tiap naik season selalu download data nya lama bgt pas main clasik nah tinggal persen nah pas selesai main malah kurang jadi persen makanya game lain,Negatif
system nya baik dulu bikin skin banyak masa main ketemu darksystem mulu ama sinyal ngeleg kalo mau rating bagus minimal baik dulu game nya jangan banyakin skin skin nya system nya dulu di baik tidak perlu skin gratis hanya perlu main tim bagus sama sinyal bagus sama loading screen lancar gak stak mulu please moonton,Positif
game rusak baru update season ml rusak parah sinyal gk gerak aku selaluuu ketemu musu yg gk masuk akal tim yg luar nurul tim gw drak sistem semua muntun udah mac kalah mulu aku udah muak ketemu tim yg drak semua muntun baik gem,Negatif
game benar seru mabar jadi bahan gabut belakang saya alami relog terus terus logo mobile legend interface mohon baik relog itu tidak jadi afk,Positif
turut game sangat bagus tampil ui keren skin bagus bohong aku kasih bintang biar ulas letak paling atas benar montoon cuman banyak rilis skin baik tampil ui baik sistem matchmaking please lah betapa buruk sistem matchmaking mobile legends banyak tim ngetrol player gak ramah asik temu player skill nya tara mpl padahal main rank baik sistem matchmaking,Positif
dear moonton game sayang ku tiap aku main beri team aneh kalau musuh nya udah ngerti main team kaya mula kaku ayo jangan pilih kasih gitu bukan maksud nya ngehina yh emang segi game team musuh beda banget team bot musuh jago pakai hero power team kaya main pakai hero gak tolong imbang main nya,Netral
ga tau makin update makin bikin game nya macet macet ngeframe gitu padahal awal download game lancar jaya sangat lancar pokok ga tuh macet macet padahal pakai perangkat yg sama bikin alam main ga seru terus jaring bagus malah lag pas jaring jelek terus chat in game maaf lag kata jaring bagus apa moonton dapet tim ga pernah bener dah kalah mvp mulu jadi malas mau main lah minimal dpt tim yg imbang gitu makin kocak matchx,Negatif
akan reset season telah reset season game selalu error tahu jadi entah bug game sebut dari hp,Negatif
dong ton gamenya benerin kemaren eror mulu padahal jaring bagus malah in game langsung merah pingnya aneh banget kalo bener kasih bintang,Positif
moonton hapus verifikasi nyusahin kalo mau ganti akun jadi gak main game semenjak akun verifikasi karena gak login aku kalo minta kode verifikasi muncul email jadi hapus game tidak main lagi,Negatif
ganti season selalu ngeleg parah buat alam main nyaman banyak player yg singaja main bot yg buat stres emosi,Netral
game tambah stress bikin orang jadi gila banyak lose streak waktu match tengah jam udah gitu selalu tim dark sistem lama lama bikin orang depresi berat bikin sama moonton satu masalah jaring gk jelas mohon baca jangan buat orang jadi stress,Negatif
bagai player sepuh main mobilelegends rilis sekarang sangat kecewa game tiap strategi main adil misal nih main rank solo makin hari makin susah contoh tim isi nya kaya orang gak waras bot tim lawan bagus banget seperti tim padahal mobile legends sudah makin maju fitur bagus kenapa matchmakingnya ubah jadi moonton liat kondisi playernya jangan kikir,Positif
gamenya baguss banget bagus buat hapus pas main seruuu banget asikk beuhh bikin stres monkeyy apa jaring g gendeng gila gak manuk akal gajelas inti jangan lupa download kalo kalian ken stress,Positif
si update baru game tambah berat ayo monton masa iya sekarang hp android udah ga support buat main kadang ngeleg kadang stak ayo pikir orang luar sana nasib kaya kan main cari hibur bukan dapet hibur malah tambah stress pihak monton kecil rate fram nya udah main game sampe skrg tambah berat aja game sekian terimakasih,Negatif
hahahaha game sangat senang main ketemu drak sistem terus jadi rank aku turun turun jadi aku ajak main aja orang drak sistem biar rank ku turun turun sumpah game sangat senang buat ku gila tres,Netral
cuma satu tolong baik isu jaring in game nya serius masa macht pertama bagus ngelag sedikit macth dua langsung beri sinyal full merah satu macth full,Netral
kasih bintang bukan bagus yah ulas paling atas dapat tahu orang jadi masalah nya bagi tim moonton developer nya imbang kan player mu udh effort banget mau main dapat tim dark sistem bisa main lah moonton jangan bikin kecewa player mu udh hampir match ketemu tim ampas semua pemberitahuan baru match ml di main kan moonton di balik layar,Netral
game jelek tiba aja ngeframe ingame pas relog gak langsung ingame mau matching ulang gak,Negatif
monton apa coba baik sistem match nya capek aku kasih dark system sering menang kalah musuh kapan aku naik rank kalo kek gitu males lah main kalo gin baik sistem match nya selalu gak adil,Positif
gacocok mainin game rusak ngasih tim ga masuk akal gajelas terus gausah main ada bikin kalian semua jadi stress cuma gara gara game ga muas game nya isi orang orang gajelas juga banyak bug lag bikin naik darah contoh main sinyal aman kenceng pas war jadi lag padahal sinyal hijau jadi saran kalian gausah mainin game,Negatif
game rusak match making payah ganggu sinyal meski sinyal asli sedang bagus masalah freeze gak kunjung hilang bukan masalah perangkat gw selalu force close masuk match pas masuk beri kabel afk padahal main jauh lebih lama durasi afk payah ni game rusak,Negatif
main game buat ngilangin tres malah nambah tres game setress tiap main solo duo trio sisa dark sistem game rusak,Negatif
makin kesini makin berat game gw sampe reset hp atur pabrik sampe x hapus ulang ml terus terus tetep aja malah nge stuck lobby kagak di pencet pindah pindah sama sekali mungkin emng pindah game kaya nya,Negatif
beri pilih logout akun sulit buat akun baru tidak pilih logout ganti akun coba hapus data uninstall saat instal ulang otomatis login akun sudah ada,Netral
system ml habis season ngeleg padahal sinyal bagus baik hanya saja nyata memang semua nya ngeleg padahal sinyal bagus ini segera di baik terimakasih,Positif
jujur kesel banget bikin emosi dua jadi terus pertama mau ngepost album foto sama sekali bisa coba game malah balik loading screen mobile legends kayak login ulang sendiri kalau begitu malah keluar balik lobby mobile legends kemarin coba kali kali sekarang sama aja dua pas main sering masalah fokus war tiba tiba ngelag freeze padahal koneksi lancar ini jelas ganggu gameplay bikin,Negatif
dear monton game lu udah bagus servernya baik masalah jaring tempat gw lancar kok di in game pingnya merah gimana dong mau main masa main emosi terus,Positif
aneh dulu masalah game cuma sistem matchmaking yg ga adil tim beri tidak jago bot rata tim itu pick hero miya vexana ga main cuma jalan terus mati aneh nya tim musuh kasih jago tim bot main duo sama teman tapi tim ga guna sama sekali mereka gabisa main kill bagaimana gimana mau nyiptain game yg ramah lingkung kalo game nya aja ga beneran matchmaking nya,Netral
tiap akhir seson lostrek gua udah glory bintang dikit imortal malah lostrek bintang gua sih suka game nya gua kagak suka sistem nya baik sistem nya,Positif
game nya bagus tolong musuh nya suka benteng jadi kesel sama darah nya suka cepet abis padahal udah pake hero bagus sama lihat kuat,Positif
monton ku saran kalo main laku langgar di hukum berat soal aku kalah gara gara yang afk merka laku troll nah otomatis jadi kalah nah gua ngalamin gua los trek moga monton jadi lebih bagus,Positif
baik sistem aman akun w kehack orang sampe sekarang gabisa balik udah nyoba account center lu moonton malah nyusahin jadi makin susah dapet informasi mending benerin tu sistem aman bisa akun udah dikaitin malah gampang ubah pake apl asing gilir mau w pulihin malah gagal terus coba deteksi bener,Positif
game banyak bug mau end base musuh selalu ngelag tiba padahal jaring bagus full hadeh kali benerin deh ga cuman ada bug gabisa tap pas habis tanding hadeh game makin kesini makin kesana game dongo,Negatif
game ngeleg mlu heran udah mah kasi dark system trus gk ad kasi am player baik dong pihak monton baik system jaring nya jangan dikit dikit ngestuck trus tiba tiba jalan tembok arah turet musuh trus sama di baik system pilih tim jangan di kasi nya orang gabisa maen trus capek klo gtu playernya hibur enggak stres iya baik semua pihak monton semua player nikmat main baik senang sekian terimakasih gtu aj dh,Positif
jujur jadi kecewa akhir akhir jaring jadi jelek main rank wajar masalah jaring untung pihak lawan padahal asal pingnya normal tiba ngeleg aprah baik di masalah jaring coba pake jaring wifi seluler sama,Negatif
gamenya bagus benci main solo rank dapat tim yang suka ngetrol hanya penting diri sendiri mau kontribusi tim nya alami lose streak kalah trus terus usaha sabar sabar saya sudah habis,Positif
jaring benerin napa gw maen hok pubg aja ga parah lagnya lain aja masalahin jaring tambah tim ga imbang gilir di report ga kena kalo kek gin terus makin sepi ga bakal heran gw tutup aja ga heran deh,Negatif
yah kali main solo rank lose streak terus kalau dapet tim dark sistem udah lah tim gue sama tim musuh gk tara tim musuh pada jago jago semua udah lah gue gendong mati mati ujung ujung kalah saya harap moonton menyeimbangka musuh tim nya harap kurang player dark sistem,Netral
main tim bot trs kalah mulu rank jadi males main nya ga adil rasa baru naik dah di turunin bintang monton tolong masa dapat tim kayak gitu mulu jadi capek mau main beda sama tim lawan hebat semua lah dpt tim hyper indomaret mm ga exp mati terus capek lh weii rasa mohon dong min tim ny tara capek loh naikin rank susah payah malah turun mulu ketemu musuh duo squad trio kadang ber sedangakn tim ku tu solo smua,Negatif
sama game rusak utama bagi loading per aksi ganti akun aja sulit suruh cek gmail buat kode pas cek gak kirim kode pas balik game malah ngulang masukin email sandi trus buffering padahal sinyal lancar bego bet dah sistem nya kadang malah suruh nunggu menit padahal salah lu nya moonton di klik malah gak keluar pop up nya maksdnya gimana moonton bego bet dah,Negatif
game rusak sih gw reset manajemen konten karna bug data mobile legend nah butuh jam buat selesain data abis selesai login nah malah gamenya rusak ga masuk stuck logo mobile legend bang bang klo ya udah ganti bahasa gamau ganti hero ga loading cuman gambar doang d ga mau muncul coba tes custom suara hero ga suara skillnya ga paling cuman suara turet nyerang ga notif kill udah gitu doang baik moonton game mu,Negatif
game nya bagus banyak skin gratis udah oke si ada kurang masa jaring hp bagus game ngelag parah merah ujung ujung nya tinggal level gold bug nya banyak banget terkadang pas main keluar tiba tiba suara tiba tiba kaya suara on mic apa darksystem hapus aja masa mau mythic tiba tiba turun samapai epic legend kan gak enak makasih uda ngasih banyak skin gratis moga di baca di baik,Netral
banget moonton hayabusa nerf nya terlalu lebih banget soal bagai player hayabusa sulit shadow nya yg terlalu pendek buat haya gampang ter pick off musuh susah buat kabur jadi kalo di balikin kaya mula jangan shadow skil nya yg buat ciri khas hayabusa jadi hilang and jelek nya cara main nya jadi lebih sulit di dengar sekian terimakasih,Negatif
buat palyer mau coba mending ga usah main buat mau coba penanganana player toxic nya najis bgt hukum ga bikin jera plyer toxic main enak lingkung game nya ga banget sibuk colab doank payer toxic tebar bikin males main belum bicara soal jaring mending roblox aja klo udah ga kepalang top up mau pensi sih gua sayang uang yg udh dikeluarin jadi skin,Netral
game ampas nemu tim kaya mnyt mulu lu niat bikin game imbang vs vs ngotak dikit kalo nemuin tim tuh niat mau ngilangin stres malah tambah stres sytem nya imbangin lah kalo mau temen noob musuh minimal sama jangan malah berat belah udah main lama lama kirain bakal ubah system nya,Netral
tambah parah lag nya tambah banyak bug nya event muncul terus ga baik lag bug malah tambah parah,Negatif
sistem report busuk teman satu tim laku feed sengaja saat lapor deteksi buat sistem report deteksi feed sengaja lebih baik tara honor of kings maaf bukan singgung hanya beri saran karena saja player jadi malas main kalau temu player troll,Positif
main selalu aja buat menang kalok game pertama habis lanjut main kalah baru menang kalah terus nya game buat seru bukan buat emosi habis musuh kasih kawan yng jago gilir kasih kawan yng trol sengaja kalah capek pus mmr hero favorit buat ml kalah terus mana sih kata game nya populer tapi kok buat yng main kalah terus game atau apa,Negatif
dari tadi mau maen susah masuk menghubungka terus padahal in game tiba ngelag ngk masuk ngk ngpa in kalau sinyal jelek oke lah buka apa aja gilir maen kayak gin,Negatif
game apa lag lag kan padahal gk lag udah tau jaring gw bagus padahal klo main game sosmed lancar lah game malah kek gk kuota gk gerak gw bacotin player game yang sangat gk ramah pas gw lag apa klo ini udah peebaiki ku ganti ulasanya sama bintang nya,Negatif
mending gak usah main mobile legends lgi dark sistemterus kalah terus aneh nya aku menang padahal duluan aku menang malah menang mobile legends sekarang gak ramah banyak yang toxic semua udah bug terus main main nya curang curang baru menit lima udah full build aneh aneh main nya darah kebal kebal padahal cuma build doang udh kebal,Negatif
sybau for this game they give us a plotwist hayagura is the real couple not hayabi tidak ubah cerita saja dulu kamu sangat kecewa timbang ini sngat aneh dengan sinyal baik,Netral
mobile lezend kok makin kesini makin sini banyak draksistem lag bug sinyal tiba tiba ilang padahal jaring ijo aneh di baik monton,Negatif
sistem matchmaking baru sering rata bahkan buruk meski pilih role ingin mulai main moga cepat baik sistem,Netral
game rusak udah cari macth making asal asal sama tulis rank lindung bintang pas kalah malah ada lindung udah sih gak usah mainin,Negatif
moonton gua udah mau nang ngeliat sinyal war langsung ga nyerang cuman lihatin musuh terus gebukin mati baik lah moonton gua streeees cuman game yang bikin streeees,Positif
game harus senang malah buat frustasi komposisi tim lawan padan tim sendiri kurang ahli lawan sangat ahli sering kalah tidak kata menang game,Netral
kalo main pake wifi hijau ga gerak hero terus kalo nonton yt lancar aja wifinya gilir main ml ngeleg parah padahal wifi hijau ping juga ms kalo begini terus bagaimana enak main moga cepat baik gamenya,Positif
gak bosan ngasih tim gak main sumpah capek main sama anomali saran gw mending player ngetroll ngefeed kena hukum akun ban hari gitu biar gak ngefeed mau main cl bosen main rank ketemu anomali capek gw ls sampe hampir balik legend gak main role bahkan sendiri gak paham player rata maksa role gak kalo gak main role kan bisa blajar cl kalo gak practice buat nguasain hero tidak buat nguasain hero,Netral
gemnya bintang karna gemnya suka ngeleg sering ngebug lalu mechmeking nya suka lama kasih tim gak imbang sering kalah lostrek kali trs wr nya turun terus layer suka ngatain suka toxic please montun baik sistem gw dah capek lostrek terus monton pls benerin siatemnya biar imbang gak ngelag ngeleg,Positif
gamenya seru sebenernya cuma makin kesini makin aneh player playernya tiap main solo ketemu trio bot dulu sistem gtu gtu mulu makin lama main makin ancur kasih tim,Netral
woy moonton logika dikit lah masa gw anggep afk padahal sinyal gw yg error bikin khusus sinyal rendah gitu jangan anggap afk sebenernya gw suka aja main cuma yg go gw suka pas posisi sinyal gw drop malah anggep afk tolong paham yg tiba tiba sinyal jelek,Negatif
geme nya bagus seru sekarang banyak bug tidak main mode brawel tidak animasi pakai hero,Netral
matchking imbang berat belah mana sering ketemu team dark system musuh banyak winstreak rekomendasi anda main solo player game,Netral
apa banyak bug gajelas padahal hp gua storage byk spek nya jg bgs hp adek gua yg udah burik aja ga bug kek gitu bug nya tuh kaya game nya ga work ga respond masuk lobby gabisa undang jg gbs inti gbs ngapa ngapain gua udah coba uninstall trs download lg lebih kali jg tetep gitu gitu aja gaada maju ni game kirain bakal lag bug pas awal season doang tau sampe skrg jg masih bug ngeselin benerin nih game lo pas match suka ngefreeze sndri,Negatif
geme buat ku sepi tani aku gabut download sekarang ml kualitas bagus menbikin karaktet sanggat bagus banyak sekin bagus antara sebab lelaki yg tentu ciri khas telah partisipasi kontes juga milik tubuh manusia suka sama orang tak pernah nak pika oke download sekarang ml mob l gen,Positif
we moonton game ku dah bagus cuma cumnya ni kitin grafik kitin arau bilang standar soal buat gw hp kentang player ledak jir main apa kalo ada update,Netral
kurang nya stabilitas antar match tim musuh tim dapat rank rendah musuh dapat rank yg lebih tinggi baik muntun udah lama kayak gin saat draft pick nge frame padahal pas in game biasa aja,Netral
woi montoon mobile legend pas bagi loading screen stuck terus tulis koneksi putus padahal jaring bagus in game update belum gapernah kayak gitu malah update belum bagi draft pick ngebug ngelag patah patah fix dong montoon kalo gitu terus males main plis baca,Negatif
moonton gimana sih lah jangan kasih gua kalah mulu tim beban musuh jago apa apa bosen kasih kalah mulu mending gue hapus kalau begini terus main tim jelek kalo win bagus sekali kalah kasih kalah mulu mending jangan instal bikin emosi aja yg,Netral
dah lah capek main game padahal udah pake wifi nge lag emang gak niat banget baik pas main biru coba udah main jaring nya parah gimana mau konsentrasi kalau jaring gak stabil tau gitu hapus ajha ni game,Negatif
game sangat buruk beri lawan yg tara sangat layak download karna buat mu gila selalu kasih lawan yg gk ngotak pas turun season tim kadang main nya kek bot pas main brawl aja menang pas rank langsung kalah karna musuh yg tara sesal mendownload game untuk kalian yg download hapus aja dar ingat,Negatif
habis update alami lag parah game lag sekali alami bukan saja tim juga alami lag game tim lag semua padahal main solo menang gembira rapi kalau kalah rasa suasana hati baik padahal gendong tim tapi ujung kalah harus seperti beri lindung bintang tidak adil cape main kalah karena ada tim salah hapus game karena itu,Negatif
game bikin kamu gila mending jangan download main jam siang sampe jam subuh turun bintang win lose mulu draf pick atur menang sekali kalah kali pokok game ga beres mohon baik juga capek main,Positif
dong server nya benerin masa iya ping game hijau lancar ada lag makin lama makin jelek server nyaa,Negatif
beres update langsung ngelag jir ping merah patah patah padahal sinyal bagus pake wifi pas cek nonton yt bagus pake main ml lag kayak servernya masalah dehh baik cepat,Netral
imbang match sering banget ga sesuai suka dapet tim suka troll dark system feeder musuh joki mabar sering lag ping tinggi sinyal ga stabil padahal sinyal normal udah pakai wifi sama aja koneksi error,Netral
main solo ketemu tim dark sistem mulu musuh nya jago lah min kasih tim bagus buat player solo tara lah sama musuh ya min udah cape banget ber season lose treak mulu kalo solo,Positif
gamenya udah bagus kadang sering ngelag main online padahal sinyal stabil ram memori banyak jadi baik terus bisa tambah atur efek recal battle emot bisa pakai main offline sekian cukup terimakasih,Negatif
mobile legend sekarang makin hari makin aneh gak kayak dulu sekarang sinyal gampang lag main sering patah jadi sekarang hari cuma maen brawal gak main ranked,Negatif
game rusak makin bnyak bug sering ngeleg d dlam game sinyal bgus ms tpi d draf pick sering ngefreze d loading lambat masuk smpe d nyata afk d dlam game sinyal hijau tpi delay sering gerak sndiri walaupun analock sdah d lepasss padahal hp ram gb sdah pada tpi ttap sama aja smua x ngeleg pdahal tiap habis plng kerja mw main have fun aja buat ngilangin capek malahh game x ngeleg ngebug cma rugi waktu aja apalaahhh engkau ni moonton,Negatif
game apa udah banyak bug nya main gaada bener cuma mau asih saran kalau player buat buruk game jangan rang kredit score nya karena buat sangsi nya sama sekali imbang jadi mohon player buat buruk hukum adil adil,Negatif
moonton nih game seluruh bagus cumaaa pilih rekan tim sering sekali imbang kah filter pilih sesuai rate average history masing masing player imbang dapet rekan tim untuk naik level ikut aja sangat sulit sering dapat rekan yg imbang lawan yg rata rata bagus game yg hibur malah uras emosi,Positif
ga sih kalo awal season sinyal gak ngelaggg jadi males main gua kalo tiap reset season ngelag gua tanyaaa gua mau main cokkk awal season n lama lama males gua ni game lah baik,Negatif
game sangat bagus banyak alam yg sayadapat sering ketemu tim tolol oke gk masalah karna orang milik hari bagus ny game beri alam bagu ajar buat strategi buat ajar kompak trimakasih buat game yaa,Positif
game aneh bukan gara gara aku poke aku jago machnya gak imbang dapet musuh jago terus tim tolol menang kalah mending game belah lebih baik bahkan aku teman lebih milih game belah,Positif
suka ngebug padahal jaring bagus tetap aja ngeleg suka jalan sendiri terus gk jalan padahal wifi baru jaring nya bagus selalu gk main rank,Positif
moontonn benar masalah lapor afk jadi aku main match rank draft pick sempat ban pilih hero itu ditelfon nyata telfonnya gak penting cuman sebentar karena hp ku burik jadi masuk ml malah suruh login login nya lama situ sempat afk beberapa menit menit masuk match aku main biasa end end aku hitung afk padahal aku main biasa,Netral
game rajelas ga pantes play store sama sekali ngak ngehibur spin ga dapet yg bagus emang gajelas maen rank kasih temen yg bot gak maen mesti tim musuh lawan nya pro player joki lha di tim sendiri orang gabisa maen semua drak sistem banyak yg ngetroll emang game gajelas hadeh kasih tim yg gak padan game macam apa mending hapus ae mohon baik keluh kait alam ada main game mobile legends yg gajelas,Positif
game sangat buat orang happy game buat manusia apa binatang sih gakjelas banget sistem gilir mau naikin rank malah ketemu tim ampas sekali musuh jago draft pick game sangat imbang apa mau naik rank udah pasti tim ada waras utama akun punya server lama matchnya susah banget padahal ranknya rendah,Netral
game lu noh benerin mythic turun legend cuma gara team gak tau kapan maju selalu salah posisi kalau kalah kali lah ini lebih itu dah lebih kira gw gk capek apa atas tengah terus bawah buat clear lane terus ngomongin team buat benerin posisi benerin dulu nih game biar player betah,Netral
bug download data animasi tampil skin walaupun udah pencet hapus batal tetap aja terus didownload padahal resources yang perlu ku download,Negatif
udah ganti jaring pas awal ronde sampe tengah gak masalah nah pas akhir akhir ronde mulai ngedelay jalan hero pencet skill nya delay analog nya gak gerak in malah jalan sendiri hero nya,Netral
awal rilis aman makin kesini makin aneh mulai matching yg ga adil sama sekali game hero tiba tiba gerak sendiri ping ga digerakin kalo gin cara lama pindah game belah kocak lu benerin dulu sistem nya biar player nyaman main,Netral
aku kasih bintang bugnya nyeselin banget udah maju malah mundur admin perbaikin bugnya kalo main sulit satu bug pas mau hindar kalo mau kabur kejar musuh,Negatif
game nya udah bagus kalau cl selalu ketemu sama dark sistem cl sih mending pas rank terus ketemu dark sistem team sendiri rasa kayak ken ngulti orang idup idup anj jadi moonton kalau rank jangan ada dark sistem padahal musuh jago jago sekian terima gaji,Netral
